c2mon,https://github.com/c2mon/c2mon, d80687b119c713dd177a58cf53a997d8cc5ca264,./c2mon-daq/c2mon-daq-core/, DiffTimeDeadbandActivatorTest,testNoActivationOnFirstRecord,test pass, lun 8 giu 2020, 19:50:23, CEST,lun 8 giu 2020, 19:50:26, CEST
c2mon,https://github.com/c2mon/c2mon, d80687b119c713dd177a58cf53a997d8cc5ca264,./c2mon-daq/c2mon-daq-core/, DiffTimeDeadbandActivatorTest,testNoActivationOnFirstRecord,test pass, lun 8 giu 2020, 19:50:26, CEST,lun 8 giu 2020, 19:50:29, CEST
c2mon,https://github.com/c2mon/c2mon, d80687b119c713dd177a58cf53a997d8cc5ca264,./c2mon-daq/c2mon-daq-core/, DiffTimeDeadbandActivatorTest,testNoActivationOnFirstRecord,test pass, lun 8 giu 2020, 19:50:29, CEST,lun 8 giu 2020, 19:50:32, CEST
c2mon,https://github.com/c2mon/c2mon, d80687b119c713dd177a58cf53a997d8cc5ca264,./c2mon-daq/c2mon-daq-core/, DiffTimeDeadbandActivatorTest,testNoActivationOnFirstRecord,test pass, lun 8 giu 2020, 19:50:32, CEST,lun 8 giu 2020, 19:50:35, CEST
c2mon,https://github.com/c2mon/c2mon, d80687b119c713dd177a58cf53a997d8cc5ca264,./c2mon-daq/c2mon-daq-core/, DiffTimeDeadbandActivatorTest,testNoActivationOnFirstRecord,test pass, lun 8 giu 2020, 19:50:35, CEST,lun 8 giu 2020, 19:50:38, CEST
c2mon,https://github.com/c2mon/c2mon, d80687b119c713dd177a58cf53a997d8cc5ca264,./c2mon-daq/c2mon-daq-core/, DiffTimeDeadbandActivatorTest,testNoActivationOnFirstRecord,test pass, lun 8 giu 2020, 19:50:38, CEST,lun 8 giu 2020, 19:50:41, CEST
c2mon,https://github.com/c2mon/c2mon, d80687b119c713dd177a58cf53a997d8cc5ca264,./c2mon-daq/c2mon-daq-core/, DiffTimeDeadbandActivatorTest,testNoActivationOnFirstRecord,test pass, lun 8 giu 2020, 19:50:41, CEST,lun 8 giu 2020, 19:50:44, CEST
c2mon,https://github.com/c2mon/c2mon, d80687b119c713dd177a58cf53a997d8cc5ca264,./c2mon-daq/c2mon-daq-core/, DiffTimeDeadbandActivatorTest,testNoActivationOnFirstRecord,test pass, lun 8 giu 2020, 19:50:44, CEST,lun 8 giu 2020, 19:50:47, CEST
c2mon,https://github.com/c2mon/c2mon, d80687b119c713dd177a58cf53a997d8cc5ca264,./c2mon-daq/c2mon-daq-core/, DiffTimeDeadbandActivatorTest,testNoActivationOnFirstRecord,test pass, lun 8 giu 2020, 19:50:47, CEST,lun 8 giu 2020, 19:50:50, CEST
c2mon,https://github.com/c2mon/c2mon, d80687b119c713dd177a58cf53a997d8cc5ca264,./c2mon-daq/c2mon-daq-core/, DiffTimeDeadbandActivatorTest,testNoActivationOnFirstRecord,test pass, lun 8 giu 2020, 19:50:50, CEST,lun 8 giu 2020, 19:50:53, CEST
c2mon,https://github.com/c2mon/c2mon, d80687b119c713dd177a58cf53a997d8cc5ca264,./c2mon-daq/c2mon-daq-core/, DiffTimeDeadbandActivatorTest,testNoActivationOnFirstRecord,test pass, lun 8 giu 2020, 19:50:53, CEST,lun 8 giu 2020, 19:50:56, CEST
c2mon,https://github.com/c2mon/c2mon, d80687b119c713dd177a58cf53a997d8cc5ca264,./c2mon-daq/c2mon-daq-core/, DiffTimeDeadbandActivatorTest,testNoActivationOnFirstRecord,test pass, lun 8 giu 2020, 19:50:56, CEST,lun 8 giu 2020, 19:50:59, CEST
c2mon,https://github.com/c2mon/c2mon, d80687b119c713dd177a58cf53a997d8cc5ca264,./c2mon-daq/c2mon-daq-core/, DiffTimeDeadbandActivatorTest,testNoActivationOnFirstRecord,test pass, lun 8 giu 2020, 19:50:59, CEST,lun 8 giu 2020, 19:51:02, CEST
c2mon,https://github.com/c2mon/c2mon, d80687b119c713dd177a58cf53a997d8cc5ca264,./c2mon-daq/c2mon-daq-core/, DiffTimeDeadbandActivatorTest,testNoActivationOnFirstRecord,test pass, lun 8 giu 2020, 19:51:02, CEST,lun 8 giu 2020, 19:51:05, CEST
c2mon,https://github.com/c2mon/c2mon, d80687b119c713dd177a58cf53a997d8cc5ca264,./c2mon-daq/c2mon-daq-core/, DiffTimeDeadbandActivatorTest,testNoActivationOnFirstRecord,test pass, lun 8 giu 2020, 19:51:05, CEST,lun 8 giu 2020, 19:51:07, CEST
c2mon,https://github.com/c2mon/c2mon, d80687b119c713dd177a58cf53a997d8cc5ca264,./c2mon-daq/c2mon-daq-core/, DiffTimeDeadbandActivatorTest,testNoActivationOnFirstRecord,test pass, lun 8 giu 2020, 19:51:07, CEST,lun 8 giu 2020, 19:51:10, CEST
c2mon,https://github.com/c2mon/c2mon, d80687b119c713dd177a58cf53a997d8cc5ca264,./c2mon-daq/c2mon-daq-core/, DiffTimeDeadbandActivatorTest,testNoActivationOnFirstRecord,test pass, lun 8 giu 2020, 19:51:10, CEST,lun 8 giu 2020, 19:51:13, CEST
c2mon,https://github.com/c2mon/c2mon, d80687b119c713dd177a58cf53a997d8cc5ca264,./c2mon-daq/c2mon-daq-core/, DiffTimeDeadbandActivatorTest,testNoActivationOnFirstRecord,test pass, lun 8 giu 2020, 19:51:13, CEST,lun 8 giu 2020, 19:51:16, CEST
c2mon,https://github.com/c2mon/c2mon, d80687b119c713dd177a58cf53a997d8cc5ca264,./c2mon-daq/c2mon-daq-core/, DiffTimeDeadbandActivatorTest,testNoActivationOnFirstRecord,test pass, lun 8 giu 2020, 19:51:16, CEST,lun 8 giu 2020, 19:51:19, CEST
c2mon,https://github.com/c2mon/c2mon, d80687b119c713dd177a58cf53a997d8cc5ca264,./c2mon-daq/c2mon-daq-core/, DiffTimeDeadbandActivatorTest,testNoActivationOnFirstRecord,test pass, lun 8 giu 2020, 19:51:19, CEST,lun 8 giu 2020, 19:51:22, CEST
c2mon,https://github.com/c2mon/c2mon, d80687b119c713dd177a58cf53a997d8cc5ca264,./c2mon-daq/c2mon-daq-core/, DiffTimeDeadbandActivatorTest,testNoActivationOnFirstRecord,test pass, lun 8 giu 2020, 19:51:22, CEST,lun 8 giu 2020, 19:51:25, CEST
c2mon,https://github.com/c2mon/c2mon, d80687b119c713dd177a58cf53a997d8cc5ca264,./c2mon-daq/c2mon-daq-core/, DiffTimeDeadbandActivatorTest,testNoActivationOnFirstRecord,test pass, lun 8 giu 2020, 19:51:25, CEST,lun 8 giu 2020, 19:51:28, CEST
c2mon,https://github.com/c2mon/c2mon, d80687b119c713dd177a58cf53a997d8cc5ca264,./c2mon-daq/c2mon-daq-core/, DiffTimeDeadbandActivatorTest,testNoActivationOnFirstRecord,test pass, lun 8 giu 2020, 19:51:28, CEST,lun 8 giu 2020, 19:51:31, CEST
c2mon,https://github.com/c2mon/c2mon, d80687b119c713dd177a58cf53a997d8cc5ca264,./c2mon-daq/c2mon-daq-core/, DiffTimeDeadbandActivatorTest,testNoActivationOnFirstRecord,test pass, lun 8 giu 2020, 19:51:31, CEST,lun 8 giu 2020, 19:51:34, CEST
c2mon,https://github.com/c2mon/c2mon, d80687b119c713dd177a58cf53a997d8cc5ca264,./c2mon-daq/c2mon-daq-core/, DiffTimeDeadbandActivatorTest,testNoActivationOnFirstRecord,test pass, lun 8 giu 2020, 19:51:34, CEST,lun 8 giu 2020, 19:51:37, CEST
c2mon,https://github.com/c2mon/c2mon, d80687b119c713dd177a58cf53a997d8cc5ca264,./c2mon-daq/c2mon-daq-core/, DiffTimeDeadbandActivatorTest,testNoActivationOnFirstRecord,test pass, lun 8 giu 2020, 19:51:37, CEST,lun 8 giu 2020, 19:51:40, CEST
c2mon,https://github.com/c2mon/c2mon, d80687b119c713dd177a58cf53a997d8cc5ca264,./c2mon-daq/c2mon-daq-core/, DiffTimeDeadbandActivatorTest,testNoActivationOnFirstRecord,test pass, lun 8 giu 2020, 19:51:40, CEST,lun 8 giu 2020, 19:51:43, CEST
c2mon,https://github.com/c2mon/c2mon, d80687b119c713dd177a58cf53a997d8cc5ca264,./c2mon-daq/c2mon-daq-core/, DiffTimeDeadbandActivatorTest,testNoActivationOnFirstRecord,test pass, lun 8 giu 2020, 19:51:43, CEST,lun 8 giu 2020, 19:51:46, CEST
c2mon,https://github.com/c2mon/c2mon, d80687b119c713dd177a58cf53a997d8cc5ca264,./c2mon-daq/c2mon-daq-core/, DiffTimeDeadbandActivatorTest,testNoActivationOnFirstRecord,test pass, lun 8 giu 2020, 19:51:46, CEST,lun 8 giu 2020, 19:51:49, CEST
c2mon,https://github.com/c2mon/c2mon, d80687b119c713dd177a58cf53a997d8cc5ca264,./c2mon-daq/c2mon-daq-core/, DiffTimeDeadbandActivatorTest,testNoActivationOnFirstRecord,test pass, lun 8 giu 2020, 19:51:49, CEST,lun 8 giu 2020, 19:51:52, CEST
c2mon,https://github.com/c2mon/c2mon, d80687b119c713dd177a58cf53a997d8cc5ca264,./c2mon-daq/c2mon-daq-core/, DiffTimeDeadbandActivatorTest,testNoActivationOnFirstRecord,test pass, lun 8 giu 2020, 19:51:52, CEST,lun 8 giu 2020, 19:51:55, CEST
c2mon,https://github.com/c2mon/c2mon, d80687b119c713dd177a58cf53a997d8cc5ca264,./c2mon-daq/c2mon-daq-core/, DiffTimeDeadbandActivatorTest,testNoActivationOnFirstRecord,test pass, lun 8 giu 2020, 19:51:55, CEST,lun 8 giu 2020, 19:51:58, CEST
c2mon,https://github.com/c2mon/c2mon, d80687b119c713dd177a58cf53a997d8cc5ca264,./c2mon-daq/c2mon-daq-core/, DiffTimeDeadbandActivatorTest,testNoActivationOnFirstRecord,test pass, lun 8 giu 2020, 19:51:58, CEST,lun 8 giu 2020, 19:52:01, CEST
c2mon,https://github.com/c2mon/c2mon, d80687b119c713dd177a58cf53a997d8cc5ca264,./c2mon-daq/c2mon-daq-core/, DiffTimeDeadbandActivatorTest,testNoActivationOnFirstRecord,test pass, lun 8 giu 2020, 19:52:01, CEST,lun 8 giu 2020, 19:52:04, CEST
c2mon,https://github.com/c2mon/c2mon, d80687b119c713dd177a58cf53a997d8cc5ca264,./c2mon-daq/c2mon-daq-core/, DiffTimeDeadbandActivatorTest,testNoActivationOnFirstRecord,test pass, lun 8 giu 2020, 19:52:04, CEST,lun 8 giu 2020, 19:52:07, CEST
c2mon,https://github.com/c2mon/c2mon, d80687b119c713dd177a58cf53a997d8cc5ca264,./c2mon-daq/c2mon-daq-core/, DiffTimeDeadbandActivatorTest,testNoActivationOnFirstRecord,test pass, lun 8 giu 2020, 19:52:07, CEST,lun 8 giu 2020, 19:52:10, CEST
c2mon,https://github.com/c2mon/c2mon, d80687b119c713dd177a58cf53a997d8cc5ca264,./c2mon-daq/c2mon-daq-core/, DiffTimeDeadbandActivatorTest,testNoActivationOnFirstRecord,test pass, lun 8 giu 2020, 19:52:10, CEST,lun 8 giu 2020, 19:52:13, CEST
c2mon,https://github.com/c2mon/c2mon, d80687b119c713dd177a58cf53a997d8cc5ca264,./c2mon-daq/c2mon-daq-core/, DiffTimeDeadbandActivatorTest,testNoActivationOnFirstRecord,test pass, lun 8 giu 2020, 19:52:13, CEST,lun 8 giu 2020, 19:52:16, CEST
c2mon,https://github.com/c2mon/c2mon, d80687b119c713dd177a58cf53a997d8cc5ca264,./c2mon-daq/c2mon-daq-core/, DiffTimeDeadbandActivatorTest,testNoActivationOnFirstRecord,test pass, lun 8 giu 2020, 19:52:16, CEST,lun 8 giu 2020, 19:52:19, CEST
c2mon,https://github.com/c2mon/c2mon, d80687b119c713dd177a58cf53a997d8cc5ca264,./c2mon-daq/c2mon-daq-core/, DiffTimeDeadbandActivatorTest,testNoActivationOnFirstRecord,test pass, lun 8 giu 2020, 19:52:19, CEST,lun 8 giu 2020, 19:52:22, CEST
c2mon,https://github.com/c2mon/c2mon, d80687b119c713dd177a58cf53a997d8cc5ca264,./c2mon-daq/c2mon-daq-core/, DiffTimeDeadbandActivatorTest,testNoActivationOnFirstRecord,test pass, lun 8 giu 2020, 19:52:22, CEST,lun 8 giu 2020, 19:52:25, CEST
c2mon,https://github.com/c2mon/c2mon, d80687b119c713dd177a58cf53a997d8cc5ca264,./c2mon-daq/c2mon-daq-core/, DiffTimeDeadbandActivatorTest,testNoActivationOnFirstRecord,test pass, lun 8 giu 2020, 19:52:25, CEST,lun 8 giu 2020, 19:52:28, CEST
c2mon,https://github.com/c2mon/c2mon, d80687b119c713dd177a58cf53a997d8cc5ca264,./c2mon-daq/c2mon-daq-core/, DiffTimeDeadbandActivatorTest,testNoActivationOnFirstRecord,test pass, lun 8 giu 2020, 19:52:28, CEST,lun 8 giu 2020, 19:52:31, CEST
c2mon,https://github.com/c2mon/c2mon, d80687b119c713dd177a58cf53a997d8cc5ca264,./c2mon-daq/c2mon-daq-core/, DiffTimeDeadbandActivatorTest,testNoActivationOnFirstRecord,test pass, lun 8 giu 2020, 19:52:31, CEST,lun 8 giu 2020, 19:52:34, CEST
c2mon,https://github.com/c2mon/c2mon, d80687b119c713dd177a58cf53a997d8cc5ca264,./c2mon-daq/c2mon-daq-core/, DiffTimeDeadbandActivatorTest,testNoActivationOnFirstRecord,test pass, lun 8 giu 2020, 19:52:34, CEST,lun 8 giu 2020, 19:52:37, CEST
c2mon,https://github.com/c2mon/c2mon, d80687b119c713dd177a58cf53a997d8cc5ca264,./c2mon-daq/c2mon-daq-core/, DiffTimeDeadbandActivatorTest,testNoActivationOnFirstRecord,test pass, lun 8 giu 2020, 19:52:37, CEST,lun 8 giu 2020, 19:52:40, CEST
c2mon,https://github.com/c2mon/c2mon, d80687b119c713dd177a58cf53a997d8cc5ca264,./c2mon-daq/c2mon-daq-core/, DiffTimeDeadbandActivatorTest,testNoActivationOnFirstRecord,test pass, lun 8 giu 2020, 19:52:40, CEST,lun 8 giu 2020, 19:52:43, CEST
c2mon,https://github.com/c2mon/c2mon, d80687b119c713dd177a58cf53a997d8cc5ca264,./c2mon-daq/c2mon-daq-core/, DiffTimeDeadbandActivatorTest,testNoActivationOnFirstRecord,test pass, lun 8 giu 2020, 19:52:43, CEST,lun 8 giu 2020, 19:52:46, CEST
c2mon,https://github.com/c2mon/c2mon, d80687b119c713dd177a58cf53a997d8cc5ca264,./c2mon-daq/c2mon-daq-core/, DiffTimeDeadbandActivatorTest,testNoActivationOnFirstRecord,test pass, lun 8 giu 2020, 19:52:46, CEST,lun 8 giu 2020, 19:52:49, CEST
c2mon,https://github.com/c2mon/c2mon, d80687b119c713dd177a58cf53a997d8cc5ca264,./c2mon-daq/c2mon-daq-core/, DiffTimeDeadbandActivatorTest,testNoActivationOnFirstRecord,test pass, lun 8 giu 2020, 19:52:49, CEST,lun 8 giu 2020, 19:52:52, CEST
c2mon,https://github.com/c2mon/c2mon, d80687b119c713dd177a58cf53a997d8cc5ca264,./c2mon-daq/c2mon-daq-core/, DiffTimeDeadbandActivatorTest,testNoActivationOnFirstRecord,test pass, lun 8 giu 2020, 19:52:52, CEST,lun 8 giu 2020, 19:52:55, CEST
c2mon,https://github.com/c2mon/c2mon, d80687b119c713dd177a58cf53a997d8cc5ca264,./c2mon-daq/c2mon-daq-core/, DiffTimeDeadbandActivatorTest,testNoActivationOnFirstRecord,test pass, lun 8 giu 2020, 19:52:55, CEST,lun 8 giu 2020, 19:52:58, CEST
c2mon,https://github.com/c2mon/c2mon, d80687b119c713dd177a58cf53a997d8cc5ca264,./c2mon-daq/c2mon-daq-core/, DiffTimeDeadbandActivatorTest,testNoActivationOnFirstRecord,test pass, lun 8 giu 2020, 19:52:58, CEST,lun 8 giu 2020, 19:53:01, CEST
c2mon,https://github.com/c2mon/c2mon, d80687b119c713dd177a58cf53a997d8cc5ca264,./c2mon-daq/c2mon-daq-core/, DiffTimeDeadbandActivatorTest,testNoActivationOnFirstRecord,test pass, lun 8 giu 2020, 19:53:01, CEST,lun 8 giu 2020, 19:53:04, CEST
c2mon,https://github.com/c2mon/c2mon, d80687b119c713dd177a58cf53a997d8cc5ca264,./c2mon-daq/c2mon-daq-core/, DiffTimeDeadbandActivatorTest,testNoActivationOnFirstRecord,test pass, lun 8 giu 2020, 19:53:04, CEST,lun 8 giu 2020, 19:53:07, CEST
c2mon,https://github.com/c2mon/c2mon, d80687b119c713dd177a58cf53a997d8cc5ca264,./c2mon-daq/c2mon-daq-core/, DiffTimeDeadbandActivatorTest,testNoActivationOnFirstRecord,test pass, lun 8 giu 2020, 19:53:07, CEST,lun 8 giu 2020, 19:53:10, CEST
c2mon,https://github.com/c2mon/c2mon, d80687b119c713dd177a58cf53a997d8cc5ca264,./c2mon-daq/c2mon-daq-core/, DiffTimeDeadbandActivatorTest,testNoActivationOnFirstRecord,test pass, lun 8 giu 2020, 19:53:10, CEST,lun 8 giu 2020, 19:53:13, CEST
c2mon,https://github.com/c2mon/c2mon, d80687b119c713dd177a58cf53a997d8cc5ca264,./c2mon-daq/c2mon-daq-core/, DiffTimeDeadbandActivatorTest,testNoActivationOnFirstRecord,test pass, lun 8 giu 2020, 19:53:13, CEST,lun 8 giu 2020, 19:53:16, CEST
c2mon,https://github.com/c2mon/c2mon, d80687b119c713dd177a58cf53a997d8cc5ca264,./c2mon-daq/c2mon-daq-core/, DiffTimeDeadbandActivatorTest,testNoActivationOnFirstRecord,test pass, lun 8 giu 2020, 19:53:16, CEST,lun 8 giu 2020, 19:53:19, CEST
c2mon,https://github.com/c2mon/c2mon, d80687b119c713dd177a58cf53a997d8cc5ca264,./c2mon-daq/c2mon-daq-core/, DiffTimeDeadbandActivatorTest,testNoActivationOnFirstRecord,test pass, lun 8 giu 2020, 19:53:19, CEST,lun 8 giu 2020, 19:53:22, CEST
c2mon,https://github.com/c2mon/c2mon, d80687b119c713dd177a58cf53a997d8cc5ca264,./c2mon-daq/c2mon-daq-core/, DiffTimeDeadbandActivatorTest,testNoActivationOnFirstRecord,test pass, lun 8 giu 2020, 19:53:22, CEST,lun 8 giu 2020, 19:53:25, CEST
c2mon,https://github.com/c2mon/c2mon, d80687b119c713dd177a58cf53a997d8cc5ca264,./c2mon-daq/c2mon-daq-core/, DiffTimeDeadbandActivatorTest,testNoActivationOnFirstRecord,test pass, lun 8 giu 2020, 19:53:25, CEST,lun 8 giu 2020, 19:53:28, CEST
c2mon,https://github.com/c2mon/c2mon, d80687b119c713dd177a58cf53a997d8cc5ca264,./c2mon-daq/c2mon-daq-core/, DiffTimeDeadbandActivatorTest,testNoActivationOnFirstRecord,test pass, lun 8 giu 2020, 19:53:28, CEST,lun 8 giu 2020, 19:53:31, CEST
c2mon,https://github.com/c2mon/c2mon, d80687b119c713dd177a58cf53a997d8cc5ca264,./c2mon-daq/c2mon-daq-core/, DiffTimeDeadbandActivatorTest,testNoActivationOnFirstRecord,test pass, lun 8 giu 2020, 19:53:31, CEST,lun 8 giu 2020, 19:53:33, CEST
c2mon,https://github.com/c2mon/c2mon, d80687b119c713dd177a58cf53a997d8cc5ca264,./c2mon-daq/c2mon-daq-core/, DiffTimeDeadbandActivatorTest,testNoActivationOnFirstRecord,test pass, lun 8 giu 2020, 19:53:33, CEST,lun 8 giu 2020, 19:53:36, CEST
c2mon,https://github.com/c2mon/c2mon, d80687b119c713dd177a58cf53a997d8cc5ca264,./c2mon-daq/c2mon-daq-core/, DiffTimeDeadbandActivatorTest,testNoActivationOnFirstRecord,test pass, lun 8 giu 2020, 19:53:36, CEST,lun 8 giu 2020, 19:53:39, CEST
c2mon,https://github.com/c2mon/c2mon, d80687b119c713dd177a58cf53a997d8cc5ca264,./c2mon-daq/c2mon-daq-core/, DiffTimeDeadbandActivatorTest,testNoActivationOnFirstRecord,test pass, lun 8 giu 2020, 19:53:39, CEST,lun 8 giu 2020, 19:53:42, CEST
c2mon,https://github.com/c2mon/c2mon, d80687b119c713dd177a58cf53a997d8cc5ca264,./c2mon-daq/c2mon-daq-core/, DiffTimeDeadbandActivatorTest,testNoActivationOnFirstRecord,test pass, lun 8 giu 2020, 19:53:42, CEST,lun 8 giu 2020, 19:53:45, CEST
c2mon,https://github.com/c2mon/c2mon, d80687b119c713dd177a58cf53a997d8cc5ca264,./c2mon-daq/c2mon-daq-core/, DiffTimeDeadbandActivatorTest,testNoActivationOnFirstRecord,test pass, lun 8 giu 2020, 19:53:45, CEST,lun 8 giu 2020, 19:53:48, CEST
c2mon,https://github.com/c2mon/c2mon, d80687b119c713dd177a58cf53a997d8cc5ca264,./c2mon-daq/c2mon-daq-core/, DiffTimeDeadbandActivatorTest,testNoActivationOnFirstRecord,test pass, lun 8 giu 2020, 19:53:48, CEST,lun 8 giu 2020, 19:53:51, CEST
c2mon,https://github.com/c2mon/c2mon, d80687b119c713dd177a58cf53a997d8cc5ca264,./c2mon-daq/c2mon-daq-core/, DiffTimeDeadbandActivatorTest,testNoActivationOnFirstRecord,test pass, lun 8 giu 2020, 19:53:51, CEST,lun 8 giu 2020, 19:53:54, CEST
c2mon,https://github.com/c2mon/c2mon, d80687b119c713dd177a58cf53a997d8cc5ca264,./c2mon-daq/c2mon-daq-core/, DiffTimeDeadbandActivatorTest,testNoActivationOnFirstRecord,test pass, lun 8 giu 2020, 19:53:54, CEST,lun 8 giu 2020, 19:53:57, CEST
c2mon,https://github.com/c2mon/c2mon, d80687b119c713dd177a58cf53a997d8cc5ca264,./c2mon-daq/c2mon-daq-core/, DiffTimeDeadbandActivatorTest,testNoActivationOnFirstRecord,test pass, lun 8 giu 2020, 19:53:57, CEST,lun 8 giu 2020, 19:54:00, CEST
c2mon,https://github.com/c2mon/c2mon, d80687b119c713dd177a58cf53a997d8cc5ca264,./c2mon-daq/c2mon-daq-core/, DiffTimeDeadbandActivatorTest,testNoActivationOnFirstRecord,test pass, lun 8 giu 2020, 19:54:00, CEST,lun 8 giu 2020, 19:54:02, CEST
c2mon,https://github.com/c2mon/c2mon, d80687b119c713dd177a58cf53a997d8cc5ca264,./c2mon-daq/c2mon-daq-core/, DiffTimeDeadbandActivatorTest,testNoActivationOnFirstRecord,test pass, lun 8 giu 2020, 19:54:02, CEST,lun 8 giu 2020, 19:54:05, CEST
c2mon,https://github.com/c2mon/c2mon, d80687b119c713dd177a58cf53a997d8cc5ca264,./c2mon-daq/c2mon-daq-core/, DiffTimeDeadbandActivatorTest,testNoActivationOnFirstRecord,test pass, lun 8 giu 2020, 19:54:05, CEST,lun 8 giu 2020, 19:54:08, CEST
c2mon,https://github.com/c2mon/c2mon, d80687b119c713dd177a58cf53a997d8cc5ca264,./c2mon-daq/c2mon-daq-core/, DiffTimeDeadbandActivatorTest,testNoActivationOnFirstRecord,test pass, lun 8 giu 2020, 19:54:08, CEST,lun 8 giu 2020, 19:54:11, CEST
c2mon,https://github.com/c2mon/c2mon, d80687b119c713dd177a58cf53a997d8cc5ca264,./c2mon-daq/c2mon-daq-core/, DiffTimeDeadbandActivatorTest,testNoActivationOnFirstRecord,test pass, lun 8 giu 2020, 19:54:11, CEST,lun 8 giu 2020, 19:54:14, CEST
c2mon,https://github.com/c2mon/c2mon, d80687b119c713dd177a58cf53a997d8cc5ca264,./c2mon-daq/c2mon-daq-core/, DiffTimeDeadbandActivatorTest,testNoActivationOnFirstRecord,test pass, lun 8 giu 2020, 19:54:14, CEST,lun 8 giu 2020, 19:54:17, CEST
c2mon,https://github.com/c2mon/c2mon, d80687b119c713dd177a58cf53a997d8cc5ca264,./c2mon-daq/c2mon-daq-core/, DiffTimeDeadbandActivatorTest,testNoActivationOnFirstRecord,test pass, lun 8 giu 2020, 19:54:17, CEST,lun 8 giu 2020, 19:54:20, CEST
c2mon,https://github.com/c2mon/c2mon, d80687b119c713dd177a58cf53a997d8cc5ca264,./c2mon-daq/c2mon-daq-core/, DiffTimeDeadbandActivatorTest,testNoActivationOnFirstRecord,test pass, lun 8 giu 2020, 19:54:20, CEST,lun 8 giu 2020, 19:54:23, CEST
c2mon,https://github.com/c2mon/c2mon, d80687b119c713dd177a58cf53a997d8cc5ca264,./c2mon-daq/c2mon-daq-core/, DiffTimeDeadbandActivatorTest,testNoActivationOnFirstRecord,test pass, lun 8 giu 2020, 19:54:23, CEST,lun 8 giu 2020, 19:54:26, CEST
c2mon,https://github.com/c2mon/c2mon, d80687b119c713dd177a58cf53a997d8cc5ca264,./c2mon-daq/c2mon-daq-core/, DiffTimeDeadbandActivatorTest,testNoActivationOnFirstRecord,test pass, lun 8 giu 2020, 19:54:26, CEST,lun 8 giu 2020, 19:54:29, CEST
c2mon,https://github.com/c2mon/c2mon, d80687b119c713dd177a58cf53a997d8cc5ca264,./c2mon-daq/c2mon-daq-core/, DiffTimeDeadbandActivatorTest,testNoActivationOnFirstRecord,test pass, lun 8 giu 2020, 19:54:29, CEST,lun 8 giu 2020, 19:54:32, CEST
c2mon,https://github.com/c2mon/c2mon, d80687b119c713dd177a58cf53a997d8cc5ca264,./c2mon-daq/c2mon-daq-core/, DiffTimeDeadbandActivatorTest,testNoActivationOnFirstRecord,test pass, lun 8 giu 2020, 19:54:32, CEST,lun 8 giu 2020, 19:54:35, CEST
c2mon,https://github.com/c2mon/c2mon, d80687b119c713dd177a58cf53a997d8cc5ca264,./c2mon-daq/c2mon-daq-core/, DiffTimeDeadbandActivatorTest,testNoActivationOnFirstRecord,test pass, lun 8 giu 2020, 19:54:35, CEST,lun 8 giu 2020, 19:54:38, CEST
c2mon,https://github.com/c2mon/c2mon, d80687b119c713dd177a58cf53a997d8cc5ca264,./c2mon-daq/c2mon-daq-core/, DiffTimeDeadbandActivatorTest,testNoActivationOnFirstRecord,test pass, lun 8 giu 2020, 19:54:38, CEST,lun 8 giu 2020, 19:54:41, CEST
c2mon,https://github.com/c2mon/c2mon, d80687b119c713dd177a58cf53a997d8cc5ca264,./c2mon-daq/c2mon-daq-core/, DiffTimeDeadbandActivatorTest,testNoActivationOnFirstRecord,test pass, lun 8 giu 2020, 19:54:41, CEST,lun 8 giu 2020, 19:54:44, CEST
c2mon,https://github.com/c2mon/c2mon, d80687b119c713dd177a58cf53a997d8cc5ca264,./c2mon-daq/c2mon-daq-core/, DiffTimeDeadbandActivatorTest,testNoActivationOnFirstRecord,test pass, lun 8 giu 2020, 19:54:44, CEST,lun 8 giu 2020, 19:54:47, CEST
c2mon,https://github.com/c2mon/c2mon, d80687b119c713dd177a58cf53a997d8cc5ca264,./c2mon-daq/c2mon-daq-core/, DiffTimeDeadbandActivatorTest,testNoActivationOnFirstRecord,test pass, lun 8 giu 2020, 19:54:47, CEST,lun 8 giu 2020, 19:54:50, CEST
c2mon,https://github.com/c2mon/c2mon, d80687b119c713dd177a58cf53a997d8cc5ca264,./c2mon-daq/c2mon-daq-core/, DiffTimeDeadbandActivatorTest,testNoActivationOnFirstRecord,test pass, lun 8 giu 2020, 19:54:50, CEST,lun 8 giu 2020, 19:54:53, CEST
c2mon,https://github.com/c2mon/c2mon, d80687b119c713dd177a58cf53a997d8cc5ca264,./c2mon-daq/c2mon-daq-core/, DiffTimeDeadbandActivatorTest,testNoActivationOnFirstRecord,test pass, lun 8 giu 2020, 19:54:53, CEST,lun 8 giu 2020, 19:54:55, CEST
c2mon,https://github.com/c2mon/c2mon, d80687b119c713dd177a58cf53a997d8cc5ca264,./c2mon-daq/c2mon-daq-core/, DiffTimeDeadbandActivatorTest,testNoActivationOnFirstRecord,test pass, lun 8 giu 2020, 19:54:55, CEST,lun 8 giu 2020, 19:54:58, CEST
c2mon,https://github.com/c2mon/c2mon, d80687b119c713dd177a58cf53a997d8cc5ca264,./c2mon-daq/c2mon-daq-core/, DiffTimeDeadbandActivatorTest,testNoActivationOnFirstRecord,test pass, lun 8 giu 2020, 19:54:58, CEST,lun 8 giu 2020, 19:55:01, CEST
c2mon,https://github.com/c2mon/c2mon, d80687b119c713dd177a58cf53a997d8cc5ca264,./c2mon-daq/c2mon-daq-core/, DiffTimeDeadbandActivatorTest,testNoActivationOnFirstRecord,test pass, lun 8 giu 2020, 19:55:01, CEST,lun 8 giu 2020, 19:55:04, CEST
c2mon,https://github.com/c2mon/c2mon, d80687b119c713dd177a58cf53a997d8cc5ca264,./c2mon-daq/c2mon-daq-core/, DiffTimeDeadbandActivatorTest,testNoActivationOnFirstRecord,test pass, lun 8 giu 2020, 19:55:04, CEST,lun 8 giu 2020, 19:55:07, CEST
c2mon,https://github.com/c2mon/c2mon, d80687b119c713dd177a58cf53a997d8cc5ca264,./c2mon-daq/c2mon-daq-core/, DiffTimeDeadbandActivatorTest,testNoActivationOnFirstRecord,test pass, lun 8 giu 2020, 19:55:07, CEST,lun 8 giu 2020, 19:55:10, CEST
c2mon,https://github.com/c2mon/c2mon, d80687b119c713dd177a58cf53a997d8cc5ca264,./c2mon-daq/c2mon-daq-core/, DiffTimeDeadbandActivatorTest,testNoActivationOnFirstRecord,test pass, lun 8 giu 2020, 19:55:10, CEST,lun 8 giu 2020, 19:55:13, CEST
c2mon,https://github.com/c2mon/c2mon, d80687b119c713dd177a58cf53a997d8cc5ca264,./c2mon-daq/c2mon-daq-core/, DiffTimeDeadbandActivatorTest,testNoActivationOnFirstRecord,test pass, lun 8 giu 2020, 19:55:13, CEST,lun 8 giu 2020, 19:55:16, CEST
c2mon,https://github.com/c2mon/c2mon, d80687b119c713dd177a58cf53a997d8cc5ca264,./c2mon-daq/c2mon-daq-core/, DiffTimeDeadbandActivatorTest,testNoActivationOnFirstRecord,test pass, lun 8 giu 2020, 19:55:16, CEST,lun 8 giu 2020, 19:55:19, CEST
c2mon,https://github.com/c2mon/c2mon, d80687b119c713dd177a58cf53a997d8cc5ca264,./c2mon-daq/c2mon-daq-core/, DiffTimeDeadbandActivatorTest,testNoActivationOnFirstRecord,test pass, lun 8 giu 2020, 19:55:19, CEST,lun 8 giu 2020, 19:55:22, CEST
c2mon,https://github.com/c2mon/c2mon, d80687b119c713dd177a58cf53a997d8cc5ca264,./c2mon-daq/c2mon-daq-core/, DiffTimeDeadbandActivatorTest,testNoActivationOnFirstRecord,test pass, lun 8 giu 2020, 19:55:22, CEST,lun 8 giu 2020, 19:55:25, CEST
c2mon,https://github.com/c2mon/c2mon, d80687b119c713dd177a58cf53a997d8cc5ca264,./c2mon-daq/c2mon-daq-core/, DiffTimeDeadbandActivatorTest,testNoActivationOnFirstRecord,test pass, lun 8 giu 2020, 19:55:25, CEST,lun 8 giu 2020, 19:55:28, CEST
c2mon,https://github.com/c2mon/c2mon, d80687b119c713dd177a58cf53a997d8cc5ca264,./c2mon-daq/c2mon-daq-core/, DiffTimeDeadbandActivatorTest,testNoActivationOnFirstRecord,test pass, lun 8 giu 2020, 19:55:28, CEST,lun 8 giu 2020, 19:55:31, CEST
c2mon,https://github.com/c2mon/c2mon, d80687b119c713dd177a58cf53a997d8cc5ca264,./c2mon-daq/c2mon-daq-core/, DiffTimeDeadbandActivatorTest,testNoActivationOnFirstRecord,test pass, lun 8 giu 2020, 19:55:31, CEST,lun 8 giu 2020, 19:55:34, CEST
c2mon,https://github.com/c2mon/c2mon, d80687b119c713dd177a58cf53a997d8cc5ca264,./c2mon-daq/c2mon-daq-core/, DiffTimeDeadbandActivatorTest,testNoActivationOnFirstRecord,test pass, lun 8 giu 2020, 19:55:34, CEST,lun 8 giu 2020, 19:55:37, CEST
c2mon,https://github.com/c2mon/c2mon, d80687b119c713dd177a58cf53a997d8cc5ca264,./c2mon-daq/c2mon-daq-core/, DiffTimeDeadbandActivatorTest,testNoActivationOnFirstRecord,test pass, lun 8 giu 2020, 19:55:37, CEST,lun 8 giu 2020, 19:55:40, CEST
c2mon,https://github.com/c2mon/c2mon, d80687b119c713dd177a58cf53a997d8cc5ca264,./c2mon-daq/c2mon-daq-core/, DiffTimeDeadbandActivatorTest,testNoActivationOnFirstRecord,test pass, lun 8 giu 2020, 19:55:40, CEST,lun 8 giu 2020, 19:55:43, CEST
c2mon,https://github.com/c2mon/c2mon, d80687b119c713dd177a58cf53a997d8cc5ca264,./c2mon-daq/c2mon-daq-core/, DiffTimeDeadbandActivatorTest,testNoActivationOnFirstRecord,test pass, lun 8 giu 2020, 19:55:43, CEST,lun 8 giu 2020, 19:55:46, CEST
c2mon,https://github.com/c2mon/c2mon, d80687b119c713dd177a58cf53a997d8cc5ca264,./c2mon-daq/c2mon-daq-core/, DiffTimeDeadbandActivatorTest,testNoActivationOnFirstRecord,test pass, lun 8 giu 2020, 19:55:46, CEST,lun 8 giu 2020, 19:55:49, CEST
c2mon,https://github.com/c2mon/c2mon, d80687b119c713dd177a58cf53a997d8cc5ca264,./c2mon-daq/c2mon-daq-core/, DiffTimeDeadbandActivatorTest,testNoActivationOnFirstRecord,test pass, lun 8 giu 2020, 19:55:49, CEST,lun 8 giu 2020, 19:55:52, CEST
c2mon,https://github.com/c2mon/c2mon, d80687b119c713dd177a58cf53a997d8cc5ca264,./c2mon-daq/c2mon-daq-core/, DiffTimeDeadbandActivatorTest,testNoActivationOnFirstRecord,test pass, lun 8 giu 2020, 19:55:52, CEST,lun 8 giu 2020, 19:55:55, CEST
c2mon,https://github.com/c2mon/c2mon, d80687b119c713dd177a58cf53a997d8cc5ca264,./c2mon-daq/c2mon-daq-core/, DiffTimeDeadbandActivatorTest,testNoActivationOnFirstRecord,test pass, lun 8 giu 2020, 19:55:55, CEST,lun 8 giu 2020, 19:55:58, CEST
c2mon,https://github.com/c2mon/c2mon, d80687b119c713dd177a58cf53a997d8cc5ca264,./c2mon-daq/c2mon-daq-core/, DiffTimeDeadbandActivatorTest,testNoActivationOnFirstRecord,test pass, lun 8 giu 2020, 19:55:58, CEST,lun 8 giu 2020, 19:56:01, CEST
c2mon,https://github.com/c2mon/c2mon, d80687b119c713dd177a58cf53a997d8cc5ca264,./c2mon-daq/c2mon-daq-core/, DiffTimeDeadbandActivatorTest,testNoActivationOnFirstRecord,test pass, lun 8 giu 2020, 19:56:01, CEST,lun 8 giu 2020, 19:56:04, CEST
c2mon,https://github.com/c2mon/c2mon, d80687b119c713dd177a58cf53a997d8cc5ca264,./c2mon-daq/c2mon-daq-core/, DiffTimeDeadbandActivatorTest,testNoActivationOnFirstRecord,test pass, lun 8 giu 2020, 19:56:04, CEST,lun 8 giu 2020, 19:56:07, CEST
c2mon,https://github.com/c2mon/c2mon, d80687b119c713dd177a58cf53a997d8cc5ca264,./c2mon-daq/c2mon-daq-core/, DiffTimeDeadbandActivatorTest,testNoActivationOnFirstRecord,test pass, lun 8 giu 2020, 19:56:07, CEST,lun 8 giu 2020, 19:56:10, CEST
c2mon,https://github.com/c2mon/c2mon, d80687b119c713dd177a58cf53a997d8cc5ca264,./c2mon-daq/c2mon-daq-core/, DiffTimeDeadbandActivatorTest,testNoActivationOnFirstRecord,test pass, lun 8 giu 2020, 19:56:10, CEST,lun 8 giu 2020, 19:56:13, CEST
c2mon,https://github.com/c2mon/c2mon, d80687b119c713dd177a58cf53a997d8cc5ca264,./c2mon-daq/c2mon-daq-core/, DiffTimeDeadbandActivatorTest,testNoActivationOnFirstRecord,test pass, lun 8 giu 2020, 19:56:13, CEST,lun 8 giu 2020, 19:56:16, CEST
c2mon,https://github.com/c2mon/c2mon, d80687b119c713dd177a58cf53a997d8cc5ca264,./c2mon-daq/c2mon-daq-core/, DiffTimeDeadbandActivatorTest,testNoActivationOnFirstRecord,test pass, lun 8 giu 2020, 19:56:16, CEST,lun 8 giu 2020, 19:56:19, CEST
c2mon,https://github.com/c2mon/c2mon, d80687b119c713dd177a58cf53a997d8cc5ca264,./c2mon-daq/c2mon-daq-core/, DiffTimeDeadbandActivatorTest,testNoActivationOnFirstRecord,test pass, lun 8 giu 2020, 19:56:19, CEST,lun 8 giu 2020, 19:56:22, CEST
c2mon,https://github.com/c2mon/c2mon, d80687b119c713dd177a58cf53a997d8cc5ca264,./c2mon-daq/c2mon-daq-core/, DiffTimeDeadbandActivatorTest,testNoActivationOnFirstRecord,test pass, lun 8 giu 2020, 19:56:22, CEST,lun 8 giu 2020, 19:56:25, CEST
c2mon,https://github.com/c2mon/c2mon, d80687b119c713dd177a58cf53a997d8cc5ca264,./c2mon-daq/c2mon-daq-core/, DiffTimeDeadbandActivatorTest,testNoActivationOnFirstRecord,test pass, lun 8 giu 2020, 19:56:25, CEST,lun 8 giu 2020, 19:56:28, CEST
c2mon,https://github.com/c2mon/c2mon, d80687b119c713dd177a58cf53a997d8cc5ca264,./c2mon-daq/c2mon-daq-core/, DiffTimeDeadbandActivatorTest,testNoActivationOnFirstRecord,test pass, lun 8 giu 2020, 19:56:28, CEST,lun 8 giu 2020, 19:56:31, CEST
c2mon,https://github.com/c2mon/c2mon, d80687b119c713dd177a58cf53a997d8cc5ca264,./c2mon-daq/c2mon-daq-core/, DiffTimeDeadbandActivatorTest,testNoActivationOnFirstRecord,test pass, lun 8 giu 2020, 19:56:31, CEST,lun 8 giu 2020, 19:56:34, CEST
c2mon,https://github.com/c2mon/c2mon, d80687b119c713dd177a58cf53a997d8cc5ca264,./c2mon-daq/c2mon-daq-core/, DiffTimeDeadbandActivatorTest,testNoActivationOnFirstRecord,test pass, lun 8 giu 2020, 19:56:34, CEST,lun 8 giu 2020, 19:56:37, CEST
c2mon,https://github.com/c2mon/c2mon, d80687b119c713dd177a58cf53a997d8cc5ca264,./c2mon-daq/c2mon-daq-core/, DiffTimeDeadbandActivatorTest,testNoActivationOnFirstRecord,test pass, lun 8 giu 2020, 19:56:37, CEST,lun 8 giu 2020, 19:56:40, CEST
c2mon,https://github.com/c2mon/c2mon, d80687b119c713dd177a58cf53a997d8cc5ca264,./c2mon-daq/c2mon-daq-core/, DiffTimeDeadbandActivatorTest,testNoActivationOnFirstRecord,test pass, lun 8 giu 2020, 19:56:40, CEST,lun 8 giu 2020, 19:56:43, CEST
c2mon,https://github.com/c2mon/c2mon, d80687b119c713dd177a58cf53a997d8cc5ca264,./c2mon-daq/c2mon-daq-core/, DiffTimeDeadbandActivatorTest,testNoActivationOnFirstRecord,test pass, lun 8 giu 2020, 19:56:43, CEST,lun 8 giu 2020, 19:56:46, CEST
c2mon,https://github.com/c2mon/c2mon, d80687b119c713dd177a58cf53a997d8cc5ca264,./c2mon-daq/c2mon-daq-core/, DiffTimeDeadbandActivatorTest,testNoActivationOnFirstRecord,test pass, lun 8 giu 2020, 19:56:46, CEST,lun 8 giu 2020, 19:56:48, CEST
c2mon,https://github.com/c2mon/c2mon, d80687b119c713dd177a58cf53a997d8cc5ca264,./c2mon-daq/c2mon-daq-core/, DiffTimeDeadbandActivatorTest,testNoActivationOnFirstRecord,test pass, lun 8 giu 2020, 19:56:48, CEST,lun 8 giu 2020, 19:56:51, CEST
c2mon,https://github.com/c2mon/c2mon, d80687b119c713dd177a58cf53a997d8cc5ca264,./c2mon-daq/c2mon-daq-core/, DiffTimeDeadbandActivatorTest,testNoActivationOnFirstRecord,test pass, lun 8 giu 2020, 19:56:51, CEST,lun 8 giu 2020, 19:56:54, CEST
c2mon,https://github.com/c2mon/c2mon, d80687b119c713dd177a58cf53a997d8cc5ca264,./c2mon-daq/c2mon-daq-core/, DiffTimeDeadbandActivatorTest,testNoActivationOnFirstRecord,test pass, lun 8 giu 2020, 19:56:54, CEST,lun 8 giu 2020, 19:56:58, CEST
c2mon,https://github.com/c2mon/c2mon, d80687b119c713dd177a58cf53a997d8cc5ca264,./c2mon-daq/c2mon-daq-core/, DiffTimeDeadbandActivatorTest,testNoActivationOnFirstRecord,test pass, lun 8 giu 2020, 19:56:58, CEST,lun 8 giu 2020, 19:57:01, CEST
c2mon,https://github.com/c2mon/c2mon, d80687b119c713dd177a58cf53a997d8cc5ca264,./c2mon-daq/c2mon-daq-core/, DiffTimeDeadbandActivatorTest,testNoActivationOnFirstRecord,test pass, lun 8 giu 2020, 19:57:01, CEST,lun 8 giu 2020, 19:57:04, CEST
c2mon,https://github.com/c2mon/c2mon, d80687b119c713dd177a58cf53a997d8cc5ca264,./c2mon-daq/c2mon-daq-core/, DiffTimeDeadbandActivatorTest,testNoActivationOnFirstRecord,test pass, lun 8 giu 2020, 19:57:04, CEST,lun 8 giu 2020, 19:57:07, CEST
c2mon,https://github.com/c2mon/c2mon, d80687b119c713dd177a58cf53a997d8cc5ca264,./c2mon-daq/c2mon-daq-core/, DiffTimeDeadbandActivatorTest,testNoActivationOnFirstRecord,test pass, lun 8 giu 2020, 19:57:07, CEST,lun 8 giu 2020, 19:57:10, CEST
c2mon,https://github.com/c2mon/c2mon, d80687b119c713dd177a58cf53a997d8cc5ca264,./c2mon-daq/c2mon-daq-core/, DiffTimeDeadbandActivatorTest,testNoActivationOnFirstRecord,test pass, lun 8 giu 2020, 19:57:10, CEST,lun 8 giu 2020, 19:57:12, CEST
c2mon,https://github.com/c2mon/c2mon, d80687b119c713dd177a58cf53a997d8cc5ca264,./c2mon-daq/c2mon-daq-core/, DiffTimeDeadbandActivatorTest,testNoActivationOnFirstRecord,test pass, lun 8 giu 2020, 19:57:12, CEST,lun 8 giu 2020, 19:57:15, CEST
c2mon,https://github.com/c2mon/c2mon, d80687b119c713dd177a58cf53a997d8cc5ca264,./c2mon-daq/c2mon-daq-core/, DiffTimeDeadbandActivatorTest,testNoActivationOnFirstRecord,test pass, lun 8 giu 2020, 19:57:15, CEST,lun 8 giu 2020, 19:57:18, CEST
c2mon,https://github.com/c2mon/c2mon, d80687b119c713dd177a58cf53a997d8cc5ca264,./c2mon-daq/c2mon-daq-core/, DiffTimeDeadbandActivatorTest,testNoActivationOnFirstRecord,test pass, lun 8 giu 2020, 19:57:18, CEST,lun 8 giu 2020, 19:57:21, CEST
c2mon,https://github.com/c2mon/c2mon, d80687b119c713dd177a58cf53a997d8cc5ca264,./c2mon-daq/c2mon-daq-core/, DiffTimeDeadbandActivatorTest,testNoActivationOnFirstRecord,test pass, lun 8 giu 2020, 19:57:21, CEST,lun 8 giu 2020, 19:57:24, CEST
c2mon,https://github.com/c2mon/c2mon, d80687b119c713dd177a58cf53a997d8cc5ca264,./c2mon-daq/c2mon-daq-core/, DiffTimeDeadbandActivatorTest,testNoActivationOnFirstRecord,test pass, lun 8 giu 2020, 19:57:24, CEST,lun 8 giu 2020, 19:57:27, CEST
c2mon,https://github.com/c2mon/c2mon, d80687b119c713dd177a58cf53a997d8cc5ca264,./c2mon-daq/c2mon-daq-core/, DiffTimeDeadbandActivatorTest,testNoActivationOnFirstRecord,test pass, lun 8 giu 2020, 19:57:27, CEST,lun 8 giu 2020, 19:57:30, CEST
c2mon,https://github.com/c2mon/c2mon, d80687b119c713dd177a58cf53a997d8cc5ca264,./c2mon-daq/c2mon-daq-core/, DiffTimeDeadbandActivatorTest,testNoActivationOnFirstRecord,test pass, lun 8 giu 2020, 19:57:30, CEST,lun 8 giu 2020, 19:57:33, CEST
c2mon,https://github.com/c2mon/c2mon, d80687b119c713dd177a58cf53a997d8cc5ca264,./c2mon-daq/c2mon-daq-core/, DiffTimeDeadbandActivatorTest,testNoActivationOnFirstRecord,test pass, lun 8 giu 2020, 19:57:33, CEST,lun 8 giu 2020, 19:57:36, CEST
c2mon,https://github.com/c2mon/c2mon, d80687b119c713dd177a58cf53a997d8cc5ca264,./c2mon-daq/c2mon-daq-core/, DiffTimeDeadbandActivatorTest,testNoActivationOnFirstRecord,test pass, lun 8 giu 2020, 19:57:36, CEST,lun 8 giu 2020, 19:57:39, CEST
c2mon,https://github.com/c2mon/c2mon, d80687b119c713dd177a58cf53a997d8cc5ca264,./c2mon-daq/c2mon-daq-core/, DiffTimeDeadbandActivatorTest,testNoActivationOnFirstRecord,test pass, lun 8 giu 2020, 19:57:39, CEST,lun 8 giu 2020, 19:57:42, CEST
c2mon,https://github.com/c2mon/c2mon, d80687b119c713dd177a58cf53a997d8cc5ca264,./c2mon-daq/c2mon-daq-core/, DiffTimeDeadbandActivatorTest,testNoActivationOnFirstRecord,test pass, lun 8 giu 2020, 19:57:42, CEST,lun 8 giu 2020, 19:57:45, CEST
c2mon,https://github.com/c2mon/c2mon, d80687b119c713dd177a58cf53a997d8cc5ca264,./c2mon-daq/c2mon-daq-core/, DiffTimeDeadbandActivatorTest,testNoActivationOnFirstRecord,test pass, lun 8 giu 2020, 19:57:45, CEST,lun 8 giu 2020, 19:57:48, CEST
c2mon,https://github.com/c2mon/c2mon, d80687b119c713dd177a58cf53a997d8cc5ca264,./c2mon-daq/c2mon-daq-core/, DiffTimeDeadbandActivatorTest,testNoActivationOnFirstRecord,test pass, lun 8 giu 2020, 19:57:48, CEST,lun 8 giu 2020, 19:57:51, CEST
c2mon,https://github.com/c2mon/c2mon, d80687b119c713dd177a58cf53a997d8cc5ca264,./c2mon-daq/c2mon-daq-core/, DiffTimeDeadbandActivatorTest,testNoActivationOnFirstRecord,test pass, lun 8 giu 2020, 19:57:51, CEST,lun 8 giu 2020, 19:57:54, CEST
c2mon,https://github.com/c2mon/c2mon, d80687b119c713dd177a58cf53a997d8cc5ca264,./c2mon-daq/c2mon-daq-core/, DiffTimeDeadbandActivatorTest,testNoActivationOnFirstRecord,test pass, lun 8 giu 2020, 19:57:54, CEST,lun 8 giu 2020, 19:57:57, CEST
c2mon,https://github.com/c2mon/c2mon, d80687b119c713dd177a58cf53a997d8cc5ca264,./c2mon-daq/c2mon-daq-core/, DiffTimeDeadbandActivatorTest,testNoActivationOnFirstRecord,test pass, lun 8 giu 2020, 19:57:57, CEST,lun 8 giu 2020, 19:58:00, CEST
c2mon,https://github.com/c2mon/c2mon, d80687b119c713dd177a58cf53a997d8cc5ca264,./c2mon-daq/c2mon-daq-core/, DiffTimeDeadbandActivatorTest,testNoActivationOnFirstRecord,test pass, lun 8 giu 2020, 19:58:00, CEST,lun 8 giu 2020, 19:58:03, CEST
c2mon,https://github.com/c2mon/c2mon, d80687b119c713dd177a58cf53a997d8cc5ca264,./c2mon-daq/c2mon-daq-core/, DiffTimeDeadbandActivatorTest,testNoActivationOnFirstRecord,test pass, lun 8 giu 2020, 19:58:03, CEST,lun 8 giu 2020, 19:58:06, CEST
c2mon,https://github.com/c2mon/c2mon, d80687b119c713dd177a58cf53a997d8cc5ca264,./c2mon-daq/c2mon-daq-core/, DiffTimeDeadbandActivatorTest,testNoActivationOnFirstRecord,test pass, lun 8 giu 2020, 19:58:06, CEST,lun 8 giu 2020, 19:58:09, CEST
c2mon,https://github.com/c2mon/c2mon, d80687b119c713dd177a58cf53a997d8cc5ca264,./c2mon-daq/c2mon-daq-core/, DiffTimeDeadbandActivatorTest,testNoActivationOnFirstRecord,test pass, lun 8 giu 2020, 19:58:09, CEST,lun 8 giu 2020, 19:58:12, CEST
c2mon,https://github.com/c2mon/c2mon, d80687b119c713dd177a58cf53a997d8cc5ca264,./c2mon-daq/c2mon-daq-core/, DiffTimeDeadbandActivatorTest,testNoActivationOnFirstRecord,test pass, lun 8 giu 2020, 19:58:12, CEST,lun 8 giu 2020, 19:58:15, CEST
c2mon,https://github.com/c2mon/c2mon, d80687b119c713dd177a58cf53a997d8cc5ca264,./c2mon-daq/c2mon-daq-core/, DiffTimeDeadbandActivatorTest,testNoActivationOnFirstRecord,test pass, lun 8 giu 2020, 19:58:15, CEST,lun 8 giu 2020, 19:58:18, CEST
c2mon,https://github.com/c2mon/c2mon, d80687b119c713dd177a58cf53a997d8cc5ca264,./c2mon-daq/c2mon-daq-core/, DiffTimeDeadbandActivatorTest,testNoActivationOnFirstRecord,test pass, lun 8 giu 2020, 19:58:18, CEST,lun 8 giu 2020, 19:58:21, CEST
c2mon,https://github.com/c2mon/c2mon, d80687b119c713dd177a58cf53a997d8cc5ca264,./c2mon-daq/c2mon-daq-core/, DiffTimeDeadbandActivatorTest,testNoActivationOnFirstRecord,test pass, lun 8 giu 2020, 19:58:21, CEST,lun 8 giu 2020, 19:58:24, CEST
c2mon,https://github.com/c2mon/c2mon, d80687b119c713dd177a58cf53a997d8cc5ca264,./c2mon-daq/c2mon-daq-core/, DiffTimeDeadbandActivatorTest,testNoActivationOnFirstRecord,test pass, lun 8 giu 2020, 19:58:24, CEST,lun 8 giu 2020, 19:58:26, CEST
c2mon,https://github.com/c2mon/c2mon, d80687b119c713dd177a58cf53a997d8cc5ca264,./c2mon-daq/c2mon-daq-core/, DiffTimeDeadbandActivatorTest,testNoActivationOnFirstRecord,test pass, lun 8 giu 2020, 19:58:26, CEST,lun 8 giu 2020, 19:58:29, CEST
c2mon,https://github.com/c2mon/c2mon, d80687b119c713dd177a58cf53a997d8cc5ca264,./c2mon-daq/c2mon-daq-core/, DiffTimeDeadbandActivatorTest,testNoActivationOnFirstRecord,test pass, lun 8 giu 2020, 19:58:29, CEST,lun 8 giu 2020, 19:58:32, CEST
c2mon,https://github.com/c2mon/c2mon, d80687b119c713dd177a58cf53a997d8cc5ca264,./c2mon-daq/c2mon-daq-core/, DiffTimeDeadbandActivatorTest,testNoActivationOnFirstRecord,test pass, lun 8 giu 2020, 19:58:32, CEST,lun 8 giu 2020, 19:58:35, CEST
c2mon,https://github.com/c2mon/c2mon, d80687b119c713dd177a58cf53a997d8cc5ca264,./c2mon-daq/c2mon-daq-core/, DiffTimeDeadbandActivatorTest,testNoActivationOnFirstRecord,test pass, lun 8 giu 2020, 19:58:35, CEST,lun 8 giu 2020, 19:58:38, CEST
c2mon,https://github.com/c2mon/c2mon, d80687b119c713dd177a58cf53a997d8cc5ca264,./c2mon-daq/c2mon-daq-core/, DiffTimeDeadbandActivatorTest,testNoActivationOnFirstRecord,test pass, lun 8 giu 2020, 19:58:38, CEST,lun 8 giu 2020, 19:58:41, CEST
c2mon,https://github.com/c2mon/c2mon, d80687b119c713dd177a58cf53a997d8cc5ca264,./c2mon-daq/c2mon-daq-core/, DiffTimeDeadbandActivatorTest,testNoActivationOnFirstRecord,test pass, lun 8 giu 2020, 19:58:41, CEST,lun 8 giu 2020, 19:58:44, CEST
c2mon,https://github.com/c2mon/c2mon, d80687b119c713dd177a58cf53a997d8cc5ca264,./c2mon-daq/c2mon-daq-core/, DiffTimeDeadbandActivatorTest,testNoActivationOnFirstRecord,test pass, lun 8 giu 2020, 19:58:44, CEST,lun 8 giu 2020, 19:58:47, CEST
c2mon,https://github.com/c2mon/c2mon, d80687b119c713dd177a58cf53a997d8cc5ca264,./c2mon-daq/c2mon-daq-core/, DiffTimeDeadbandActivatorTest,testNoActivationOnFirstRecord,test pass, lun 8 giu 2020, 19:58:47, CEST,lun 8 giu 2020, 19:58:50, CEST
c2mon,https://github.com/c2mon/c2mon, d80687b119c713dd177a58cf53a997d8cc5ca264,./c2mon-daq/c2mon-daq-core/, DiffTimeDeadbandActivatorTest,testNoActivationOnFirstRecord,test pass, lun 8 giu 2020, 19:58:50, CEST,lun 8 giu 2020, 19:58:53, CEST
c2mon,https://github.com/c2mon/c2mon, d80687b119c713dd177a58cf53a997d8cc5ca264,./c2mon-daq/c2mon-daq-core/, DiffTimeDeadbandActivatorTest,testNoActivationOnFirstRecord,test pass, lun 8 giu 2020, 19:58:53, CEST,lun 8 giu 2020, 19:58:56, CEST
c2mon,https://github.com/c2mon/c2mon, d80687b119c713dd177a58cf53a997d8cc5ca264,./c2mon-daq/c2mon-daq-core/, DiffTimeDeadbandActivatorTest,testNoActivationOnFirstRecord,test pass, lun 8 giu 2020, 19:58:56, CEST,lun 8 giu 2020, 19:58:59, CEST
c2mon,https://github.com/c2mon/c2mon, d80687b119c713dd177a58cf53a997d8cc5ca264,./c2mon-daq/c2mon-daq-core/, DiffTimeDeadbandActivatorTest,testNoActivationOnFirstRecord,test pass, lun 8 giu 2020, 19:58:59, CEST,lun 8 giu 2020, 19:59:02, CEST
c2mon,https://github.com/c2mon/c2mon, d80687b119c713dd177a58cf53a997d8cc5ca264,./c2mon-daq/c2mon-daq-core/, DiffTimeDeadbandActivatorTest,testNoActivationOnFirstRecord,test pass, lun 8 giu 2020, 19:59:02, CEST,lun 8 giu 2020, 19:59:04, CEST
c2mon,https://github.com/c2mon/c2mon, d80687b119c713dd177a58cf53a997d8cc5ca264,./c2mon-daq/c2mon-daq-core/, DiffTimeDeadbandActivatorTest,testNoActivationOnFirstRecord,test pass, lun 8 giu 2020, 19:59:04, CEST,lun 8 giu 2020, 19:59:07, CEST
c2mon,https://github.com/c2mon/c2mon, d80687b119c713dd177a58cf53a997d8cc5ca264,./c2mon-daq/c2mon-daq-core/, DiffTimeDeadbandActivatorTest,testNoActivationOnFirstRecord,test pass, lun 8 giu 2020, 19:59:07, CEST,lun 8 giu 2020, 19:59:10, CEST
c2mon,https://github.com/c2mon/c2mon, d80687b119c713dd177a58cf53a997d8cc5ca264,./c2mon-daq/c2mon-daq-core/, DiffTimeDeadbandActivatorTest,testNoActivationOnFirstRecord,test pass, lun 8 giu 2020, 19:59:10, CEST,lun 8 giu 2020, 19:59:13, CEST
c2mon,https://github.com/c2mon/c2mon, d80687b119c713dd177a58cf53a997d8cc5ca264,./c2mon-daq/c2mon-daq-core/, DiffTimeDeadbandActivatorTest,testNoActivationOnFirstRecord,test pass, lun 8 giu 2020, 19:59:13, CEST,lun 8 giu 2020, 19:59:16, CEST
c2mon,https://github.com/c2mon/c2mon, d80687b119c713dd177a58cf53a997d8cc5ca264,./c2mon-daq/c2mon-daq-core/, DiffTimeDeadbandActivatorTest,testNoActivationOnFirstRecord,test pass, lun 8 giu 2020, 19:59:16, CEST,lun 8 giu 2020, 19:59:19, CEST
c2mon,https://github.com/c2mon/c2mon, d80687b119c713dd177a58cf53a997d8cc5ca264,./c2mon-daq/c2mon-daq-core/, DiffTimeDeadbandActivatorTest,testNoActivationOnFirstRecord,test pass, lun 8 giu 2020, 19:59:19, CEST,lun 8 giu 2020, 19:59:22, CEST
c2mon,https://github.com/c2mon/c2mon, d80687b119c713dd177a58cf53a997d8cc5ca264,./c2mon-daq/c2mon-daq-core/, DiffTimeDeadbandActivatorTest,testNoActivationOnFirstRecord,test pass, lun 8 giu 2020, 19:59:22, CEST,lun 8 giu 2020, 19:59:25, CEST
c2mon,https://github.com/c2mon/c2mon, d80687b119c713dd177a58cf53a997d8cc5ca264,./c2mon-daq/c2mon-daq-core/, DiffTimeDeadbandActivatorTest,testNoActivationOnFirstRecord,test pass, lun 8 giu 2020, 19:59:25, CEST,lun 8 giu 2020, 19:59:28, CEST
c2mon,https://github.com/c2mon/c2mon, d80687b119c713dd177a58cf53a997d8cc5ca264,./c2mon-daq/c2mon-daq-core/, DiffTimeDeadbandActivatorTest,testNoActivationOnFirstRecord,test pass, lun 8 giu 2020, 19:59:28, CEST,lun 8 giu 2020, 19:59:31, CEST
c2mon,https://github.com/c2mon/c2mon, d80687b119c713dd177a58cf53a997d8cc5ca264,./c2mon-daq/c2mon-daq-core/, DiffTimeDeadbandActivatorTest,testNoActivationOnFirstRecord,test pass, lun 8 giu 2020, 19:59:31, CEST,lun 8 giu 2020, 19:59:34, CEST
c2mon,https://github.com/c2mon/c2mon, d80687b119c713dd177a58cf53a997d8cc5ca264,./c2mon-daq/c2mon-daq-core/, DiffTimeDeadbandActivatorTest,testNoActivationOnFirstRecord,test pass, lun 8 giu 2020, 19:59:34, CEST,lun 8 giu 2020, 19:59:37, CEST
c2mon,https://github.com/c2mon/c2mon, d80687b119c713dd177a58cf53a997d8cc5ca264,./c2mon-daq/c2mon-daq-core/, DiffTimeDeadbandActivatorTest,testNoActivationOnFirstRecord,test pass, lun 8 giu 2020, 19:59:37, CEST,lun 8 giu 2020, 19:59:40, CEST
c2mon,https://github.com/c2mon/c2mon, d80687b119c713dd177a58cf53a997d8cc5ca264,./c2mon-daq/c2mon-daq-core/, DiffTimeDeadbandActivatorTest,testNoActivationOnFirstRecord,test pass, lun 8 giu 2020, 19:59:40, CEST,lun 8 giu 2020, 19:59:43, CEST
c2mon,https://github.com/c2mon/c2mon, d80687b119c713dd177a58cf53a997d8cc5ca264,./c2mon-daq/c2mon-daq-core/, DiffTimeDeadbandActivatorTest,testNoActivationOnFirstRecord,test pass, lun 8 giu 2020, 19:59:43, CEST,lun 8 giu 2020, 19:59:46, CEST
c2mon,https://github.com/c2mon/c2mon, d80687b119c713dd177a58cf53a997d8cc5ca264,./c2mon-daq/c2mon-daq-core/, DiffTimeDeadbandActivatorTest,testNoActivationOnFirstRecord,test pass, lun 8 giu 2020, 19:59:46, CEST,lun 8 giu 2020, 19:59:49, CEST
c2mon,https://github.com/c2mon/c2mon, d80687b119c713dd177a58cf53a997d8cc5ca264,./c2mon-daq/c2mon-daq-core/, DiffTimeDeadbandActivatorTest,testNoActivationOnFirstRecord,test pass, lun 8 giu 2020, 19:59:49, CEST,lun 8 giu 2020, 19:59:51, CEST
c2mon,https://github.com/c2mon/c2mon, d80687b119c713dd177a58cf53a997d8cc5ca264,./c2mon-daq/c2mon-daq-core/, DiffTimeDeadbandActivatorTest,testNoActivationOnFirstRecord,test pass, lun 8 giu 2020, 19:59:51, CEST,lun 8 giu 2020, 19:59:54, CEST
c2mon,https://github.com/c2mon/c2mon, d80687b119c713dd177a58cf53a997d8cc5ca264,./c2mon-daq/c2mon-daq-core/, DiffTimeDeadbandActivatorTest,testNoActivationOnFirstRecord,test pass, lun 8 giu 2020, 19:59:54, CEST,lun 8 giu 2020, 19:59:57, CEST
c2mon,https://github.com/c2mon/c2mon, d80687b119c713dd177a58cf53a997d8cc5ca264,./c2mon-daq/c2mon-daq-core/, DiffTimeDeadbandActivatorTest,testNoActivationOnFirstRecord,test pass, lun 8 giu 2020, 19:59:57, CEST,lun 8 giu 2020, 20:00:00, CEST
c2mon,https://github.com/c2mon/c2mon, d80687b119c713dd177a58cf53a997d8cc5ca264,./c2mon-daq/c2mon-daq-core/, DiffTimeDeadbandActivatorTest,testNoActivationOnFirstRecord,test pass, lun 8 giu 2020, 20:00:00, CEST,lun 8 giu 2020, 20:00:03, CEST
c2mon,https://github.com/c2mon/c2mon, d80687b119c713dd177a58cf53a997d8cc5ca264,./c2mon-daq/c2mon-daq-core/, DiffTimeDeadbandActivatorTest,testNoActivationOnFirstRecord,test pass, lun 8 giu 2020, 20:00:03, CEST,lun 8 giu 2020, 20:00:06, CEST
c2mon,https://github.com/c2mon/c2mon, d80687b119c713dd177a58cf53a997d8cc5ca264,./c2mon-daq/c2mon-daq-core/, DiffTimeDeadbandActivatorTest,testNoActivationOnFirstRecord,test pass, lun 8 giu 2020, 20:00:06, CEST,lun 8 giu 2020, 20:00:09, CEST
c2mon,https://github.com/c2mon/c2mon, d80687b119c713dd177a58cf53a997d8cc5ca264,./c2mon-daq/c2mon-daq-core/, DiffTimeDeadbandActivatorTest,testNoActivationOnFirstRecord,test pass, lun 8 giu 2020, 20:00:09, CEST,lun 8 giu 2020, 20:00:12, CEST
c2mon,https://github.com/c2mon/c2mon, d80687b119c713dd177a58cf53a997d8cc5ca264,./c2mon-daq/c2mon-daq-core/, DiffTimeDeadbandActivatorTest,testNoActivationOnFirstRecord,test pass, lun 8 giu 2020, 20:00:12, CEST,lun 8 giu 2020, 20:00:15, CEST
