redpipe,https://github.com/fromage/redpipe, 0aff891d6befdf0dcc2bdbfda22262cdf82ac66f,./redpipe-service-discovery/, DiscoveryTest,checkWebClient,test pass, lun 8 giu 2020, 19:21:07, CEST,lun 8 giu 2020, 19:21:11, CEST
redpipe,https://github.com/fromage/redpipe, 0aff891d6befdf0dcc2bdbfda22262cdf82ac66f,./redpipe-service-discovery/, DiscoveryTest,checkWebClient,test pass, lun 8 giu 2020, 19:21:11, CEST,lun 8 giu 2020, 19:21:15, CEST
redpipe,https://github.com/fromage/redpipe, 0aff891d6befdf0dcc2bdbfda22262cdf82ac66f,./redpipe-service-discovery/, DiscoveryTest,checkWebClient,test pass, lun 8 giu 2020, 19:21:15, CEST,lun 8 giu 2020, 19:21:19, CEST
redpipe,https://github.com/fromage/redpipe, 0aff891d6befdf0dcc2bdbfda22262cdf82ac66f,./redpipe-service-discovery/, DiscoveryTest,checkWebClient,test pass, lun 8 giu 2020, 19:21:19, CEST,lun 8 giu 2020, 19:21:23, CEST
redpipe,https://github.com/fromage/redpipe, 0aff891d6befdf0dcc2bdbfda22262cdf82ac66f,./redpipe-service-discovery/, DiscoveryTest,checkWebClient,test pass, lun 8 giu 2020, 19:21:23, CEST,lun 8 giu 2020, 19:21:27, CEST
redpipe,https://github.com/fromage/redpipe, 0aff891d6befdf0dcc2bdbfda22262cdf82ac66f,./redpipe-service-discovery/, DiscoveryTest,checkWebClient,test pass, lun 8 giu 2020, 19:21:27, CEST,lun 8 giu 2020, 19:21:31, CEST
redpipe,https://github.com/fromage/redpipe, 0aff891d6befdf0dcc2bdbfda22262cdf82ac66f,./redpipe-service-discovery/, DiscoveryTest,checkWebClient,test pass, lun 8 giu 2020, 19:21:31, CEST,lun 8 giu 2020, 19:21:35, CEST
redpipe,https://github.com/fromage/redpipe, 0aff891d6befdf0dcc2bdbfda22262cdf82ac66f,./redpipe-service-discovery/, DiscoveryTest,checkWebClient,test pass, lun 8 giu 2020, 19:21:35, CEST,lun 8 giu 2020, 19:21:39, CEST
redpipe,https://github.com/fromage/redpipe, 0aff891d6befdf0dcc2bdbfda22262cdf82ac66f,./redpipe-service-discovery/, DiscoveryTest,checkWebClient,test pass, lun 8 giu 2020, 19:21:39, CEST,lun 8 giu 2020, 19:21:44, CEST
redpipe,https://github.com/fromage/redpipe, 0aff891d6befdf0dcc2bdbfda22262cdf82ac66f,./redpipe-service-discovery/, DiscoveryTest,checkWebClient,test pass, lun 8 giu 2020, 19:21:44, CEST,lun 8 giu 2020, 19:21:48, CEST
redpipe,https://github.com/fromage/redpipe, 0aff891d6befdf0dcc2bdbfda22262cdf82ac66f,./redpipe-service-discovery/, DiscoveryTest,checkWebClient,test pass, lun 8 giu 2020, 19:21:48, CEST,lun 8 giu 2020, 19:21:53, CEST
redpipe,https://github.com/fromage/redpipe, 0aff891d6befdf0dcc2bdbfda22262cdf82ac66f,./redpipe-service-discovery/, DiscoveryTest,checkWebClient,test pass, lun 8 giu 2020, 19:21:53, CEST,lun 8 giu 2020, 19:21:57, CEST
redpipe,https://github.com/fromage/redpipe, 0aff891d6befdf0dcc2bdbfda22262cdf82ac66f,./redpipe-service-discovery/, DiscoveryTest,checkWebClient,test pass, lun 8 giu 2020, 19:21:57, CEST,lun 8 giu 2020, 19:22:02, CEST
redpipe,https://github.com/fromage/redpipe, 0aff891d6befdf0dcc2bdbfda22262cdf82ac66f,./redpipe-service-discovery/, DiscoveryTest,checkWebClient,test pass, lun 8 giu 2020, 19:22:02, CEST,lun 8 giu 2020, 19:22:07, CEST
redpipe,https://github.com/fromage/redpipe, 0aff891d6befdf0dcc2bdbfda22262cdf82ac66f,./redpipe-service-discovery/, DiscoveryTest,checkWebClient,test pass, lun 8 giu 2020, 19:22:07, CEST,lun 8 giu 2020, 19:22:11, CEST
redpipe,https://github.com/fromage/redpipe, 0aff891d6befdf0dcc2bdbfda22262cdf82ac66f,./redpipe-service-discovery/, DiscoveryTest,checkWebClient,test pass, lun 8 giu 2020, 19:22:11, CEST,lun 8 giu 2020, 19:22:15, CEST
redpipe,https://github.com/fromage/redpipe, 0aff891d6befdf0dcc2bdbfda22262cdf82ac66f,./redpipe-service-discovery/, DiscoveryTest,checkWebClient,test pass, lun 8 giu 2020, 19:22:15, CEST,lun 8 giu 2020, 19:22:19, CEST
redpipe,https://github.com/fromage/redpipe, 0aff891d6befdf0dcc2bdbfda22262cdf82ac66f,./redpipe-service-discovery/, DiscoveryTest,checkWebClient,test pass, lun 8 giu 2020, 19:22:19, CEST,lun 8 giu 2020, 19:22:23, CEST
redpipe,https://github.com/fromage/redpipe, 0aff891d6befdf0dcc2bdbfda22262cdf82ac66f,./redpipe-service-discovery/, DiscoveryTest,checkWebClient,test pass, lun 8 giu 2020, 19:22:23, CEST,lun 8 giu 2020, 19:22:27, CEST
redpipe,https://github.com/fromage/redpipe, 0aff891d6befdf0dcc2bdbfda22262cdf82ac66f,./redpipe-service-discovery/, DiscoveryTest,checkWebClient,test pass, lun 8 giu 2020, 19:22:27, CEST,lun 8 giu 2020, 19:22:31, CEST
redpipe,https://github.com/fromage/redpipe, 0aff891d6befdf0dcc2bdbfda22262cdf82ac66f,./redpipe-service-discovery/, DiscoveryTest,checkWebClient,test pass, lun 8 giu 2020, 19:22:31, CEST,lun 8 giu 2020, 19:22:36, CEST
redpipe,https://github.com/fromage/redpipe, 0aff891d6befdf0dcc2bdbfda22262cdf82ac66f,./redpipe-service-discovery/, DiscoveryTest,checkWebClient,test pass, lun 8 giu 2020, 19:22:36, CEST,lun 8 giu 2020, 19:22:40, CEST
redpipe,https://github.com/fromage/redpipe, 0aff891d6befdf0dcc2bdbfda22262cdf82ac66f,./redpipe-service-discovery/, DiscoveryTest,checkWebClient,test pass, lun 8 giu 2020, 19:22:40, CEST,lun 8 giu 2020, 19:22:44, CEST
redpipe,https://github.com/fromage/redpipe, 0aff891d6befdf0dcc2bdbfda22262cdf82ac66f,./redpipe-service-discovery/, DiscoveryTest,checkWebClient,test pass, lun 8 giu 2020, 19:22:44, CEST,lun 8 giu 2020, 19:22:48, CEST
redpipe,https://github.com/fromage/redpipe, 0aff891d6befdf0dcc2bdbfda22262cdf82ac66f,./redpipe-service-discovery/, DiscoveryTest,checkWebClient,test pass, lun 8 giu 2020, 19:22:48, CEST,lun 8 giu 2020, 19:22:52, CEST
redpipe,https://github.com/fromage/redpipe, 0aff891d6befdf0dcc2bdbfda22262cdf82ac66f,./redpipe-service-discovery/, DiscoveryTest,checkWebClient,test pass, lun 8 giu 2020, 19:22:52, CEST,lun 8 giu 2020, 19:22:56, CEST
redpipe,https://github.com/fromage/redpipe, 0aff891d6befdf0dcc2bdbfda22262cdf82ac66f,./redpipe-service-discovery/, DiscoveryTest,checkWebClient,test pass, lun 8 giu 2020, 19:22:56, CEST,lun 8 giu 2020, 19:23:00, CEST
redpipe,https://github.com/fromage/redpipe, 0aff891d6befdf0dcc2bdbfda22262cdf82ac66f,./redpipe-service-discovery/, DiscoveryTest,checkWebClient,test pass, lun 8 giu 2020, 19:23:00, CEST,lun 8 giu 2020, 19:23:05, CEST
redpipe,https://github.com/fromage/redpipe, 0aff891d6befdf0dcc2bdbfda22262cdf82ac66f,./redpipe-service-discovery/, DiscoveryTest,checkWebClient,test pass, lun 8 giu 2020, 19:23:05, CEST,lun 8 giu 2020, 19:23:09, CEST
redpipe,https://github.com/fromage/redpipe, 0aff891d6befdf0dcc2bdbfda22262cdf82ac66f,./redpipe-service-discovery/, DiscoveryTest,checkWebClient,test pass, lun 8 giu 2020, 19:23:09, CEST,lun 8 giu 2020, 19:23:13, CEST
redpipe,https://github.com/fromage/redpipe, 0aff891d6befdf0dcc2bdbfda22262cdf82ac66f,./redpipe-service-discovery/, DiscoveryTest,checkWebClient,test pass, lun 8 giu 2020, 19:23:13, CEST,lun 8 giu 2020, 19:23:17, CEST
redpipe,https://github.com/fromage/redpipe, 0aff891d6befdf0dcc2bdbfda22262cdf82ac66f,./redpipe-service-discovery/, DiscoveryTest,checkWebClient,test pass, lun 8 giu 2020, 19:23:17, CEST,lun 8 giu 2020, 19:23:22, CEST
redpipe,https://github.com/fromage/redpipe, 0aff891d6befdf0dcc2bdbfda22262cdf82ac66f,./redpipe-service-discovery/, DiscoveryTest,checkWebClient,test pass, lun 8 giu 2020, 19:23:22, CEST,lun 8 giu 2020, 19:23:26, CEST
redpipe,https://github.com/fromage/redpipe, 0aff891d6befdf0dcc2bdbfda22262cdf82ac66f,./redpipe-service-discovery/, DiscoveryTest,checkWebClient,test pass, lun 8 giu 2020, 19:23:26, CEST,lun 8 giu 2020, 19:23:30, CEST
redpipe,https://github.com/fromage/redpipe, 0aff891d6befdf0dcc2bdbfda22262cdf82ac66f,./redpipe-service-discovery/, DiscoveryTest,checkWebClient,test pass, lun 8 giu 2020, 19:23:30, CEST,lun 8 giu 2020, 19:23:34, CEST
redpipe,https://github.com/fromage/redpipe, 0aff891d6befdf0dcc2bdbfda22262cdf82ac66f,./redpipe-service-discovery/, DiscoveryTest,checkWebClient,test pass, lun 8 giu 2020, 19:23:34, CEST,lun 8 giu 2020, 19:23:39, CEST
redpipe,https://github.com/fromage/redpipe, 0aff891d6befdf0dcc2bdbfda22262cdf82ac66f,./redpipe-service-discovery/, DiscoveryTest,checkWebClient,test pass, lun 8 giu 2020, 19:23:39, CEST,lun 8 giu 2020, 19:23:43, CEST
redpipe,https://github.com/fromage/redpipe, 0aff891d6befdf0dcc2bdbfda22262cdf82ac66f,./redpipe-service-discovery/, DiscoveryTest,checkWebClient,test pass, lun 8 giu 2020, 19:23:43, CEST,lun 8 giu 2020, 19:23:48, CEST
redpipe,https://github.com/fromage/redpipe, 0aff891d6befdf0dcc2bdbfda22262cdf82ac66f,./redpipe-service-discovery/, DiscoveryTest,checkWebClient,test pass, lun 8 giu 2020, 19:23:48, CEST,lun 8 giu 2020, 19:23:52, CEST
redpipe,https://github.com/fromage/redpipe, 0aff891d6befdf0dcc2bdbfda22262cdf82ac66f,./redpipe-service-discovery/, DiscoveryTest,checkWebClient,test pass, lun 8 giu 2020, 19:23:52, CEST,lun 8 giu 2020, 19:23:56, CEST
redpipe,https://github.com/fromage/redpipe, 0aff891d6befdf0dcc2bdbfda22262cdf82ac66f,./redpipe-service-discovery/, DiscoveryTest,checkWebClient,test pass, lun 8 giu 2020, 19:23:56, CEST,lun 8 giu 2020, 19:24:00, CEST
redpipe,https://github.com/fromage/redpipe, 0aff891d6befdf0dcc2bdbfda22262cdf82ac66f,./redpipe-service-discovery/, DiscoveryTest,checkWebClient,test pass, lun 8 giu 2020, 19:24:00, CEST,lun 8 giu 2020, 19:24:04, CEST
redpipe,https://github.com/fromage/redpipe, 0aff891d6befdf0dcc2bdbfda22262cdf82ac66f,./redpipe-service-discovery/, DiscoveryTest,checkWebClient,test pass, lun 8 giu 2020, 19:24:04, CEST,lun 8 giu 2020, 19:24:09, CEST
redpipe,https://github.com/fromage/redpipe, 0aff891d6befdf0dcc2bdbfda22262cdf82ac66f,./redpipe-service-discovery/, DiscoveryTest,checkWebClient,test pass, lun 8 giu 2020, 19:24:09, CEST,lun 8 giu 2020, 19:24:13, CEST
redpipe,https://github.com/fromage/redpipe, 0aff891d6befdf0dcc2bdbfda22262cdf82ac66f,./redpipe-service-discovery/, DiscoveryTest,checkWebClient,test pass, lun 8 giu 2020, 19:24:13, CEST,lun 8 giu 2020, 19:24:17, CEST
redpipe,https://github.com/fromage/redpipe, 0aff891d6befdf0dcc2bdbfda22262cdf82ac66f,./redpipe-service-discovery/, DiscoveryTest,checkWebClient,test pass, lun 8 giu 2020, 19:24:17, CEST,lun 8 giu 2020, 19:24:21, CEST
redpipe,https://github.com/fromage/redpipe, 0aff891d6befdf0dcc2bdbfda22262cdf82ac66f,./redpipe-service-discovery/, DiscoveryTest,checkWebClient,test pass, lun 8 giu 2020, 19:24:21, CEST,lun 8 giu 2020, 19:24:25, CEST
redpipe,https://github.com/fromage/redpipe, 0aff891d6befdf0dcc2bdbfda22262cdf82ac66f,./redpipe-service-discovery/, DiscoveryTest,checkWebClient,test pass, lun 8 giu 2020, 19:24:25, CEST,lun 8 giu 2020, 19:24:29, CEST
redpipe,https://github.com/fromage/redpipe, 0aff891d6befdf0dcc2bdbfda22262cdf82ac66f,./redpipe-service-discovery/, DiscoveryTest,checkWebClient,test pass, lun 8 giu 2020, 19:24:29, CEST,lun 8 giu 2020, 19:24:33, CEST
redpipe,https://github.com/fromage/redpipe, 0aff891d6befdf0dcc2bdbfda22262cdf82ac66f,./redpipe-service-discovery/, DiscoveryTest,checkWebClient,test pass, lun 8 giu 2020, 19:24:33, CEST,lun 8 giu 2020, 19:24:38, CEST
redpipe,https://github.com/fromage/redpipe, 0aff891d6befdf0dcc2bdbfda22262cdf82ac66f,./redpipe-service-discovery/, DiscoveryTest,checkWebClient,test pass, lun 8 giu 2020, 19:24:38, CEST,lun 8 giu 2020, 19:24:42, CEST
redpipe,https://github.com/fromage/redpipe, 0aff891d6befdf0dcc2bdbfda22262cdf82ac66f,./redpipe-service-discovery/, DiscoveryTest,checkWebClient,test pass, lun 8 giu 2020, 19:24:42, CEST,lun 8 giu 2020, 19:24:46, CEST
redpipe,https://github.com/fromage/redpipe, 0aff891d6befdf0dcc2bdbfda22262cdf82ac66f,./redpipe-service-discovery/, DiscoveryTest,checkWebClient,test pass, lun 8 giu 2020, 19:24:46, CEST,lun 8 giu 2020, 19:24:50, CEST
redpipe,https://github.com/fromage/redpipe, 0aff891d6befdf0dcc2bdbfda22262cdf82ac66f,./redpipe-service-discovery/, DiscoveryTest,checkWebClient,test pass, lun 8 giu 2020, 19:24:50, CEST,lun 8 giu 2020, 19:24:54, CEST
redpipe,https://github.com/fromage/redpipe, 0aff891d6befdf0dcc2bdbfda22262cdf82ac66f,./redpipe-service-discovery/, DiscoveryTest,checkWebClient,test pass, lun 8 giu 2020, 19:24:54, CEST,lun 8 giu 2020, 19:24:58, CEST
redpipe,https://github.com/fromage/redpipe, 0aff891d6befdf0dcc2bdbfda22262cdf82ac66f,./redpipe-service-discovery/, DiscoveryTest,checkWebClient,test pass, lun 8 giu 2020, 19:24:58, CEST,lun 8 giu 2020, 19:25:03, CEST
redpipe,https://github.com/fromage/redpipe, 0aff891d6befdf0dcc2bdbfda22262cdf82ac66f,./redpipe-service-discovery/, DiscoveryTest,checkWebClient,test pass, lun 8 giu 2020, 19:25:03, CEST,lun 8 giu 2020, 19:25:07, CEST
redpipe,https://github.com/fromage/redpipe, 0aff891d6befdf0dcc2bdbfda22262cdf82ac66f,./redpipe-service-discovery/, DiscoveryTest,checkWebClient,test pass, lun 8 giu 2020, 19:25:07, CEST,lun 8 giu 2020, 19:25:11, CEST
redpipe,https://github.com/fromage/redpipe, 0aff891d6befdf0dcc2bdbfda22262cdf82ac66f,./redpipe-service-discovery/, DiscoveryTest,checkWebClient,test pass, lun 8 giu 2020, 19:25:11, CEST,lun 8 giu 2020, 19:25:15, CEST
redpipe,https://github.com/fromage/redpipe, 0aff891d6befdf0dcc2bdbfda22262cdf82ac66f,./redpipe-service-discovery/, DiscoveryTest,checkWebClient,test pass, lun 8 giu 2020, 19:25:15, CEST,lun 8 giu 2020, 19:25:19, CEST
redpipe,https://github.com/fromage/redpipe, 0aff891d6befdf0dcc2bdbfda22262cdf82ac66f,./redpipe-service-discovery/, DiscoveryTest,checkWebClient,test pass, lun 8 giu 2020, 19:25:19, CEST,lun 8 giu 2020, 19:25:24, CEST
redpipe,https://github.com/fromage/redpipe, 0aff891d6befdf0dcc2bdbfda22262cdf82ac66f,./redpipe-service-discovery/, DiscoveryTest,checkWebClient,test pass, lun 8 giu 2020, 19:25:24, CEST,lun 8 giu 2020, 19:25:29, CEST
redpipe,https://github.com/fromage/redpipe, 0aff891d6befdf0dcc2bdbfda22262cdf82ac66f,./redpipe-service-discovery/, DiscoveryTest,checkWebClient,test pass, lun 8 giu 2020, 19:25:29, CEST,lun 8 giu 2020, 19:25:33, CEST
redpipe,https://github.com/fromage/redpipe, 0aff891d6befdf0dcc2bdbfda22262cdf82ac66f,./redpipe-service-discovery/, DiscoveryTest,checkWebClient,test pass, lun 8 giu 2020, 19:25:33, CEST,lun 8 giu 2020, 19:25:37, CEST
redpipe,https://github.com/fromage/redpipe, 0aff891d6befdf0dcc2bdbfda22262cdf82ac66f,./redpipe-service-discovery/, DiscoveryTest,checkWebClient,test pass, lun 8 giu 2020, 19:25:37, CEST,lun 8 giu 2020, 19:25:41, CEST
redpipe,https://github.com/fromage/redpipe, 0aff891d6befdf0dcc2bdbfda22262cdf82ac66f,./redpipe-service-discovery/, DiscoveryTest,checkWebClient,test pass, lun 8 giu 2020, 19:25:41, CEST,lun 8 giu 2020, 19:25:46, CEST
redpipe,https://github.com/fromage/redpipe, 0aff891d6befdf0dcc2bdbfda22262cdf82ac66f,./redpipe-service-discovery/, DiscoveryTest,checkWebClient,test pass, lun 8 giu 2020, 19:25:46, CEST,lun 8 giu 2020, 19:25:50, CEST
redpipe,https://github.com/fromage/redpipe, 0aff891d6befdf0dcc2bdbfda22262cdf82ac66f,./redpipe-service-discovery/, DiscoveryTest,checkWebClient,test pass, lun 8 giu 2020, 19:25:50, CEST,lun 8 giu 2020, 19:25:55, CEST
redpipe,https://github.com/fromage/redpipe, 0aff891d6befdf0dcc2bdbfda22262cdf82ac66f,./redpipe-service-discovery/, DiscoveryTest,checkWebClient,test pass, lun 8 giu 2020, 19:25:55, CEST,lun 8 giu 2020, 19:25:59, CEST
redpipe,https://github.com/fromage/redpipe, 0aff891d6befdf0dcc2bdbfda22262cdf82ac66f,./redpipe-service-discovery/, DiscoveryTest,checkWebClient,test pass, lun 8 giu 2020, 19:25:59, CEST,lun 8 giu 2020, 19:26:03, CEST
redpipe,https://github.com/fromage/redpipe, 0aff891d6befdf0dcc2bdbfda22262cdf82ac66f,./redpipe-service-discovery/, DiscoveryTest,checkWebClient,test pass, lun 8 giu 2020, 19:26:03, CEST,lun 8 giu 2020, 19:26:07, CEST
redpipe,https://github.com/fromage/redpipe, 0aff891d6befdf0dcc2bdbfda22262cdf82ac66f,./redpipe-service-discovery/, DiscoveryTest,checkWebClient,test pass, lun 8 giu 2020, 19:26:07, CEST,lun 8 giu 2020, 19:26:11, CEST
redpipe,https://github.com/fromage/redpipe, 0aff891d6befdf0dcc2bdbfda22262cdf82ac66f,./redpipe-service-discovery/, DiscoveryTest,checkWebClient,test pass, lun 8 giu 2020, 19:26:11, CEST,lun 8 giu 2020, 19:26:15, CEST
redpipe,https://github.com/fromage/redpipe, 0aff891d6befdf0dcc2bdbfda22262cdf82ac66f,./redpipe-service-discovery/, DiscoveryTest,checkWebClient,test pass, lun 8 giu 2020, 19:26:15, CEST,lun 8 giu 2020, 19:26:19, CEST
redpipe,https://github.com/fromage/redpipe, 0aff891d6befdf0dcc2bdbfda22262cdf82ac66f,./redpipe-service-discovery/, DiscoveryTest,checkWebClient,test pass, lun 8 giu 2020, 19:26:19, CEST,lun 8 giu 2020, 19:26:23, CEST
redpipe,https://github.com/fromage/redpipe, 0aff891d6befdf0dcc2bdbfda22262cdf82ac66f,./redpipe-service-discovery/, DiscoveryTest,checkWebClient,test pass, lun 8 giu 2020, 19:26:23, CEST,lun 8 giu 2020, 19:26:28, CEST
redpipe,https://github.com/fromage/redpipe, 0aff891d6befdf0dcc2bdbfda22262cdf82ac66f,./redpipe-service-discovery/, DiscoveryTest,checkWebClient,test pass, lun 8 giu 2020, 19:26:28, CEST,lun 8 giu 2020, 19:26:32, CEST
redpipe,https://github.com/fromage/redpipe, 0aff891d6befdf0dcc2bdbfda22262cdf82ac66f,./redpipe-service-discovery/, DiscoveryTest,checkWebClient,test pass, lun 8 giu 2020, 19:26:32, CEST,lun 8 giu 2020, 19:26:36, CEST
redpipe,https://github.com/fromage/redpipe, 0aff891d6befdf0dcc2bdbfda22262cdf82ac66f,./redpipe-service-discovery/, DiscoveryTest,checkWebClient,test pass, lun 8 giu 2020, 19:26:36, CEST,lun 8 giu 2020, 19:26:41, CEST
redpipe,https://github.com/fromage/redpipe, 0aff891d6befdf0dcc2bdbfda22262cdf82ac66f,./redpipe-service-discovery/, DiscoveryTest,checkWebClient,test pass, lun 8 giu 2020, 19:26:41, CEST,lun 8 giu 2020, 19:26:45, CEST
redpipe,https://github.com/fromage/redpipe, 0aff891d6befdf0dcc2bdbfda22262cdf82ac66f,./redpipe-service-discovery/, DiscoveryTest,checkWebClient,test pass, lun 8 giu 2020, 19:26:45, CEST,lun 8 giu 2020, 19:26:49, CEST
redpipe,https://github.com/fromage/redpipe, 0aff891d6befdf0dcc2bdbfda22262cdf82ac66f,./redpipe-service-discovery/, DiscoveryTest,checkWebClient,test pass, lun 8 giu 2020, 19:26:49, CEST,lun 8 giu 2020, 19:26:53, CEST
redpipe,https://github.com/fromage/redpipe, 0aff891d6befdf0dcc2bdbfda22262cdf82ac66f,./redpipe-service-discovery/, DiscoveryTest,checkWebClient,test pass, lun 8 giu 2020, 19:26:53, CEST,lun 8 giu 2020, 19:26:57, CEST
redpipe,https://github.com/fromage/redpipe, 0aff891d6befdf0dcc2bdbfda22262cdf82ac66f,./redpipe-service-discovery/, DiscoveryTest,checkWebClient,test pass, lun 8 giu 2020, 19:26:57, CEST,lun 8 giu 2020, 19:27:01, CEST
redpipe,https://github.com/fromage/redpipe, 0aff891d6befdf0dcc2bdbfda22262cdf82ac66f,./redpipe-service-discovery/, DiscoveryTest,checkWebClient,test pass, lun 8 giu 2020, 19:27:01, CEST,lun 8 giu 2020, 19:27:05, CEST
redpipe,https://github.com/fromage/redpipe, 0aff891d6befdf0dcc2bdbfda22262cdf82ac66f,./redpipe-service-discovery/, DiscoveryTest,checkWebClient,test pass, lun 8 giu 2020, 19:27:05, CEST,lun 8 giu 2020, 19:27:09, CEST
redpipe,https://github.com/fromage/redpipe, 0aff891d6befdf0dcc2bdbfda22262cdf82ac66f,./redpipe-service-discovery/, DiscoveryTest,checkWebClient,test pass, lun 8 giu 2020, 19:27:09, CEST,lun 8 giu 2020, 19:27:14, CEST
redpipe,https://github.com/fromage/redpipe, 0aff891d6befdf0dcc2bdbfda22262cdf82ac66f,./redpipe-service-discovery/, DiscoveryTest,checkWebClient,test pass, lun 8 giu 2020, 19:27:14, CEST,lun 8 giu 2020, 19:27:18, CEST
redpipe,https://github.com/fromage/redpipe, 0aff891d6befdf0dcc2bdbfda22262cdf82ac66f,./redpipe-service-discovery/, DiscoveryTest,checkWebClient,test pass, lun 8 giu 2020, 19:27:18, CEST,lun 8 giu 2020, 19:27:22, CEST
redpipe,https://github.com/fromage/redpipe, 0aff891d6befdf0dcc2bdbfda22262cdf82ac66f,./redpipe-service-discovery/, DiscoveryTest,checkWebClient,test pass, lun 8 giu 2020, 19:27:22, CEST,lun 8 giu 2020, 19:27:26, CEST
redpipe,https://github.com/fromage/redpipe, 0aff891d6befdf0dcc2bdbfda22262cdf82ac66f,./redpipe-service-discovery/, DiscoveryTest,checkWebClient,test pass, lun 8 giu 2020, 19:27:26, CEST,lun 8 giu 2020, 19:27:31, CEST
redpipe,https://github.com/fromage/redpipe, 0aff891d6befdf0dcc2bdbfda22262cdf82ac66f,./redpipe-service-discovery/, DiscoveryTest,checkWebClient,test pass, lun 8 giu 2020, 19:27:31, CEST,lun 8 giu 2020, 19:27:35, CEST
redpipe,https://github.com/fromage/redpipe, 0aff891d6befdf0dcc2bdbfda22262cdf82ac66f,./redpipe-service-discovery/, DiscoveryTest,checkWebClient,test pass, lun 8 giu 2020, 19:27:35, CEST,lun 8 giu 2020, 19:27:39, CEST
redpipe,https://github.com/fromage/redpipe, 0aff891d6befdf0dcc2bdbfda22262cdf82ac66f,./redpipe-service-discovery/, DiscoveryTest,checkWebClient,test pass, lun 8 giu 2020, 19:27:39, CEST,lun 8 giu 2020, 19:27:43, CEST
redpipe,https://github.com/fromage/redpipe, 0aff891d6befdf0dcc2bdbfda22262cdf82ac66f,./redpipe-service-discovery/, DiscoveryTest,checkWebClient,test pass, lun 8 giu 2020, 19:27:43, CEST,lun 8 giu 2020, 19:27:48, CEST
redpipe,https://github.com/fromage/redpipe, 0aff891d6befdf0dcc2bdbfda22262cdf82ac66f,./redpipe-service-discovery/, DiscoveryTest,checkWebClient,test pass, lun 8 giu 2020, 19:27:48, CEST,lun 8 giu 2020, 19:27:52, CEST
redpipe,https://github.com/fromage/redpipe, 0aff891d6befdf0dcc2bdbfda22262cdf82ac66f,./redpipe-service-discovery/, DiscoveryTest,checkWebClient,test pass, lun 8 giu 2020, 19:27:52, CEST,lun 8 giu 2020, 19:27:56, CEST
redpipe,https://github.com/fromage/redpipe, 0aff891d6befdf0dcc2bdbfda22262cdf82ac66f,./redpipe-service-discovery/, DiscoveryTest,checkWebClient,test pass, lun 8 giu 2020, 19:27:56, CEST,lun 8 giu 2020, 19:28:00, CEST
redpipe,https://github.com/fromage/redpipe, 0aff891d6befdf0dcc2bdbfda22262cdf82ac66f,./redpipe-service-discovery/, DiscoveryTest,checkWebClient,test pass, lun 8 giu 2020, 19:28:00, CEST,lun 8 giu 2020, 19:28:05, CEST
redpipe,https://github.com/fromage/redpipe, 0aff891d6befdf0dcc2bdbfda22262cdf82ac66f,./redpipe-service-discovery/, DiscoveryTest,checkWebClient,test pass, lun 8 giu 2020, 19:28:05, CEST,lun 8 giu 2020, 19:28:09, CEST
redpipe,https://github.com/fromage/redpipe, 0aff891d6befdf0dcc2bdbfda22262cdf82ac66f,./redpipe-service-discovery/, DiscoveryTest,checkWebClient,test pass, lun 8 giu 2020, 19:28:09, CEST,lun 8 giu 2020, 19:28:14, CEST
redpipe,https://github.com/fromage/redpipe, 0aff891d6befdf0dcc2bdbfda22262cdf82ac66f,./redpipe-service-discovery/, DiscoveryTest,checkWebClient,test pass, lun 8 giu 2020, 19:28:14, CEST,lun 8 giu 2020, 19:28:18, CEST
redpipe,https://github.com/fromage/redpipe, 0aff891d6befdf0dcc2bdbfda22262cdf82ac66f,./redpipe-service-discovery/, DiscoveryTest,checkWebClient,test pass, lun 8 giu 2020, 19:28:18, CEST,lun 8 giu 2020, 19:28:23, CEST
redpipe,https://github.com/fromage/redpipe, 0aff891d6befdf0dcc2bdbfda22262cdf82ac66f,./redpipe-service-discovery/, DiscoveryTest,checkWebClient,test pass, lun 8 giu 2020, 19:28:23, CEST,lun 8 giu 2020, 19:28:27, CEST
redpipe,https://github.com/fromage/redpipe, 0aff891d6befdf0dcc2bdbfda22262cdf82ac66f,./redpipe-service-discovery/, DiscoveryTest,checkWebClient,test pass, lun 8 giu 2020, 19:28:27, CEST,lun 8 giu 2020, 19:28:31, CEST
redpipe,https://github.com/fromage/redpipe, 0aff891d6befdf0dcc2bdbfda22262cdf82ac66f,./redpipe-service-discovery/, DiscoveryTest,checkWebClient,test pass, lun 8 giu 2020, 19:28:31, CEST,lun 8 giu 2020, 19:28:36, CEST
redpipe,https://github.com/fromage/redpipe, 0aff891d6befdf0dcc2bdbfda22262cdf82ac66f,./redpipe-service-discovery/, DiscoveryTest,checkWebClient,test pass, lun 8 giu 2020, 19:28:36, CEST,lun 8 giu 2020, 19:28:40, CEST
redpipe,https://github.com/fromage/redpipe, 0aff891d6befdf0dcc2bdbfda22262cdf82ac66f,./redpipe-service-discovery/, DiscoveryTest,checkWebClient,test pass, lun 8 giu 2020, 19:28:40, CEST,lun 8 giu 2020, 19:28:44, CEST
redpipe,https://github.com/fromage/redpipe, 0aff891d6befdf0dcc2bdbfda22262cdf82ac66f,./redpipe-service-discovery/, DiscoveryTest,checkWebClient,test pass, lun 8 giu 2020, 19:28:44, CEST,lun 8 giu 2020, 19:28:48, CEST
redpipe,https://github.com/fromage/redpipe, 0aff891d6befdf0dcc2bdbfda22262cdf82ac66f,./redpipe-service-discovery/, DiscoveryTest,checkWebClient,test pass, lun 8 giu 2020, 19:28:48, CEST,lun 8 giu 2020, 19:28:52, CEST
redpipe,https://github.com/fromage/redpipe, 0aff891d6befdf0dcc2bdbfda22262cdf82ac66f,./redpipe-service-discovery/, DiscoveryTest,checkWebClient,test pass, lun 8 giu 2020, 19:28:52, CEST,lun 8 giu 2020, 19:28:56, CEST
redpipe,https://github.com/fromage/redpipe, 0aff891d6befdf0dcc2bdbfda22262cdf82ac66f,./redpipe-service-discovery/, DiscoveryTest,checkWebClient,test pass, lun 8 giu 2020, 19:28:56, CEST,lun 8 giu 2020, 19:29:01, CEST
redpipe,https://github.com/fromage/redpipe, 0aff891d6befdf0dcc2bdbfda22262cdf82ac66f,./redpipe-service-discovery/, DiscoveryTest,checkWebClient,test pass, lun 8 giu 2020, 19:29:01, CEST,lun 8 giu 2020, 19:29:05, CEST
redpipe,https://github.com/fromage/redpipe, 0aff891d6befdf0dcc2bdbfda22262cdf82ac66f,./redpipe-service-discovery/, DiscoveryTest,checkWebClient,test pass, lun 8 giu 2020, 19:29:05, CEST,lun 8 giu 2020, 19:29:09, CEST
redpipe,https://github.com/fromage/redpipe, 0aff891d6befdf0dcc2bdbfda22262cdf82ac66f,./redpipe-service-discovery/, DiscoveryTest,checkWebClient,test pass, lun 8 giu 2020, 19:29:09, CEST,lun 8 giu 2020, 19:29:13, CEST
redpipe,https://github.com/fromage/redpipe, 0aff891d6befdf0dcc2bdbfda22262cdf82ac66f,./redpipe-service-discovery/, DiscoveryTest,checkWebClient,test pass, lun 8 giu 2020, 19:29:13, CEST,lun 8 giu 2020, 19:29:17, CEST
redpipe,https://github.com/fromage/redpipe, 0aff891d6befdf0dcc2bdbfda22262cdf82ac66f,./redpipe-service-discovery/, DiscoveryTest,checkWebClient,test pass, lun 8 giu 2020, 19:29:17, CEST,lun 8 giu 2020, 19:29:20, CEST
redpipe,https://github.com/fromage/redpipe, 0aff891d6befdf0dcc2bdbfda22262cdf82ac66f,./redpipe-service-discovery/, DiscoveryTest,checkWebClient,test pass, lun 8 giu 2020, 19:29:20, CEST,lun 8 giu 2020, 19:29:24, CEST
redpipe,https://github.com/fromage/redpipe, 0aff891d6befdf0dcc2bdbfda22262cdf82ac66f,./redpipe-service-discovery/, DiscoveryTest,checkWebClient,test pass, lun 8 giu 2020, 19:29:24, CEST,lun 8 giu 2020, 19:29:29, CEST
redpipe,https://github.com/fromage/redpipe, 0aff891d6befdf0dcc2bdbfda22262cdf82ac66f,./redpipe-service-discovery/, DiscoveryTest,checkWebClient,test pass, lun 8 giu 2020, 19:29:29, CEST,lun 8 giu 2020, 19:29:33, CEST
redpipe,https://github.com/fromage/redpipe, 0aff891d6befdf0dcc2bdbfda22262cdf82ac66f,./redpipe-service-discovery/, DiscoveryTest,checkWebClient,test pass, lun 8 giu 2020, 19:29:33, CEST,lun 8 giu 2020, 19:29:37, CEST
redpipe,https://github.com/fromage/redpipe, 0aff891d6befdf0dcc2bdbfda22262cdf82ac66f,./redpipe-service-discovery/, DiscoveryTest,checkWebClient,test pass, lun 8 giu 2020, 19:29:37, CEST,lun 8 giu 2020, 19:29:41, CEST
redpipe,https://github.com/fromage/redpipe, 0aff891d6befdf0dcc2bdbfda22262cdf82ac66f,./redpipe-service-discovery/, DiscoveryTest,checkWebClient,test pass, lun 8 giu 2020, 19:29:41, CEST,lun 8 giu 2020, 19:29:45, CEST
redpipe,https://github.com/fromage/redpipe, 0aff891d6befdf0dcc2bdbfda22262cdf82ac66f,./redpipe-service-discovery/, DiscoveryTest,checkWebClient,test pass, lun 8 giu 2020, 19:29:45, CEST,lun 8 giu 2020, 19:29:49, CEST
redpipe,https://github.com/fromage/redpipe, 0aff891d6befdf0dcc2bdbfda22262cdf82ac66f,./redpipe-service-discovery/, DiscoveryTest,checkWebClient,test pass, lun 8 giu 2020, 19:29:49, CEST,lun 8 giu 2020, 19:29:53, CEST
redpipe,https://github.com/fromage/redpipe, 0aff891d6befdf0dcc2bdbfda22262cdf82ac66f,./redpipe-service-discovery/, DiscoveryTest,checkWebClient,test pass, lun 8 giu 2020, 19:29:53, CEST,lun 8 giu 2020, 19:29:57, CEST
redpipe,https://github.com/fromage/redpipe, 0aff891d6befdf0dcc2bdbfda22262cdf82ac66f,./redpipe-service-discovery/, DiscoveryTest,checkWebClient,test pass, lun 8 giu 2020, 19:29:57, CEST,lun 8 giu 2020, 19:30:01, CEST
redpipe,https://github.com/fromage/redpipe, 0aff891d6befdf0dcc2bdbfda22262cdf82ac66f,./redpipe-service-discovery/, DiscoveryTest,checkWebClient,test pass, lun 8 giu 2020, 19:30:01, CEST,lun 8 giu 2020, 19:30:05, CEST
redpipe,https://github.com/fromage/redpipe, 0aff891d6befdf0dcc2bdbfda22262cdf82ac66f,./redpipe-service-discovery/, DiscoveryTest,checkWebClient,test pass, lun 8 giu 2020, 19:30:05, CEST,lun 8 giu 2020, 19:30:09, CEST
redpipe,https://github.com/fromage/redpipe, 0aff891d6befdf0dcc2bdbfda22262cdf82ac66f,./redpipe-service-discovery/, DiscoveryTest,checkWebClient,test pass, lun 8 giu 2020, 19:30:09, CEST,lun 8 giu 2020, 19:30:13, CEST
redpipe,https://github.com/fromage/redpipe, 0aff891d6befdf0dcc2bdbfda22262cdf82ac66f,./redpipe-service-discovery/, DiscoveryTest,checkWebClient,test pass, lun 8 giu 2020, 19:30:13, CEST,lun 8 giu 2020, 19:30:17, CEST
redpipe,https://github.com/fromage/redpipe, 0aff891d6befdf0dcc2bdbfda22262cdf82ac66f,./redpipe-service-discovery/, DiscoveryTest,checkWebClient,test pass, lun 8 giu 2020, 19:30:17, CEST,lun 8 giu 2020, 19:30:21, CEST
redpipe,https://github.com/fromage/redpipe, 0aff891d6befdf0dcc2bdbfda22262cdf82ac66f,./redpipe-service-discovery/, DiscoveryTest,checkWebClient,test pass, lun 8 giu 2020, 19:30:21, CEST,lun 8 giu 2020, 19:30:26, CEST
redpipe,https://github.com/fromage/redpipe, 0aff891d6befdf0dcc2bdbfda22262cdf82ac66f,./redpipe-service-discovery/, DiscoveryTest,checkWebClient,test pass, lun 8 giu 2020, 19:30:26, CEST,lun 8 giu 2020, 19:30:30, CEST
redpipe,https://github.com/fromage/redpipe, 0aff891d6befdf0dcc2bdbfda22262cdf82ac66f,./redpipe-service-discovery/, DiscoveryTest,checkWebClient,test pass, lun 8 giu 2020, 19:30:30, CEST,lun 8 giu 2020, 19:30:34, CEST
redpipe,https://github.com/fromage/redpipe, 0aff891d6befdf0dcc2bdbfda22262cdf82ac66f,./redpipe-service-discovery/, DiscoveryTest,checkWebClient,test pass, lun 8 giu 2020, 19:30:34, CEST,lun 8 giu 2020, 19:30:39, CEST
redpipe,https://github.com/fromage/redpipe, 0aff891d6befdf0dcc2bdbfda22262cdf82ac66f,./redpipe-service-discovery/, DiscoveryTest,checkWebClient,test pass, lun 8 giu 2020, 19:30:39, CEST,lun 8 giu 2020, 19:30:43, CEST
redpipe,https://github.com/fromage/redpipe, 0aff891d6befdf0dcc2bdbfda22262cdf82ac66f,./redpipe-service-discovery/, DiscoveryTest,checkWebClient,test pass, lun 8 giu 2020, 19:30:43, CEST,lun 8 giu 2020, 19:30:48, CEST
redpipe,https://github.com/fromage/redpipe, 0aff891d6befdf0dcc2bdbfda22262cdf82ac66f,./redpipe-service-discovery/, DiscoveryTest,checkWebClient,test pass, lun 8 giu 2020, 19:30:48, CEST,lun 8 giu 2020, 19:30:53, CEST
redpipe,https://github.com/fromage/redpipe, 0aff891d6befdf0dcc2bdbfda22262cdf82ac66f,./redpipe-service-discovery/, DiscoveryTest,checkWebClient,test pass, lun 8 giu 2020, 19:30:53, CEST,lun 8 giu 2020, 19:30:58, CEST
redpipe,https://github.com/fromage/redpipe, 0aff891d6befdf0dcc2bdbfda22262cdf82ac66f,./redpipe-service-discovery/, DiscoveryTest,checkWebClient,test pass, lun 8 giu 2020, 19:30:58, CEST,lun 8 giu 2020, 19:31:03, CEST
redpipe,https://github.com/fromage/redpipe, 0aff891d6befdf0dcc2bdbfda22262cdf82ac66f,./redpipe-service-discovery/, DiscoveryTest,checkWebClient,test pass, lun 8 giu 2020, 19:31:03, CEST,lun 8 giu 2020, 19:31:07, CEST
redpipe,https://github.com/fromage/redpipe, 0aff891d6befdf0dcc2bdbfda22262cdf82ac66f,./redpipe-service-discovery/, DiscoveryTest,checkWebClient,test pass, lun 8 giu 2020, 19:31:07, CEST,lun 8 giu 2020, 19:31:12, CEST
redpipe,https://github.com/fromage/redpipe, 0aff891d6befdf0dcc2bdbfda22262cdf82ac66f,./redpipe-service-discovery/, DiscoveryTest,checkWebClient,test pass, lun 8 giu 2020, 19:31:12, CEST,lun 8 giu 2020, 19:31:17, CEST
redpipe,https://github.com/fromage/redpipe, 0aff891d6befdf0dcc2bdbfda22262cdf82ac66f,./redpipe-service-discovery/, DiscoveryTest,checkWebClient,test pass, lun 8 giu 2020, 19:31:17, CEST,lun 8 giu 2020, 19:31:22, CEST
redpipe,https://github.com/fromage/redpipe, 0aff891d6befdf0dcc2bdbfda22262cdf82ac66f,./redpipe-service-discovery/, DiscoveryTest,checkWebClient,test pass, lun 8 giu 2020, 19:31:22, CEST,lun 8 giu 2020, 19:31:26, CEST
redpipe,https://github.com/fromage/redpipe, 0aff891d6befdf0dcc2bdbfda22262cdf82ac66f,./redpipe-service-discovery/, DiscoveryTest,checkWebClient,test pass, lun 8 giu 2020, 19:31:26, CEST,lun 8 giu 2020, 19:31:31, CEST
redpipe,https://github.com/fromage/redpipe, 0aff891d6befdf0dcc2bdbfda22262cdf82ac66f,./redpipe-service-discovery/, DiscoveryTest,checkWebClient,test pass, lun 8 giu 2020, 19:31:31, CEST,lun 8 giu 2020, 19:31:36, CEST
redpipe,https://github.com/fromage/redpipe, 0aff891d6befdf0dcc2bdbfda22262cdf82ac66f,./redpipe-service-discovery/, DiscoveryTest,checkWebClient,test pass, lun 8 giu 2020, 19:31:36, CEST,lun 8 giu 2020, 19:31:41, CEST
redpipe,https://github.com/fromage/redpipe, 0aff891d6befdf0dcc2bdbfda22262cdf82ac66f,./redpipe-service-discovery/, DiscoveryTest,checkWebClient,test pass, lun 8 giu 2020, 19:31:41, CEST,lun 8 giu 2020, 19:31:45, CEST
redpipe,https://github.com/fromage/redpipe, 0aff891d6befdf0dcc2bdbfda22262cdf82ac66f,./redpipe-service-discovery/, DiscoveryTest,checkWebClient,test pass, lun 8 giu 2020, 19:31:45, CEST,lun 8 giu 2020, 19:31:50, CEST
redpipe,https://github.com/fromage/redpipe, 0aff891d6befdf0dcc2bdbfda22262cdf82ac66f,./redpipe-service-discovery/, DiscoveryTest,checkWebClient,test pass, lun 8 giu 2020, 19:31:50, CEST,lun 8 giu 2020, 19:31:55, CEST
redpipe,https://github.com/fromage/redpipe, 0aff891d6befdf0dcc2bdbfda22262cdf82ac66f,./redpipe-service-discovery/, DiscoveryTest,checkWebClient,test pass, lun 8 giu 2020, 19:31:55, CEST,lun 8 giu 2020, 19:31:59, CEST
redpipe,https://github.com/fromage/redpipe, 0aff891d6befdf0dcc2bdbfda22262cdf82ac66f,./redpipe-service-discovery/, DiscoveryTest,checkWebClient,test pass, lun 8 giu 2020, 19:31:59, CEST,lun 8 giu 2020, 19:32:04, CEST
redpipe,https://github.com/fromage/redpipe, 0aff891d6befdf0dcc2bdbfda22262cdf82ac66f,./redpipe-service-discovery/, DiscoveryTest,checkWebClient,test pass, lun 8 giu 2020, 19:32:04, CEST,lun 8 giu 2020, 19:32:09, CEST
redpipe,https://github.com/fromage/redpipe, 0aff891d6befdf0dcc2bdbfda22262cdf82ac66f,./redpipe-service-discovery/, DiscoveryTest,checkWebClient,test pass, lun 8 giu 2020, 19:32:09, CEST,lun 8 giu 2020, 19:32:13, CEST
redpipe,https://github.com/fromage/redpipe, 0aff891d6befdf0dcc2bdbfda22262cdf82ac66f,./redpipe-service-discovery/, DiscoveryTest,checkWebClient,test pass, lun 8 giu 2020, 19:32:13, CEST,lun 8 giu 2020, 19:32:17, CEST
redpipe,https://github.com/fromage/redpipe, 0aff891d6befdf0dcc2bdbfda22262cdf82ac66f,./redpipe-service-discovery/, DiscoveryTest,checkWebClient,test pass, lun 8 giu 2020, 19:32:17, CEST,lun 8 giu 2020, 19:32:22, CEST
redpipe,https://github.com/fromage/redpipe, 0aff891d6befdf0dcc2bdbfda22262cdf82ac66f,./redpipe-service-discovery/, DiscoveryTest,checkWebClient,test pass, lun 8 giu 2020, 19:32:22, CEST,lun 8 giu 2020, 19:32:26, CEST
redpipe,https://github.com/fromage/redpipe, 0aff891d6befdf0dcc2bdbfda22262cdf82ac66f,./redpipe-service-discovery/, DiscoveryTest,checkWebClient,test pass, lun 8 giu 2020, 19:32:26, CEST,lun 8 giu 2020, 19:32:31, CEST
redpipe,https://github.com/fromage/redpipe, 0aff891d6befdf0dcc2bdbfda22262cdf82ac66f,./redpipe-service-discovery/, DiscoveryTest,checkWebClient,test pass, lun 8 giu 2020, 19:32:31, CEST,lun 8 giu 2020, 19:32:36, CEST
redpipe,https://github.com/fromage/redpipe, 0aff891d6befdf0dcc2bdbfda22262cdf82ac66f,./redpipe-service-discovery/, DiscoveryTest,checkWebClient,test pass, lun 8 giu 2020, 19:32:36, CEST,lun 8 giu 2020, 19:32:40, CEST
redpipe,https://github.com/fromage/redpipe, 0aff891d6befdf0dcc2bdbfda22262cdf82ac66f,./redpipe-service-discovery/, DiscoveryTest,checkWebClient,test pass, lun 8 giu 2020, 19:32:40, CEST,lun 8 giu 2020, 19:32:44, CEST
redpipe,https://github.com/fromage/redpipe, 0aff891d6befdf0dcc2bdbfda22262cdf82ac66f,./redpipe-service-discovery/, DiscoveryTest,checkWebClient,test pass, lun 8 giu 2020, 19:32:44, CEST,lun 8 giu 2020, 19:32:48, CEST
redpipe,https://github.com/fromage/redpipe, 0aff891d6befdf0dcc2bdbfda22262cdf82ac66f,./redpipe-service-discovery/, DiscoveryTest,checkWebClient,test pass, lun 8 giu 2020, 19:32:48, CEST,lun 8 giu 2020, 19:32:52, CEST
redpipe,https://github.com/fromage/redpipe, 0aff891d6befdf0dcc2bdbfda22262cdf82ac66f,./redpipe-service-discovery/, DiscoveryTest,checkWebClient,test pass, lun 8 giu 2020, 19:32:52, CEST,lun 8 giu 2020, 19:32:56, CEST
redpipe,https://github.com/fromage/redpipe, 0aff891d6befdf0dcc2bdbfda22262cdf82ac66f,./redpipe-service-discovery/, DiscoveryTest,checkWebClient,test pass, lun 8 giu 2020, 19:32:56, CEST,lun 8 giu 2020, 19:33:00, CEST
redpipe,https://github.com/fromage/redpipe, 0aff891d6befdf0dcc2bdbfda22262cdf82ac66f,./redpipe-service-discovery/, DiscoveryTest,checkWebClient,test pass, lun 8 giu 2020, 19:33:00, CEST,lun 8 giu 2020, 19:33:05, CEST
redpipe,https://github.com/fromage/redpipe, 0aff891d6befdf0dcc2bdbfda22262cdf82ac66f,./redpipe-service-discovery/, DiscoveryTest,checkWebClient,test pass, lun 8 giu 2020, 19:33:05, CEST,lun 8 giu 2020, 19:33:09, CEST
redpipe,https://github.com/fromage/redpipe, 0aff891d6befdf0dcc2bdbfda22262cdf82ac66f,./redpipe-service-discovery/, DiscoveryTest,checkWebClient,test pass, lun 8 giu 2020, 19:33:09, CEST,lun 8 giu 2020, 19:33:14, CEST
redpipe,https://github.com/fromage/redpipe, 0aff891d6befdf0dcc2bdbfda22262cdf82ac66f,./redpipe-service-discovery/, DiscoveryTest,checkWebClient,test pass, lun 8 giu 2020, 19:33:14, CEST,lun 8 giu 2020, 19:33:18, CEST
redpipe,https://github.com/fromage/redpipe, 0aff891d6befdf0dcc2bdbfda22262cdf82ac66f,./redpipe-service-discovery/, DiscoveryTest,checkWebClient,test pass, lun 8 giu 2020, 19:33:18, CEST,lun 8 giu 2020, 19:33:22, CEST
redpipe,https://github.com/fromage/redpipe, 0aff891d6befdf0dcc2bdbfda22262cdf82ac66f,./redpipe-service-discovery/, DiscoveryTest,checkWebClient,test pass, lun 8 giu 2020, 19:33:22, CEST,lun 8 giu 2020, 19:33:26, CEST
redpipe,https://github.com/fromage/redpipe, 0aff891d6befdf0dcc2bdbfda22262cdf82ac66f,./redpipe-service-discovery/, DiscoveryTest,checkWebClient,test pass, lun 8 giu 2020, 19:33:26, CEST,lun 8 giu 2020, 19:33:31, CEST
redpipe,https://github.com/fromage/redpipe, 0aff891d6befdf0dcc2bdbfda22262cdf82ac66f,./redpipe-service-discovery/, DiscoveryTest,checkWebClient,test pass, lun 8 giu 2020, 19:33:31, CEST,lun 8 giu 2020, 19:33:35, CEST
redpipe,https://github.com/fromage/redpipe, 0aff891d6befdf0dcc2bdbfda22262cdf82ac66f,./redpipe-service-discovery/, DiscoveryTest,checkWebClient,test pass, lun 8 giu 2020, 19:33:35, CEST,lun 8 giu 2020, 19:33:40, CEST
redpipe,https://github.com/fromage/redpipe, 0aff891d6befdf0dcc2bdbfda22262cdf82ac66f,./redpipe-service-discovery/, DiscoveryTest,checkWebClient,test pass, lun 8 giu 2020, 19:33:40, CEST,lun 8 giu 2020, 19:33:44, CEST
redpipe,https://github.com/fromage/redpipe, 0aff891d6befdf0dcc2bdbfda22262cdf82ac66f,./redpipe-service-discovery/, DiscoveryTest,checkWebClient,test pass, lun 8 giu 2020, 19:33:44, CEST,lun 8 giu 2020, 19:33:48, CEST
redpipe,https://github.com/fromage/redpipe, 0aff891d6befdf0dcc2bdbfda22262cdf82ac66f,./redpipe-service-discovery/, DiscoveryTest,checkWebClient,test pass, lun 8 giu 2020, 19:33:48, CEST,lun 8 giu 2020, 19:33:52, CEST
redpipe,https://github.com/fromage/redpipe, 0aff891d6befdf0dcc2bdbfda22262cdf82ac66f,./redpipe-service-discovery/, DiscoveryTest,checkWebClient,test pass, lun 8 giu 2020, 19:33:52, CEST,lun 8 giu 2020, 19:33:56, CEST
redpipe,https://github.com/fromage/redpipe, 0aff891d6befdf0dcc2bdbfda22262cdf82ac66f,./redpipe-service-discovery/, DiscoveryTest,checkWebClient,test pass, lun 8 giu 2020, 19:33:56, CEST,lun 8 giu 2020, 19:34:00, CEST
redpipe,https://github.com/fromage/redpipe, 0aff891d6befdf0dcc2bdbfda22262cdf82ac66f,./redpipe-service-discovery/, DiscoveryTest,checkWebClient,test pass, lun 8 giu 2020, 19:34:00, CEST,lun 8 giu 2020, 19:34:04, CEST
redpipe,https://github.com/fromage/redpipe, 0aff891d6befdf0dcc2bdbfda22262cdf82ac66f,./redpipe-service-discovery/, DiscoveryTest,checkWebClient,test pass, lun 8 giu 2020, 19:34:04, CEST,lun 8 giu 2020, 19:34:08, CEST
redpipe,https://github.com/fromage/redpipe, 0aff891d6befdf0dcc2bdbfda22262cdf82ac66f,./redpipe-service-discovery/, DiscoveryTest,checkWebClient,test pass, lun 8 giu 2020, 19:34:08, CEST,lun 8 giu 2020, 19:34:13, CEST
redpipe,https://github.com/fromage/redpipe, 0aff891d6befdf0dcc2bdbfda22262cdf82ac66f,./redpipe-service-discovery/, DiscoveryTest,checkWebClient,test pass, lun 8 giu 2020, 19:34:13, CEST,lun 8 giu 2020, 19:34:17, CEST
redpipe,https://github.com/fromage/redpipe, 0aff891d6befdf0dcc2bdbfda22262cdf82ac66f,./redpipe-service-discovery/, DiscoveryTest,checkWebClient,test pass, lun 8 giu 2020, 19:34:17, CEST,lun 8 giu 2020, 19:34:22, CEST
redpipe,https://github.com/fromage/redpipe, 0aff891d6befdf0dcc2bdbfda22262cdf82ac66f,./redpipe-service-discovery/, DiscoveryTest,checkWebClient,test pass, lun 8 giu 2020, 19:34:22, CEST,lun 8 giu 2020, 19:34:26, CEST
redpipe,https://github.com/fromage/redpipe, 0aff891d6befdf0dcc2bdbfda22262cdf82ac66f,./redpipe-service-discovery/, DiscoveryTest,checkWebClient,test pass, lun 8 giu 2020, 19:34:26, CEST,lun 8 giu 2020, 19:34:30, CEST
redpipe,https://github.com/fromage/redpipe, 0aff891d6befdf0dcc2bdbfda22262cdf82ac66f,./redpipe-service-discovery/, DiscoveryTest,checkWebClient,test pass, lun 8 giu 2020, 19:34:30, CEST,lun 8 giu 2020, 19:34:34, CEST
redpipe,https://github.com/fromage/redpipe, 0aff891d6befdf0dcc2bdbfda22262cdf82ac66f,./redpipe-service-discovery/, DiscoveryTest,checkWebClient,test pass, lun 8 giu 2020, 19:34:34, CEST,lun 8 giu 2020, 19:34:39, CEST
redpipe,https://github.com/fromage/redpipe, 0aff891d6befdf0dcc2bdbfda22262cdf82ac66f,./redpipe-service-discovery/, DiscoveryTest,checkWebClient,test pass, lun 8 giu 2020, 19:34:39, CEST,lun 8 giu 2020, 19:34:43, CEST
redpipe,https://github.com/fromage/redpipe, 0aff891d6befdf0dcc2bdbfda22262cdf82ac66f,./redpipe-service-discovery/, DiscoveryTest,checkWebClient,test pass, lun 8 giu 2020, 19:34:43, CEST,lun 8 giu 2020, 19:34:47, CEST
redpipe,https://github.com/fromage/redpipe, 0aff891d6befdf0dcc2bdbfda22262cdf82ac66f,./redpipe-service-discovery/, DiscoveryTest,checkWebClient,test pass, lun 8 giu 2020, 19:34:47, CEST,lun 8 giu 2020, 19:34:51, CEST
redpipe,https://github.com/fromage/redpipe, 0aff891d6befdf0dcc2bdbfda22262cdf82ac66f,./redpipe-service-discovery/, DiscoveryTest,checkWebClient,test pass, lun 8 giu 2020, 19:34:51, CEST,lun 8 giu 2020, 19:34:55, CEST
redpipe,https://github.com/fromage/redpipe, 0aff891d6befdf0dcc2bdbfda22262cdf82ac66f,./redpipe-service-discovery/, DiscoveryTest,checkWebClient,test pass, lun 8 giu 2020, 19:34:55, CEST,lun 8 giu 2020, 19:34:59, CEST
redpipe,https://github.com/fromage/redpipe, 0aff891d6befdf0dcc2bdbfda22262cdf82ac66f,./redpipe-service-discovery/, DiscoveryTest,checkWebClient,test pass, lun 8 giu 2020, 19:34:59, CEST,lun 8 giu 2020, 19:35:04, CEST
redpipe,https://github.com/fromage/redpipe, 0aff891d6befdf0dcc2bdbfda22262cdf82ac66f,./redpipe-service-discovery/, DiscoveryTest,checkWebClient,test pass, lun 8 giu 2020, 19:35:04, CEST,lun 8 giu 2020, 19:35:08, CEST
redpipe,https://github.com/fromage/redpipe, 0aff891d6befdf0dcc2bdbfda22262cdf82ac66f,./redpipe-service-discovery/, DiscoveryTest,checkWebClient,test pass, lun 8 giu 2020, 19:35:08, CEST,lun 8 giu 2020, 19:35:12, CEST
redpipe,https://github.com/fromage/redpipe, 0aff891d6befdf0dcc2bdbfda22262cdf82ac66f,./redpipe-service-discovery/, DiscoveryTest,checkWebClient,test pass, lun 8 giu 2020, 19:35:12, CEST,lun 8 giu 2020, 19:35:17, CEST
redpipe,https://github.com/fromage/redpipe, 0aff891d6befdf0dcc2bdbfda22262cdf82ac66f,./redpipe-service-discovery/, DiscoveryTest,checkWebClient,test pass, lun 8 giu 2020, 19:35:17, CEST,lun 8 giu 2020, 19:35:21, CEST
