yawp,https://github.com/feroult/yawp, b3bcf9c958d51b3b3f8fdd0ccc26923d5a531da1,./yawp-testing/yawp-testing-appengine/, FlowDropsTest,testFlowDropsToSameSink,test pass, mar 9 giu 2020, 16:04:08, CEST,mar 9 giu 2020, 16:04:14, CEST
yawp,https://github.com/feroult/yawp, b3bcf9c958d51b3b3f8fdd0ccc26923d5a531da1,./yawp-testing/yawp-testing-appengine/, FlowDropsTest,testFlowDropsToSameSink,test pass, mar 9 giu 2020, 16:04:14, CEST,mar 9 giu 2020, 16:04:20, CEST
yawp,https://github.com/feroult/yawp, b3bcf9c958d51b3b3f8fdd0ccc26923d5a531da1,./yawp-testing/yawp-testing-appengine/, FlowDropsTest,testFlowDropsToSameSink,test pass, mar 9 giu 2020, 16:04:20, CEST,mar 9 giu 2020, 16:04:26, CEST
yawp,https://github.com/feroult/yawp, b3bcf9c958d51b3b3f8fdd0ccc26923d5a531da1,./yawp-testing/yawp-testing-appengine/, FlowDropsTest,testFlowDropsToSameSink,test pass, mar 9 giu 2020, 16:04:26, CEST,mar 9 giu 2020, 16:04:32, CEST
yawp,https://github.com/feroult/yawp, b3bcf9c958d51b3b3f8fdd0ccc26923d5a531da1,./yawp-testing/yawp-testing-appengine/, FlowDropsTest,testFlowDropsToSameSink,test pass, mar 9 giu 2020, 16:04:32, CEST,mar 9 giu 2020, 16:04:38, CEST
yawp,https://github.com/feroult/yawp, b3bcf9c958d51b3b3f8fdd0ccc26923d5a531da1,./yawp-testing/yawp-testing-appengine/, FlowDropsTest,testFlowDropsToSameSink,test pass, mar 9 giu 2020, 16:04:38, CEST,mar 9 giu 2020, 16:04:44, CEST
yawp,https://github.com/feroult/yawp, b3bcf9c958d51b3b3f8fdd0ccc26923d5a531da1,./yawp-testing/yawp-testing-appengine/, FlowDropsTest,testFlowDropsToSameSink,test pass, mar 9 giu 2020, 16:04:44, CEST,mar 9 giu 2020, 16:04:50, CEST
yawp,https://github.com/feroult/yawp, b3bcf9c958d51b3b3f8fdd0ccc26923d5a531da1,./yawp-testing/yawp-testing-appengine/, FlowDropsTest,testFlowDropsToSameSink,test pass, mar 9 giu 2020, 16:04:50, CEST,mar 9 giu 2020, 16:04:56, CEST
yawp,https://github.com/feroult/yawp, b3bcf9c958d51b3b3f8fdd0ccc26923d5a531da1,./yawp-testing/yawp-testing-appengine/, FlowDropsTest,testFlowDropsToSameSink,test fail, mar 9 giu 2020, 16:04:56, CEST,mar 9 giu 2020, 16:05:02, CEST
yawp,https://github.com/feroult/yawp, b3bcf9c958d51b3b3f8fdd0ccc26923d5a531da1,./yawp-testing/yawp-testing-appengine/, FlowDropsTest,testFlowDropsToSameSink,test pass, mar 9 giu 2020, 16:05:02, CEST,mar 9 giu 2020, 16:05:08, CEST
yawp,https://github.com/feroult/yawp, b3bcf9c958d51b3b3f8fdd0ccc26923d5a531da1,./yawp-testing/yawp-testing-appengine/, FlowDropsTest,testFlowDropsToSameSink,test pass, mar 9 giu 2020, 16:05:08, CEST,mar 9 giu 2020, 16:05:14, CEST
yawp,https://github.com/feroult/yawp, b3bcf9c958d51b3b3f8fdd0ccc26923d5a531da1,./yawp-testing/yawp-testing-appengine/, FlowDropsTest,testFlowDropsToSameSink,test pass, mar 9 giu 2020, 16:05:14, CEST,mar 9 giu 2020, 16:05:20, CEST
yawp,https://github.com/feroult/yawp, b3bcf9c958d51b3b3f8fdd0ccc26923d5a531da1,./yawp-testing/yawp-testing-appengine/, FlowDropsTest,testFlowDropsToSameSink,test pass, mar 9 giu 2020, 16:05:20, CEST,mar 9 giu 2020, 16:05:26, CEST
yawp,https://github.com/feroult/yawp, b3bcf9c958d51b3b3f8fdd0ccc26923d5a531da1,./yawp-testing/yawp-testing-appengine/, FlowDropsTest,testFlowDropsToSameSink,test pass, mar 9 giu 2020, 16:05:26, CEST,mar 9 giu 2020, 16:05:32, CEST
yawp,https://github.com/feroult/yawp, b3bcf9c958d51b3b3f8fdd0ccc26923d5a531da1,./yawp-testing/yawp-testing-appengine/, FlowDropsTest,testFlowDropsToSameSink,test pass, mar 9 giu 2020, 16:05:32, CEST,mar 9 giu 2020, 16:05:38, CEST
yawp,https://github.com/feroult/yawp, b3bcf9c958d51b3b3f8fdd0ccc26923d5a531da1,./yawp-testing/yawp-testing-appengine/, FlowDropsTest,testFlowDropsToSameSink,test pass, mar 9 giu 2020, 16:05:38, CEST,mar 9 giu 2020, 16:05:44, CEST
yawp,https://github.com/feroult/yawp, b3bcf9c958d51b3b3f8fdd0ccc26923d5a531da1,./yawp-testing/yawp-testing-appengine/, FlowDropsTest,testFlowDropsToSameSink,test pass, mar 9 giu 2020, 16:05:44, CEST,mar 9 giu 2020, 16:05:50, CEST
yawp,https://github.com/feroult/yawp, b3bcf9c958d51b3b3f8fdd0ccc26923d5a531da1,./yawp-testing/yawp-testing-appengine/, FlowDropsTest,testFlowDropsToSameSink,test pass, mar 9 giu 2020, 16:05:50, CEST,mar 9 giu 2020, 16:05:56, CEST
yawp,https://github.com/feroult/yawp, b3bcf9c958d51b3b3f8fdd0ccc26923d5a531da1,./yawp-testing/yawp-testing-appengine/, FlowDropsTest,testFlowDropsToSameSink,test pass, mar 9 giu 2020, 16:05:56, CEST,mar 9 giu 2020, 16:06:03, CEST
yawp,https://github.com/feroult/yawp, b3bcf9c958d51b3b3f8fdd0ccc26923d5a531da1,./yawp-testing/yawp-testing-appengine/, FlowDropsTest,testFlowDropsToSameSink,test pass, mar 9 giu 2020, 16:06:03, CEST,mar 9 giu 2020, 16:06:09, CEST
yawp,https://github.com/feroult/yawp, b3bcf9c958d51b3b3f8fdd0ccc26923d5a531da1,./yawp-testing/yawp-testing-appengine/, FlowDropsTest,testFlowDropsToSameSink,test pass, mar 9 giu 2020, 16:06:09, CEST,mar 9 giu 2020, 16:06:15, CEST
yawp,https://github.com/feroult/yawp, b3bcf9c958d51b3b3f8fdd0ccc26923d5a531da1,./yawp-testing/yawp-testing-appengine/, FlowDropsTest,testFlowDropsToSameSink,test pass, mar 9 giu 2020, 16:06:15, CEST,mar 9 giu 2020, 16:06:21, CEST
yawp,https://github.com/feroult/yawp, b3bcf9c958d51b3b3f8fdd0ccc26923d5a531da1,./yawp-testing/yawp-testing-appengine/, FlowDropsTest,testFlowDropsToSameSink,test pass, mar 9 giu 2020, 16:06:21, CEST,mar 9 giu 2020, 16:06:27, CEST
yawp,https://github.com/feroult/yawp, b3bcf9c958d51b3b3f8fdd0ccc26923d5a531da1,./yawp-testing/yawp-testing-appengine/, FlowDropsTest,testFlowDropsToSameSink,test pass, mar 9 giu 2020, 16:06:27, CEST,mar 9 giu 2020, 16:06:33, CEST
yawp,https://github.com/feroult/yawp, b3bcf9c958d51b3b3f8fdd0ccc26923d5a531da1,./yawp-testing/yawp-testing-appengine/, FlowDropsTest,testFlowDropsToSameSink,test pass, mar 9 giu 2020, 16:06:33, CEST,mar 9 giu 2020, 16:06:39, CEST
yawp,https://github.com/feroult/yawp, b3bcf9c958d51b3b3f8fdd0ccc26923d5a531da1,./yawp-testing/yawp-testing-appengine/, FlowDropsTest,testFlowDropsToSameSink,test pass, mar 9 giu 2020, 16:06:39, CEST,mar 9 giu 2020, 16:06:45, CEST
yawp,https://github.com/feroult/yawp, b3bcf9c958d51b3b3f8fdd0ccc26923d5a531da1,./yawp-testing/yawp-testing-appengine/, FlowDropsTest,testFlowDropsToSameSink,test pass, mar 9 giu 2020, 16:06:45, CEST,mar 9 giu 2020, 16:06:51, CEST
yawp,https://github.com/feroult/yawp, b3bcf9c958d51b3b3f8fdd0ccc26923d5a531da1,./yawp-testing/yawp-testing-appengine/, FlowDropsTest,testFlowDropsToSameSink,test pass, mar 9 giu 2020, 16:06:51, CEST,mar 9 giu 2020, 16:06:57, CEST
yawp,https://github.com/feroult/yawp, b3bcf9c958d51b3b3f8fdd0ccc26923d5a531da1,./yawp-testing/yawp-testing-appengine/, FlowDropsTest,testFlowDropsToSameSink,test pass, mar 9 giu 2020, 16:06:57, CEST,mar 9 giu 2020, 16:07:03, CEST
yawp,https://github.com/feroult/yawp, b3bcf9c958d51b3b3f8fdd0ccc26923d5a531da1,./yawp-testing/yawp-testing-appengine/, FlowDropsTest,testFlowDropsToSameSink,test pass, mar 9 giu 2020, 16:07:03, CEST,mar 9 giu 2020, 16:07:09, CEST
yawp,https://github.com/feroult/yawp, b3bcf9c958d51b3b3f8fdd0ccc26923d5a531da1,./yawp-testing/yawp-testing-appengine/, FlowDropsTest,testFlowDropsToSameSink,test pass, mar 9 giu 2020, 16:07:09, CEST,mar 9 giu 2020, 16:07:15, CEST
yawp,https://github.com/feroult/yawp, b3bcf9c958d51b3b3f8fdd0ccc26923d5a531da1,./yawp-testing/yawp-testing-appengine/, FlowDropsTest,testFlowDropsToSameSink,test pass, mar 9 giu 2020, 16:07:15, CEST,mar 9 giu 2020, 16:07:21, CEST
yawp,https://github.com/feroult/yawp, b3bcf9c958d51b3b3f8fdd0ccc26923d5a531da1,./yawp-testing/yawp-testing-appengine/, FlowDropsTest,testFlowDropsToSameSink,test pass, mar 9 giu 2020, 16:07:21, CEST,mar 9 giu 2020, 16:07:27, CEST
yawp,https://github.com/feroult/yawp, b3bcf9c958d51b3b3f8fdd0ccc26923d5a531da1,./yawp-testing/yawp-testing-appengine/, FlowDropsTest,testFlowDropsToSameSink,test pass, mar 9 giu 2020, 16:07:27, CEST,mar 9 giu 2020, 16:07:33, CEST
yawp,https://github.com/feroult/yawp, b3bcf9c958d51b3b3f8fdd0ccc26923d5a531da1,./yawp-testing/yawp-testing-appengine/, FlowDropsTest,testFlowDropsToSameSink,test pass, mar 9 giu 2020, 16:07:33, CEST,mar 9 giu 2020, 16:07:39, CEST
yawp,https://github.com/feroult/yawp, b3bcf9c958d51b3b3f8fdd0ccc26923d5a531da1,./yawp-testing/yawp-testing-appengine/, FlowDropsTest,testFlowDropsToSameSink,test pass, mar 9 giu 2020, 16:07:39, CEST,mar 9 giu 2020, 16:07:45, CEST
yawp,https://github.com/feroult/yawp, b3bcf9c958d51b3b3f8fdd0ccc26923d5a531da1,./yawp-testing/yawp-testing-appengine/, FlowDropsTest,testFlowDropsToSameSink,test pass, mar 9 giu 2020, 16:07:45, CEST,mar 9 giu 2020, 16:07:51, CEST
yawp,https://github.com/feroult/yawp, b3bcf9c958d51b3b3f8fdd0ccc26923d5a531da1,./yawp-testing/yawp-testing-appengine/, FlowDropsTest,testFlowDropsToSameSink,test pass, mar 9 giu 2020, 16:07:51, CEST,mar 9 giu 2020, 16:07:57, CEST
yawp,https://github.com/feroult/yawp, b3bcf9c958d51b3b3f8fdd0ccc26923d5a531da1,./yawp-testing/yawp-testing-appengine/, FlowDropsTest,testFlowDropsToSameSink,test pass, mar 9 giu 2020, 16:07:57, CEST,mar 9 giu 2020, 16:08:03, CEST
yawp,https://github.com/feroult/yawp, b3bcf9c958d51b3b3f8fdd0ccc26923d5a531da1,./yawp-testing/yawp-testing-appengine/, FlowDropsTest,testFlowDropsToSameSink,test pass, mar 9 giu 2020, 16:08:03, CEST,mar 9 giu 2020, 16:08:09, CEST
yawp,https://github.com/feroult/yawp, b3bcf9c958d51b3b3f8fdd0ccc26923d5a531da1,./yawp-testing/yawp-testing-appengine/, FlowDropsTest,testFlowDropsToSameSink,test pass, mar 9 giu 2020, 16:08:09, CEST,mar 9 giu 2020, 16:08:15, CEST
yawp,https://github.com/feroult/yawp, b3bcf9c958d51b3b3f8fdd0ccc26923d5a531da1,./yawp-testing/yawp-testing-appengine/, FlowDropsTest,testFlowDropsToSameSink,test pass, mar 9 giu 2020, 16:08:15, CEST,mar 9 giu 2020, 16:08:21, CEST
yawp,https://github.com/feroult/yawp, b3bcf9c958d51b3b3f8fdd0ccc26923d5a531da1,./yawp-testing/yawp-testing-appengine/, FlowDropsTest,testFlowDropsToSameSink,test pass, mar 9 giu 2020, 16:08:21, CEST,mar 9 giu 2020, 16:08:27, CEST
yawp,https://github.com/feroult/yawp, b3bcf9c958d51b3b3f8fdd0ccc26923d5a531da1,./yawp-testing/yawp-testing-appengine/, FlowDropsTest,testFlowDropsToSameSink,test pass, mar 9 giu 2020, 16:08:27, CEST,mar 9 giu 2020, 16:08:33, CEST
yawp,https://github.com/feroult/yawp, b3bcf9c958d51b3b3f8fdd0ccc26923d5a531da1,./yawp-testing/yawp-testing-appengine/, FlowDropsTest,testFlowDropsToSameSink,test pass, mar 9 giu 2020, 16:08:33, CEST,mar 9 giu 2020, 16:08:39, CEST
yawp,https://github.com/feroult/yawp, b3bcf9c958d51b3b3f8fdd0ccc26923d5a531da1,./yawp-testing/yawp-testing-appengine/, FlowDropsTest,testFlowDropsToSameSink,test pass, mar 9 giu 2020, 16:08:39, CEST,mar 9 giu 2020, 16:08:45, CEST
yawp,https://github.com/feroult/yawp, b3bcf9c958d51b3b3f8fdd0ccc26923d5a531da1,./yawp-testing/yawp-testing-appengine/, FlowDropsTest,testFlowDropsToSameSink,test pass, mar 9 giu 2020, 16:08:45, CEST,mar 9 giu 2020, 16:08:51, CEST
yawp,https://github.com/feroult/yawp, b3bcf9c958d51b3b3f8fdd0ccc26923d5a531da1,./yawp-testing/yawp-testing-appengine/, FlowDropsTest,testFlowDropsToSameSink,test pass, mar 9 giu 2020, 16:08:51, CEST,mar 9 giu 2020, 16:08:57, CEST
yawp,https://github.com/feroult/yawp, b3bcf9c958d51b3b3f8fdd0ccc26923d5a531da1,./yawp-testing/yawp-testing-appengine/, FlowDropsTest,testFlowDropsToSameSink,test pass, mar 9 giu 2020, 16:08:57, CEST,mar 9 giu 2020, 16:09:03, CEST
yawp,https://github.com/feroult/yawp, b3bcf9c958d51b3b3f8fdd0ccc26923d5a531da1,./yawp-testing/yawp-testing-appengine/, FlowDropsTest,testFlowDropsToSameSink,test pass, mar 9 giu 2020, 16:09:03, CEST,mar 9 giu 2020, 16:09:09, CEST
yawp,https://github.com/feroult/yawp, b3bcf9c958d51b3b3f8fdd0ccc26923d5a531da1,./yawp-testing/yawp-testing-appengine/, FlowDropsTest,testFlowDropsToSameSink,test pass, mar 9 giu 2020, 16:09:09, CEST,mar 9 giu 2020, 16:09:15, CEST
yawp,https://github.com/feroult/yawp, b3bcf9c958d51b3b3f8fdd0ccc26923d5a531da1,./yawp-testing/yawp-testing-appengine/, FlowDropsTest,testFlowDropsToSameSink,test pass, mar 9 giu 2020, 16:09:16, CEST,mar 9 giu 2020, 16:09:22, CEST
yawp,https://github.com/feroult/yawp, b3bcf9c958d51b3b3f8fdd0ccc26923d5a531da1,./yawp-testing/yawp-testing-appengine/, FlowDropsTest,testFlowDropsToSameSink,test pass, mar 9 giu 2020, 16:09:22, CEST,mar 9 giu 2020, 16:09:28, CEST
yawp,https://github.com/feroult/yawp, b3bcf9c958d51b3b3f8fdd0ccc26923d5a531da1,./yawp-testing/yawp-testing-appengine/, FlowDropsTest,testFlowDropsToSameSink,test pass, mar 9 giu 2020, 16:09:28, CEST,mar 9 giu 2020, 16:09:34, CEST
yawp,https://github.com/feroult/yawp, b3bcf9c958d51b3b3f8fdd0ccc26923d5a531da1,./yawp-testing/yawp-testing-appengine/, FlowDropsTest,testFlowDropsToSameSink,test pass, mar 9 giu 2020, 16:09:34, CEST,mar 9 giu 2020, 16:09:40, CEST
yawp,https://github.com/feroult/yawp, b3bcf9c958d51b3b3f8fdd0ccc26923d5a531da1,./yawp-testing/yawp-testing-appengine/, FlowDropsTest,testFlowDropsToSameSink,test pass, mar 9 giu 2020, 16:09:40, CEST,mar 9 giu 2020, 16:09:46, CEST
yawp,https://github.com/feroult/yawp, b3bcf9c958d51b3b3f8fdd0ccc26923d5a531da1,./yawp-testing/yawp-testing-appengine/, FlowDropsTest,testFlowDropsToSameSink,test pass, mar 9 giu 2020, 16:09:46, CEST,mar 9 giu 2020, 16:09:52, CEST
yawp,https://github.com/feroult/yawp, b3bcf9c958d51b3b3f8fdd0ccc26923d5a531da1,./yawp-testing/yawp-testing-appengine/, FlowDropsTest,testFlowDropsToSameSink,test pass, mar 9 giu 2020, 16:09:52, CEST,mar 9 giu 2020, 16:09:58, CEST
yawp,https://github.com/feroult/yawp, b3bcf9c958d51b3b3f8fdd0ccc26923d5a531da1,./yawp-testing/yawp-testing-appengine/, FlowDropsTest,testFlowDropsToSameSink,test pass, mar 9 giu 2020, 16:09:58, CEST,mar 9 giu 2020, 16:10:05, CEST
yawp,https://github.com/feroult/yawp, b3bcf9c958d51b3b3f8fdd0ccc26923d5a531da1,./yawp-testing/yawp-testing-appengine/, FlowDropsTest,testFlowDropsToSameSink,test pass, mar 9 giu 2020, 16:10:05, CEST,mar 9 giu 2020, 16:10:11, CEST
yawp,https://github.com/feroult/yawp, b3bcf9c958d51b3b3f8fdd0ccc26923d5a531da1,./yawp-testing/yawp-testing-appengine/, FlowDropsTest,testFlowDropsToSameSink,test pass, mar 9 giu 2020, 16:10:11, CEST,mar 9 giu 2020, 16:10:17, CEST
yawp,https://github.com/feroult/yawp, b3bcf9c958d51b3b3f8fdd0ccc26923d5a531da1,./yawp-testing/yawp-testing-appengine/, FlowDropsTest,testFlowDropsToSameSink,test pass, mar 9 giu 2020, 16:10:17, CEST,mar 9 giu 2020, 16:10:23, CEST
yawp,https://github.com/feroult/yawp, b3bcf9c958d51b3b3f8fdd0ccc26923d5a531da1,./yawp-testing/yawp-testing-appengine/, FlowDropsTest,testFlowDropsToSameSink,test pass, mar 9 giu 2020, 16:10:23, CEST,mar 9 giu 2020, 16:10:29, CEST
yawp,https://github.com/feroult/yawp, b3bcf9c958d51b3b3f8fdd0ccc26923d5a531da1,./yawp-testing/yawp-testing-appengine/, FlowDropsTest,testFlowDropsToSameSink,test pass, mar 9 giu 2020, 16:10:29, CEST,mar 9 giu 2020, 16:10:35, CEST
yawp,https://github.com/feroult/yawp, b3bcf9c958d51b3b3f8fdd0ccc26923d5a531da1,./yawp-testing/yawp-testing-appengine/, FlowDropsTest,testFlowDropsToSameSink,test pass, mar 9 giu 2020, 16:10:35, CEST,mar 9 giu 2020, 16:10:41, CEST
yawp,https://github.com/feroult/yawp, b3bcf9c958d51b3b3f8fdd0ccc26923d5a531da1,./yawp-testing/yawp-testing-appengine/, FlowDropsTest,testFlowDropsToSameSink,test pass, mar 9 giu 2020, 16:10:41, CEST,mar 9 giu 2020, 16:10:48, CEST
yawp,https://github.com/feroult/yawp, b3bcf9c958d51b3b3f8fdd0ccc26923d5a531da1,./yawp-testing/yawp-testing-appengine/, FlowDropsTest,testFlowDropsToSameSink,test pass, mar 9 giu 2020, 16:10:48, CEST,mar 9 giu 2020, 16:10:54, CEST
yawp,https://github.com/feroult/yawp, b3bcf9c958d51b3b3f8fdd0ccc26923d5a531da1,./yawp-testing/yawp-testing-appengine/, FlowDropsTest,testFlowDropsToSameSink,test pass, mar 9 giu 2020, 16:10:54, CEST,mar 9 giu 2020, 16:11:00, CEST
yawp,https://github.com/feroult/yawp, b3bcf9c958d51b3b3f8fdd0ccc26923d5a531da1,./yawp-testing/yawp-testing-appengine/, FlowDropsTest,testFlowDropsToSameSink,test pass, mar 9 giu 2020, 16:11:00, CEST,mar 9 giu 2020, 16:11:06, CEST
yawp,https://github.com/feroult/yawp, b3bcf9c958d51b3b3f8fdd0ccc26923d5a531da1,./yawp-testing/yawp-testing-appengine/, FlowDropsTest,testFlowDropsToSameSink,test pass, mar 9 giu 2020, 16:11:06, CEST,mar 9 giu 2020, 16:11:11, CEST
yawp,https://github.com/feroult/yawp, b3bcf9c958d51b3b3f8fdd0ccc26923d5a531da1,./yawp-testing/yawp-testing-appengine/, FlowDropsTest,testFlowDropsToSameSink,test pass, mar 9 giu 2020, 16:11:11, CEST,mar 9 giu 2020, 16:11:17, CEST
yawp,https://github.com/feroult/yawp, b3bcf9c958d51b3b3f8fdd0ccc26923d5a531da1,./yawp-testing/yawp-testing-appengine/, FlowDropsTest,testFlowDropsToSameSink,test pass, mar 9 giu 2020, 16:11:17, CEST,mar 9 giu 2020, 16:11:23, CEST
yawp,https://github.com/feroult/yawp, b3bcf9c958d51b3b3f8fdd0ccc26923d5a531da1,./yawp-testing/yawp-testing-appengine/, FlowDropsTest,testFlowDropsToSameSink,test pass, mar 9 giu 2020, 16:11:23, CEST,mar 9 giu 2020, 16:11:30, CEST
yawp,https://github.com/feroult/yawp, b3bcf9c958d51b3b3f8fdd0ccc26923d5a531da1,./yawp-testing/yawp-testing-appengine/, FlowDropsTest,testFlowDropsToSameSink,test pass, mar 9 giu 2020, 16:11:30, CEST,mar 9 giu 2020, 16:11:36, CEST
yawp,https://github.com/feroult/yawp, b3bcf9c958d51b3b3f8fdd0ccc26923d5a531da1,./yawp-testing/yawp-testing-appengine/, FlowDropsTest,testFlowDropsToSameSink,test pass, mar 9 giu 2020, 16:11:36, CEST,mar 9 giu 2020, 16:11:42, CEST
yawp,https://github.com/feroult/yawp, b3bcf9c958d51b3b3f8fdd0ccc26923d5a531da1,./yawp-testing/yawp-testing-appengine/, FlowDropsTest,testFlowDropsToSameSink,test pass, mar 9 giu 2020, 16:11:42, CEST,mar 9 giu 2020, 16:11:48, CEST
yawp,https://github.com/feroult/yawp, b3bcf9c958d51b3b3f8fdd0ccc26923d5a531da1,./yawp-testing/yawp-testing-appengine/, FlowDropsTest,testFlowDropsToSameSink,test pass, mar 9 giu 2020, 16:11:48, CEST,mar 9 giu 2020, 16:11:54, CEST
yawp,https://github.com/feroult/yawp, b3bcf9c958d51b3b3f8fdd0ccc26923d5a531da1,./yawp-testing/yawp-testing-appengine/, FlowDropsTest,testFlowDropsToSameSink,test pass, mar 9 giu 2020, 16:11:54, CEST,mar 9 giu 2020, 16:12:00, CEST
yawp,https://github.com/feroult/yawp, b3bcf9c958d51b3b3f8fdd0ccc26923d5a531da1,./yawp-testing/yawp-testing-appengine/, FlowDropsTest,testFlowDropsToSameSink,test pass, mar 9 giu 2020, 16:12:00, CEST,mar 9 giu 2020, 16:12:06, CEST
yawp,https://github.com/feroult/yawp, b3bcf9c958d51b3b3f8fdd0ccc26923d5a531da1,./yawp-testing/yawp-testing-appengine/, FlowDropsTest,testFlowDropsToSameSink,test pass, mar 9 giu 2020, 16:12:06, CEST,mar 9 giu 2020, 16:12:12, CEST
yawp,https://github.com/feroult/yawp, b3bcf9c958d51b3b3f8fdd0ccc26923d5a531da1,./yawp-testing/yawp-testing-appengine/, FlowDropsTest,testFlowDropsToSameSink,test pass, mar 9 giu 2020, 16:12:12, CEST,mar 9 giu 2020, 16:12:19, CEST
yawp,https://github.com/feroult/yawp, b3bcf9c958d51b3b3f8fdd0ccc26923d5a531da1,./yawp-testing/yawp-testing-appengine/, FlowDropsTest,testFlowDropsToSameSink,test pass, mar 9 giu 2020, 16:12:19, CEST,mar 9 giu 2020, 16:12:25, CEST
yawp,https://github.com/feroult/yawp, b3bcf9c958d51b3b3f8fdd0ccc26923d5a531da1,./yawp-testing/yawp-testing-appengine/, FlowDropsTest,testFlowDropsToSameSink,test pass, mar 9 giu 2020, 16:12:25, CEST,mar 9 giu 2020, 16:12:31, CEST
yawp,https://github.com/feroult/yawp, b3bcf9c958d51b3b3f8fdd0ccc26923d5a531da1,./yawp-testing/yawp-testing-appengine/, FlowDropsTest,testFlowDropsToSameSink,test pass, mar 9 giu 2020, 16:12:31, CEST,mar 9 giu 2020, 16:12:37, CEST
yawp,https://github.com/feroult/yawp, b3bcf9c958d51b3b3f8fdd0ccc26923d5a531da1,./yawp-testing/yawp-testing-appengine/, FlowDropsTest,testFlowDropsToSameSink,test pass, mar 9 giu 2020, 16:12:37, CEST,mar 9 giu 2020, 16:12:43, CEST
yawp,https://github.com/feroult/yawp, b3bcf9c958d51b3b3f8fdd0ccc26923d5a531da1,./yawp-testing/yawp-testing-appengine/, FlowDropsTest,testFlowDropsToSameSink,test pass, mar 9 giu 2020, 16:12:43, CEST,mar 9 giu 2020, 16:12:49, CEST
yawp,https://github.com/feroult/yawp, b3bcf9c958d51b3b3f8fdd0ccc26923d5a531da1,./yawp-testing/yawp-testing-appengine/, FlowDropsTest,testFlowDropsToSameSink,test pass, mar 9 giu 2020, 16:12:49, CEST,mar 9 giu 2020, 16:12:55, CEST
yawp,https://github.com/feroult/yawp, b3bcf9c958d51b3b3f8fdd0ccc26923d5a531da1,./yawp-testing/yawp-testing-appengine/, FlowDropsTest,testFlowDropsToSameSink,test fail, mar 9 giu 2020, 16:12:55, CEST,mar 9 giu 2020, 16:13:01, CEST
yawp,https://github.com/feroult/yawp, b3bcf9c958d51b3b3f8fdd0ccc26923d5a531da1,./yawp-testing/yawp-testing-appengine/, FlowDropsTest,testFlowDropsToSameSink,test pass, mar 9 giu 2020, 16:13:01, CEST,mar 9 giu 2020, 16:13:07, CEST
yawp,https://github.com/feroult/yawp, b3bcf9c958d51b3b3f8fdd0ccc26923d5a531da1,./yawp-testing/yawp-testing-appengine/, FlowDropsTest,testFlowDropsToSameSink,test pass, mar 9 giu 2020, 16:13:07, CEST,mar 9 giu 2020, 16:13:13, CEST
yawp,https://github.com/feroult/yawp, b3bcf9c958d51b3b3f8fdd0ccc26923d5a531da1,./yawp-testing/yawp-testing-appengine/, FlowDropsTest,testFlowDropsToSameSink,test pass, mar 9 giu 2020, 16:13:13, CEST,mar 9 giu 2020, 16:13:19, CEST
yawp,https://github.com/feroult/yawp, b3bcf9c958d51b3b3f8fdd0ccc26923d5a531da1,./yawp-testing/yawp-testing-appengine/, FlowDropsTest,testFlowDropsToSameSink,test pass, mar 9 giu 2020, 16:13:19, CEST,mar 9 giu 2020, 16:13:25, CEST
yawp,https://github.com/feroult/yawp, b3bcf9c958d51b3b3f8fdd0ccc26923d5a531da1,./yawp-testing/yawp-testing-appengine/, FlowDropsTest,testFlowDropsToSameSink,test pass, mar 9 giu 2020, 16:13:25, CEST,mar 9 giu 2020, 16:13:31, CEST
yawp,https://github.com/feroult/yawp, b3bcf9c958d51b3b3f8fdd0ccc26923d5a531da1,./yawp-testing/yawp-testing-appengine/, FlowDropsTest,testFlowDropsToSameSink,test pass, mar 9 giu 2020, 16:13:31, CEST,mar 9 giu 2020, 16:13:38, CEST
yawp,https://github.com/feroult/yawp, b3bcf9c958d51b3b3f8fdd0ccc26923d5a531da1,./yawp-testing/yawp-testing-appengine/, FlowDropsTest,testFlowDropsToSameSink,test fail, mar 9 giu 2020, 16:13:38, CEST,mar 9 giu 2020, 16:13:43, CEST
yawp,https://github.com/feroult/yawp, b3bcf9c958d51b3b3f8fdd0ccc26923d5a531da1,./yawp-testing/yawp-testing-appengine/, FlowDropsTest,testFlowDropsToSameSink,test pass, mar 9 giu 2020, 16:13:43, CEST,mar 9 giu 2020, 16:13:49, CEST
yawp,https://github.com/feroult/yawp, b3bcf9c958d51b3b3f8fdd0ccc26923d5a531da1,./yawp-testing/yawp-testing-appengine/, FlowDropsTest,testFlowDropsToSameSink,test pass, mar 9 giu 2020, 16:13:49, CEST,mar 9 giu 2020, 16:13:55, CEST
yawp,https://github.com/feroult/yawp, b3bcf9c958d51b3b3f8fdd0ccc26923d5a531da1,./yawp-testing/yawp-testing-appengine/, FlowDropsTest,testFlowDropsToSameSink,test pass, mar 9 giu 2020, 16:13:55, CEST,mar 9 giu 2020, 16:14:02, CEST
yawp,https://github.com/feroult/yawp, b3bcf9c958d51b3b3f8fdd0ccc26923d5a531da1,./yawp-testing/yawp-testing-appengine/, FlowDropsTest,testFlowDropsToSameSink,test pass, mar 9 giu 2020, 16:14:02, CEST,mar 9 giu 2020, 16:14:08, CEST
yawp,https://github.com/feroult/yawp, b3bcf9c958d51b3b3f8fdd0ccc26923d5a531da1,./yawp-testing/yawp-testing-appengine/, FlowDropsTest,testFlowDropsToSameSink,test pass, mar 9 giu 2020, 16:14:08, CEST,mar 9 giu 2020, 16:14:14, CEST
yawp,https://github.com/feroult/yawp, b3bcf9c958d51b3b3f8fdd0ccc26923d5a531da1,./yawp-testing/yawp-testing-appengine/, FlowDropsTest,testFlowDropsToSameSink,test pass, mar 9 giu 2020, 16:14:14, CEST,mar 9 giu 2020, 16:14:20, CEST
yawp,https://github.com/feroult/yawp, b3bcf9c958d51b3b3f8fdd0ccc26923d5a531da1,./yawp-testing/yawp-testing-appengine/, FlowDropsTest,testFlowDropsToSameSink,test pass, mar 9 giu 2020, 16:14:20, CEST,mar 9 giu 2020, 16:14:26, CEST
yawp,https://github.com/feroult/yawp, b3bcf9c958d51b3b3f8fdd0ccc26923d5a531da1,./yawp-testing/yawp-testing-appengine/, FlowDropsTest,testFlowDropsToSameSink,test pass, mar 9 giu 2020, 16:14:26, CEST,mar 9 giu 2020, 16:14:33, CEST
yawp,https://github.com/feroult/yawp, b3bcf9c958d51b3b3f8fdd0ccc26923d5a531da1,./yawp-testing/yawp-testing-appengine/, FlowDropsTest,testFlowDropsToSameSink,test pass, mar 9 giu 2020, 16:14:33, CEST,mar 9 giu 2020, 16:14:39, CEST
yawp,https://github.com/feroult/yawp, b3bcf9c958d51b3b3f8fdd0ccc26923d5a531da1,./yawp-testing/yawp-testing-appengine/, FlowDropsTest,testFlowDropsToSameSink,test pass, mar 9 giu 2020, 16:14:39, CEST,mar 9 giu 2020, 16:14:45, CEST
yawp,https://github.com/feroult/yawp, b3bcf9c958d51b3b3f8fdd0ccc26923d5a531da1,./yawp-testing/yawp-testing-appengine/, FlowDropsTest,testFlowDropsToSameSink,test pass, mar 9 giu 2020, 16:14:45, CEST,mar 9 giu 2020, 16:14:51, CEST
yawp,https://github.com/feroult/yawp, b3bcf9c958d51b3b3f8fdd0ccc26923d5a531da1,./yawp-testing/yawp-testing-appengine/, FlowDropsTest,testFlowDropsToSameSink,test pass, mar 9 giu 2020, 16:14:51, CEST,mar 9 giu 2020, 16:14:57, CEST
yawp,https://github.com/feroult/yawp, b3bcf9c958d51b3b3f8fdd0ccc26923d5a531da1,./yawp-testing/yawp-testing-appengine/, FlowDropsTest,testFlowDropsToSameSink,test pass, mar 9 giu 2020, 16:14:57, CEST,mar 9 giu 2020, 16:15:03, CEST
yawp,https://github.com/feroult/yawp, b3bcf9c958d51b3b3f8fdd0ccc26923d5a531da1,./yawp-testing/yawp-testing-appengine/, FlowDropsTest,testFlowDropsToSameSink,test pass, mar 9 giu 2020, 16:15:03, CEST,mar 9 giu 2020, 16:15:08, CEST
yawp,https://github.com/feroult/yawp, b3bcf9c958d51b3b3f8fdd0ccc26923d5a531da1,./yawp-testing/yawp-testing-appengine/, FlowDropsTest,testFlowDropsToSameSink,test pass, mar 9 giu 2020, 16:15:08, CEST,mar 9 giu 2020, 16:15:14, CEST
yawp,https://github.com/feroult/yawp, b3bcf9c958d51b3b3f8fdd0ccc26923d5a531da1,./yawp-testing/yawp-testing-appengine/, FlowDropsTest,testFlowDropsToSameSink,test pass, mar 9 giu 2020, 16:15:14, CEST,mar 9 giu 2020, 16:15:20, CEST
yawp,https://github.com/feroult/yawp, b3bcf9c958d51b3b3f8fdd0ccc26923d5a531da1,./yawp-testing/yawp-testing-appengine/, FlowDropsTest,testFlowDropsToSameSink,test pass, mar 9 giu 2020, 16:15:20, CEST,mar 9 giu 2020, 16:15:25, CEST
yawp,https://github.com/feroult/yawp, b3bcf9c958d51b3b3f8fdd0ccc26923d5a531da1,./yawp-testing/yawp-testing-appengine/, FlowDropsTest,testFlowDropsToSameSink,test pass, mar 9 giu 2020, 16:15:25, CEST,mar 9 giu 2020, 16:15:31, CEST
yawp,https://github.com/feroult/yawp, b3bcf9c958d51b3b3f8fdd0ccc26923d5a531da1,./yawp-testing/yawp-testing-appengine/, FlowDropsTest,testFlowDropsToSameSink,test pass, mar 9 giu 2020, 16:15:31, CEST,mar 9 giu 2020, 16:15:36, CEST
yawp,https://github.com/feroult/yawp, b3bcf9c958d51b3b3f8fdd0ccc26923d5a531da1,./yawp-testing/yawp-testing-appengine/, FlowDropsTest,testFlowDropsToSameSink,test pass, mar 9 giu 2020, 16:15:36, CEST,mar 9 giu 2020, 16:15:42, CEST
yawp,https://github.com/feroult/yawp, b3bcf9c958d51b3b3f8fdd0ccc26923d5a531da1,./yawp-testing/yawp-testing-appengine/, FlowDropsTest,testFlowDropsToSameSink,test pass, mar 9 giu 2020, 16:15:42, CEST,mar 9 giu 2020, 16:15:47, CEST
yawp,https://github.com/feroult/yawp, b3bcf9c958d51b3b3f8fdd0ccc26923d5a531da1,./yawp-testing/yawp-testing-appengine/, FlowDropsTest,testFlowDropsToSameSink,test pass, mar 9 giu 2020, 16:15:47, CEST,mar 9 giu 2020, 16:15:52, CEST
yawp,https://github.com/feroult/yawp, b3bcf9c958d51b3b3f8fdd0ccc26923d5a531da1,./yawp-testing/yawp-testing-appengine/, FlowDropsTest,testFlowDropsToSameSink,test pass, mar 9 giu 2020, 16:15:52, CEST,mar 9 giu 2020, 16:15:57, CEST
yawp,https://github.com/feroult/yawp, b3bcf9c958d51b3b3f8fdd0ccc26923d5a531da1,./yawp-testing/yawp-testing-appengine/, FlowDropsTest,testFlowDropsToSameSink,test pass, mar 9 giu 2020, 16:15:57, CEST,mar 9 giu 2020, 16:16:03, CEST
yawp,https://github.com/feroult/yawp, b3bcf9c958d51b3b3f8fdd0ccc26923d5a531da1,./yawp-testing/yawp-testing-appengine/, FlowDropsTest,testFlowDropsToSameSink,test pass, mar 9 giu 2020, 16:16:03, CEST,mar 9 giu 2020, 16:16:08, CEST
yawp,https://github.com/feroult/yawp, b3bcf9c958d51b3b3f8fdd0ccc26923d5a531da1,./yawp-testing/yawp-testing-appengine/, FlowDropsTest,testFlowDropsToSameSink,test pass, mar 9 giu 2020, 16:16:08, CEST,mar 9 giu 2020, 16:16:13, CEST
yawp,https://github.com/feroult/yawp, b3bcf9c958d51b3b3f8fdd0ccc26923d5a531da1,./yawp-testing/yawp-testing-appengine/, FlowDropsTest,testFlowDropsToSameSink,test pass, mar 9 giu 2020, 16:16:13, CEST,mar 9 giu 2020, 16:16:19, CEST
yawp,https://github.com/feroult/yawp, b3bcf9c958d51b3b3f8fdd0ccc26923d5a531da1,./yawp-testing/yawp-testing-appengine/, FlowDropsTest,testFlowDropsToSameSink,test pass, mar 9 giu 2020, 16:16:19, CEST,mar 9 giu 2020, 16:16:24, CEST
yawp,https://github.com/feroult/yawp, b3bcf9c958d51b3b3f8fdd0ccc26923d5a531da1,./yawp-testing/yawp-testing-appengine/, FlowDropsTest,testFlowDropsToSameSink,test pass, mar 9 giu 2020, 16:16:24, CEST,mar 9 giu 2020, 16:16:30, CEST
yawp,https://github.com/feroult/yawp, b3bcf9c958d51b3b3f8fdd0ccc26923d5a531da1,./yawp-testing/yawp-testing-appengine/, FlowDropsTest,testFlowDropsToSameSink,test pass, mar 9 giu 2020, 16:16:30, CEST,mar 9 giu 2020, 16:16:35, CEST
yawp,https://github.com/feroult/yawp, b3bcf9c958d51b3b3f8fdd0ccc26923d5a531da1,./yawp-testing/yawp-testing-appengine/, FlowDropsTest,testFlowDropsToSameSink,test pass, mar 9 giu 2020, 16:16:35, CEST,mar 9 giu 2020, 16:16:40, CEST
yawp,https://github.com/feroult/yawp, b3bcf9c958d51b3b3f8fdd0ccc26923d5a531da1,./yawp-testing/yawp-testing-appengine/, FlowDropsTest,testFlowDropsToSameSink,test pass, mar 9 giu 2020, 16:16:40, CEST,mar 9 giu 2020, 16:16:46, CEST
yawp,https://github.com/feroult/yawp, b3bcf9c958d51b3b3f8fdd0ccc26923d5a531da1,./yawp-testing/yawp-testing-appengine/, FlowDropsTest,testFlowDropsToSameSink,test pass, mar 9 giu 2020, 16:16:46, CEST,mar 9 giu 2020, 16:16:51, CEST
yawp,https://github.com/feroult/yawp, b3bcf9c958d51b3b3f8fdd0ccc26923d5a531da1,./yawp-testing/yawp-testing-appengine/, FlowDropsTest,testFlowDropsToSameSink,test pass, mar 9 giu 2020, 16:16:51, CEST,mar 9 giu 2020, 16:16:57, CEST
yawp,https://github.com/feroult/yawp, b3bcf9c958d51b3b3f8fdd0ccc26923d5a531da1,./yawp-testing/yawp-testing-appengine/, FlowDropsTest,testFlowDropsToSameSink,test pass, mar 9 giu 2020, 16:16:57, CEST,mar 9 giu 2020, 16:17:02, CEST
yawp,https://github.com/feroult/yawp, b3bcf9c958d51b3b3f8fdd0ccc26923d5a531da1,./yawp-testing/yawp-testing-appengine/, FlowDropsTest,testFlowDropsToSameSink,test pass, mar 9 giu 2020, 16:17:02, CEST,mar 9 giu 2020, 16:17:08, CEST
yawp,https://github.com/feroult/yawp, b3bcf9c958d51b3b3f8fdd0ccc26923d5a531da1,./yawp-testing/yawp-testing-appengine/, FlowDropsTest,testFlowDropsToSameSink,test pass, mar 9 giu 2020, 16:17:08, CEST,mar 9 giu 2020, 16:17:13, CEST
yawp,https://github.com/feroult/yawp, b3bcf9c958d51b3b3f8fdd0ccc26923d5a531da1,./yawp-testing/yawp-testing-appengine/, FlowDropsTest,testFlowDropsToSameSink,test pass, mar 9 giu 2020, 16:17:13, CEST,mar 9 giu 2020, 16:17:19, CEST
yawp,https://github.com/feroult/yawp, b3bcf9c958d51b3b3f8fdd0ccc26923d5a531da1,./yawp-testing/yawp-testing-appengine/, FlowDropsTest,testFlowDropsToSameSink,test pass, mar 9 giu 2020, 16:17:19, CEST,mar 9 giu 2020, 16:17:24, CEST
yawp,https://github.com/feroult/yawp, b3bcf9c958d51b3b3f8fdd0ccc26923d5a531da1,./yawp-testing/yawp-testing-appengine/, FlowDropsTest,testFlowDropsToSameSink,test pass, mar 9 giu 2020, 16:17:24, CEST,mar 9 giu 2020, 16:17:29, CEST
yawp,https://github.com/feroult/yawp, b3bcf9c958d51b3b3f8fdd0ccc26923d5a531da1,./yawp-testing/yawp-testing-appengine/, FlowDropsTest,testFlowDropsToSameSink,test pass, mar 9 giu 2020, 16:17:29, CEST,mar 9 giu 2020, 16:17:35, CEST
yawp,https://github.com/feroult/yawp, b3bcf9c958d51b3b3f8fdd0ccc26923d5a531da1,./yawp-testing/yawp-testing-appengine/, FlowDropsTest,testFlowDropsToSameSink,test pass, mar 9 giu 2020, 16:17:35, CEST,mar 9 giu 2020, 16:17:40, CEST
yawp,https://github.com/feroult/yawp, b3bcf9c958d51b3b3f8fdd0ccc26923d5a531da1,./yawp-testing/yawp-testing-appengine/, FlowDropsTest,testFlowDropsToSameSink,test pass, mar 9 giu 2020, 16:17:40, CEST,mar 9 giu 2020, 16:17:46, CEST
yawp,https://github.com/feroult/yawp, b3bcf9c958d51b3b3f8fdd0ccc26923d5a531da1,./yawp-testing/yawp-testing-appengine/, FlowDropsTest,testFlowDropsToSameSink,test pass, mar 9 giu 2020, 16:17:46, CEST,mar 9 giu 2020, 16:17:51, CEST
yawp,https://github.com/feroult/yawp, b3bcf9c958d51b3b3f8fdd0ccc26923d5a531da1,./yawp-testing/yawp-testing-appengine/, FlowDropsTest,testFlowDropsToSameSink,test pass, mar 9 giu 2020, 16:17:51, CEST,mar 9 giu 2020, 16:17:57, CEST
yawp,https://github.com/feroult/yawp, b3bcf9c958d51b3b3f8fdd0ccc26923d5a531da1,./yawp-testing/yawp-testing-appengine/, FlowDropsTest,testFlowDropsToSameSink,test pass, mar 9 giu 2020, 16:17:57, CEST,mar 9 giu 2020, 16:18:02, CEST
yawp,https://github.com/feroult/yawp, b3bcf9c958d51b3b3f8fdd0ccc26923d5a531da1,./yawp-testing/yawp-testing-appengine/, FlowDropsTest,testFlowDropsToSameSink,test pass, mar 9 giu 2020, 16:18:02, CEST,mar 9 giu 2020, 16:18:08, CEST
yawp,https://github.com/feroult/yawp, b3bcf9c958d51b3b3f8fdd0ccc26923d5a531da1,./yawp-testing/yawp-testing-appengine/, FlowDropsTest,testFlowDropsToSameSink,test pass, mar 9 giu 2020, 16:18:08, CEST,mar 9 giu 2020, 16:18:13, CEST
yawp,https://github.com/feroult/yawp, b3bcf9c958d51b3b3f8fdd0ccc26923d5a531da1,./yawp-testing/yawp-testing-appengine/, FlowDropsTest,testFlowDropsToSameSink,test pass, mar 9 giu 2020, 16:18:13, CEST,mar 9 giu 2020, 16:18:19, CEST
yawp,https://github.com/feroult/yawp, b3bcf9c958d51b3b3f8fdd0ccc26923d5a531da1,./yawp-testing/yawp-testing-appengine/, FlowDropsTest,testFlowDropsToSameSink,test pass, mar 9 giu 2020, 16:18:19, CEST,mar 9 giu 2020, 16:18:24, CEST
yawp,https://github.com/feroult/yawp, b3bcf9c958d51b3b3f8fdd0ccc26923d5a531da1,./yawp-testing/yawp-testing-appengine/, FlowDropsTest,testFlowDropsToSameSink,test pass, mar 9 giu 2020, 16:18:24, CEST,mar 9 giu 2020, 16:18:29, CEST
yawp,https://github.com/feroult/yawp, b3bcf9c958d51b3b3f8fdd0ccc26923d5a531da1,./yawp-testing/yawp-testing-appengine/, FlowDropsTest,testFlowDropsToSameSink,test pass, mar 9 giu 2020, 16:18:29, CEST,mar 9 giu 2020, 16:18:35, CEST
yawp,https://github.com/feroult/yawp, b3bcf9c958d51b3b3f8fdd0ccc26923d5a531da1,./yawp-testing/yawp-testing-appengine/, FlowDropsTest,testFlowDropsToSameSink,test pass, mar 9 giu 2020, 16:18:35, CEST,mar 9 giu 2020, 16:18:40, CEST
yawp,https://github.com/feroult/yawp, b3bcf9c958d51b3b3f8fdd0ccc26923d5a531da1,./yawp-testing/yawp-testing-appengine/, FlowDropsTest,testFlowDropsToSameSink,test pass, mar 9 giu 2020, 16:18:40, CEST,mar 9 giu 2020, 16:18:46, CEST
yawp,https://github.com/feroult/yawp, b3bcf9c958d51b3b3f8fdd0ccc26923d5a531da1,./yawp-testing/yawp-testing-appengine/, FlowDropsTest,testFlowDropsToSameSink,test pass, mar 9 giu 2020, 16:18:46, CEST,mar 9 giu 2020, 16:18:52, CEST
yawp,https://github.com/feroult/yawp, b3bcf9c958d51b3b3f8fdd0ccc26923d5a531da1,./yawp-testing/yawp-testing-appengine/, FlowDropsTest,testFlowDropsToSameSink,test pass, mar 9 giu 2020, 16:18:52, CEST,mar 9 giu 2020, 16:18:57, CEST
yawp,https://github.com/feroult/yawp, b3bcf9c958d51b3b3f8fdd0ccc26923d5a531da1,./yawp-testing/yawp-testing-appengine/, FlowDropsTest,testFlowDropsToSameSink,test pass, mar 9 giu 2020, 16:18:57, CEST,mar 9 giu 2020, 16:19:03, CEST
yawp,https://github.com/feroult/yawp, b3bcf9c958d51b3b3f8fdd0ccc26923d5a531da1,./yawp-testing/yawp-testing-appengine/, FlowDropsTest,testFlowDropsToSameSink,test pass, mar 9 giu 2020, 16:19:03, CEST,mar 9 giu 2020, 16:19:08, CEST
yawp,https://github.com/feroult/yawp, b3bcf9c958d51b3b3f8fdd0ccc26923d5a531da1,./yawp-testing/yawp-testing-appengine/, FlowDropsTest,testFlowDropsToSameSink,test pass, mar 9 giu 2020, 16:19:08, CEST,mar 9 giu 2020, 16:19:13, CEST
yawp,https://github.com/feroult/yawp, b3bcf9c958d51b3b3f8fdd0ccc26923d5a531da1,./yawp-testing/yawp-testing-appengine/, FlowDropsTest,testFlowDropsToSameSink,test pass, mar 9 giu 2020, 16:19:13, CEST,mar 9 giu 2020, 16:19:19, CEST
yawp,https://github.com/feroult/yawp, b3bcf9c958d51b3b3f8fdd0ccc26923d5a531da1,./yawp-testing/yawp-testing-appengine/, FlowDropsTest,testFlowDropsToSameSink,test pass, mar 9 giu 2020, 16:19:19, CEST,mar 9 giu 2020, 16:19:24, CEST
yawp,https://github.com/feroult/yawp, b3bcf9c958d51b3b3f8fdd0ccc26923d5a531da1,./yawp-testing/yawp-testing-appengine/, FlowDropsTest,testFlowDropsToSameSink,test pass, mar 9 giu 2020, 16:19:24, CEST,mar 9 giu 2020, 16:19:30, CEST
yawp,https://github.com/feroult/yawp, b3bcf9c958d51b3b3f8fdd0ccc26923d5a531da1,./yawp-testing/yawp-testing-appengine/, FlowDropsTest,testFlowDropsToSameSink,test pass, mar 9 giu 2020, 16:19:30, CEST,mar 9 giu 2020, 16:19:35, CEST
yawp,https://github.com/feroult/yawp, b3bcf9c958d51b3b3f8fdd0ccc26923d5a531da1,./yawp-testing/yawp-testing-appengine/, FlowDropsTest,testFlowDropsToSameSink,test pass, mar 9 giu 2020, 16:19:35, CEST,mar 9 giu 2020, 16:19:41, CEST
yawp,https://github.com/feroult/yawp, b3bcf9c958d51b3b3f8fdd0ccc26923d5a531da1,./yawp-testing/yawp-testing-appengine/, FlowDropsTest,testFlowDropsToSameSink,test pass, mar 9 giu 2020, 16:19:41, CEST,mar 9 giu 2020, 16:19:46, CEST
yawp,https://github.com/feroult/yawp, b3bcf9c958d51b3b3f8fdd0ccc26923d5a531da1,./yawp-testing/yawp-testing-appengine/, FlowDropsTest,testFlowDropsToSameSink,test pass, mar 9 giu 2020, 16:19:46, CEST,mar 9 giu 2020, 16:19:52, CEST
yawp,https://github.com/feroult/yawp, b3bcf9c958d51b3b3f8fdd0ccc26923d5a531da1,./yawp-testing/yawp-testing-appengine/, FlowDropsTest,testFlowDropsToSameSink,test pass, mar 9 giu 2020, 16:19:52, CEST,mar 9 giu 2020, 16:19:57, CEST
yawp,https://github.com/feroult/yawp, b3bcf9c958d51b3b3f8fdd0ccc26923d5a531da1,./yawp-testing/yawp-testing-appengine/, FlowDropsTest,testFlowDropsToSameSink,test pass, mar 9 giu 2020, 16:19:57, CEST,mar 9 giu 2020, 16:20:03, CEST
yawp,https://github.com/feroult/yawp, b3bcf9c958d51b3b3f8fdd0ccc26923d5a531da1,./yawp-testing/yawp-testing-appengine/, FlowDropsTest,testFlowDropsToSameSink,test pass, mar 9 giu 2020, 16:20:03, CEST,mar 9 giu 2020, 16:20:09, CEST
yawp,https://github.com/feroult/yawp, b3bcf9c958d51b3b3f8fdd0ccc26923d5a531da1,./yawp-testing/yawp-testing-appengine/, FlowDropsTest,testFlowDropsToSameSink,test pass, mar 9 giu 2020, 16:20:09, CEST,mar 9 giu 2020, 16:20:14, CEST
yawp,https://github.com/feroult/yawp, b3bcf9c958d51b3b3f8fdd0ccc26923d5a531da1,./yawp-testing/yawp-testing-appengine/, FlowDropsTest,testFlowDropsToSameSink,test pass, mar 9 giu 2020, 16:20:14, CEST,mar 9 giu 2020, 16:20:20, CEST
yawp,https://github.com/feroult/yawp, b3bcf9c958d51b3b3f8fdd0ccc26923d5a531da1,./yawp-testing/yawp-testing-appengine/, FlowDropsTest,testFlowDropsToSameSink,test pass, mar 9 giu 2020, 16:20:20, CEST,mar 9 giu 2020, 16:20:25, CEST
yawp,https://github.com/feroult/yawp, b3bcf9c958d51b3b3f8fdd0ccc26923d5a531da1,./yawp-testing/yawp-testing-appengine/, FlowDropsTest,testFlowDropsToSameSink,test pass, mar 9 giu 2020, 16:20:25, CEST,mar 9 giu 2020, 16:20:30, CEST
yawp,https://github.com/feroult/yawp, b3bcf9c958d51b3b3f8fdd0ccc26923d5a531da1,./yawp-testing/yawp-testing-appengine/, FlowDropsTest,testFlowDropsToSameSink,test pass, mar 9 giu 2020, 16:20:30, CEST,mar 9 giu 2020, 16:20:36, CEST
yawp,https://github.com/feroult/yawp, b3bcf9c958d51b3b3f8fdd0ccc26923d5a531da1,./yawp-testing/yawp-testing-appengine/, FlowDropsTest,testFlowDropsToSameSink,test pass, mar 9 giu 2020, 16:20:36, CEST,mar 9 giu 2020, 16:20:41, CEST
yawp,https://github.com/feroult/yawp, b3bcf9c958d51b3b3f8fdd0ccc26923d5a531da1,./yawp-testing/yawp-testing-appengine/, FlowDropsTest,testFlowDropsToSameSink,test pass, mar 9 giu 2020, 16:20:41, CEST,mar 9 giu 2020, 16:20:47, CEST
yawp,https://github.com/feroult/yawp, b3bcf9c958d51b3b3f8fdd0ccc26923d5a531da1,./yawp-testing/yawp-testing-appengine/, FlowDropsTest,testFlowDropsToSameSink,test pass, mar 9 giu 2020, 16:20:47, CEST,mar 9 giu 2020, 16:20:52, CEST
yawp,https://github.com/feroult/yawp, b3bcf9c958d51b3b3f8fdd0ccc26923d5a531da1,./yawp-testing/yawp-testing-appengine/, FlowDropsTest,testFlowDropsToSameSink,test pass, mar 9 giu 2020, 16:20:52, CEST,mar 9 giu 2020, 16:20:57, CEST
yawp,https://github.com/feroult/yawp, b3bcf9c958d51b3b3f8fdd0ccc26923d5a531da1,./yawp-testing/yawp-testing-appengine/, FlowDropsTest,testFlowDropsToSameSink,test pass, mar 9 giu 2020, 16:20:57, CEST,mar 9 giu 2020, 16:21:03, CEST
yawp,https://github.com/feroult/yawp, b3bcf9c958d51b3b3f8fdd0ccc26923d5a531da1,./yawp-testing/yawp-testing-appengine/, FlowDropsTest,testFlowDropsToSameSink,test pass, mar 9 giu 2020, 16:21:03, CEST,mar 9 giu 2020, 16:21:08, CEST
yawp,https://github.com/feroult/yawp, b3bcf9c958d51b3b3f8fdd0ccc26923d5a531da1,./yawp-testing/yawp-testing-appengine/, FlowDropsTest,testFlowDropsToSameSink,test pass, mar 9 giu 2020, 16:21:08, CEST,mar 9 giu 2020, 16:21:14, CEST
yawp,https://github.com/feroult/yawp, b3bcf9c958d51b3b3f8fdd0ccc26923d5a531da1,./yawp-testing/yawp-testing-appengine/, FlowDropsTest,testFlowDropsToSameSink,test pass, mar 9 giu 2020, 16:21:14, CEST,mar 9 giu 2020, 16:21:19, CEST
yawp,https://github.com/feroult/yawp, b3bcf9c958d51b3b3f8fdd0ccc26923d5a531da1,./yawp-testing/yawp-testing-appengine/, FlowDropsTest,testFlowDropsToSameSink,test pass, mar 9 giu 2020, 16:21:19, CEST,mar 9 giu 2020, 16:21:25, CEST
yawp,https://github.com/feroult/yawp, b3bcf9c958d51b3b3f8fdd0ccc26923d5a531da1,./yawp-testing/yawp-testing-appengine/, FlowDropsTest,testFlowDropsToSameSink,test pass, mar 9 giu 2020, 16:21:25, CEST,mar 9 giu 2020, 16:21:31, CEST
yawp,https://github.com/feroult/yawp, b3bcf9c958d51b3b3f8fdd0ccc26923d5a531da1,./yawp-testing/yawp-testing-appengine/, FlowDropsTest,testFlowDropsToSameSink,test pass, mar 9 giu 2020, 16:21:31, CEST,mar 9 giu 2020, 16:21:36, CEST
yawp,https://github.com/feroult/yawp, b3bcf9c958d51b3b3f8fdd0ccc26923d5a531da1,./yawp-testing/yawp-testing-appengine/, FlowDropsTest,testFlowDropsToSameSink,test pass, mar 9 giu 2020, 16:21:36, CEST,mar 9 giu 2020, 16:21:43, CEST
yawp,https://github.com/feroult/yawp, b3bcf9c958d51b3b3f8fdd0ccc26923d5a531da1,./yawp-testing/yawp-testing-appengine/, FlowDropsTest,testFlowDropsToSameSink,test pass, mar 9 giu 2020, 16:21:43, CEST,mar 9 giu 2020, 16:21:48, CEST
yawp,https://github.com/feroult/yawp, b3bcf9c958d51b3b3f8fdd0ccc26923d5a531da1,./yawp-testing/yawp-testing-appengine/, FlowDropsTest,testFlowDropsToSameSink,test pass, mar 9 giu 2020, 16:21:48, CEST,mar 9 giu 2020, 16:21:54, CEST
yawp,https://github.com/feroult/yawp, b3bcf9c958d51b3b3f8fdd0ccc26923d5a531da1,./yawp-testing/yawp-testing-appengine/, FlowDropsTest,testFlowDropsToSameSink,test pass, mar 9 giu 2020, 16:21:54, CEST,mar 9 giu 2020, 16:22:00, CEST
yawp,https://github.com/feroult/yawp, b3bcf9c958d51b3b3f8fdd0ccc26923d5a531da1,./yawp-testing/yawp-testing-appengine/, FlowDropsTest,testFlowDropsToSameSink,test pass, mar 9 giu 2020, 16:22:00, CEST,mar 9 giu 2020, 16:22:06, CEST
yawp,https://github.com/feroult/yawp, b3bcf9c958d51b3b3f8fdd0ccc26923d5a531da1,./yawp-testing/yawp-testing-appengine/, FlowDropsTest,testFlowDropsToSameSink,test pass, mar 9 giu 2020, 16:22:06, CEST,mar 9 giu 2020, 16:22:13, CEST
yawp,https://github.com/feroult/yawp, b3bcf9c958d51b3b3f8fdd0ccc26923d5a531da1,./yawp-testing/yawp-testing-appengine/, FlowDropsTest,testFlowDropsToSameSink,test pass, mar 9 giu 2020, 16:22:13, CEST,mar 9 giu 2020, 16:22:20, CEST
yawp,https://github.com/feroult/yawp, b3bcf9c958d51b3b3f8fdd0ccc26923d5a531da1,./yawp-testing/yawp-testing-appengine/, FlowDropsTest,testFlowDropsToSameSink,test pass, mar 9 giu 2020, 16:22:20, CEST,mar 9 giu 2020, 16:22:27, CEST
yawp,https://github.com/feroult/yawp, b3bcf9c958d51b3b3f8fdd0ccc26923d5a531da1,./yawp-testing/yawp-testing-appengine/, FlowDropsTest,testFlowDropsToSameSink,test pass, mar 9 giu 2020, 16:22:27, CEST,mar 9 giu 2020, 16:22:33, CEST
yawp,https://github.com/feroult/yawp, b3bcf9c958d51b3b3f8fdd0ccc26923d5a531da1,./yawp-testing/yawp-testing-appengine/, FlowDropsTest,testFlowDropsToSameSink,test pass, mar 9 giu 2020, 16:22:33, CEST,mar 9 giu 2020, 16:22:39, CEST
yawp,https://github.com/feroult/yawp, b3bcf9c958d51b3b3f8fdd0ccc26923d5a531da1,./yawp-testing/yawp-testing-appengine/, FlowDropsTest,testFlowDropsToSameSink,test pass, mar 9 giu 2020, 16:22:39, CEST,mar 9 giu 2020, 16:22:45, CEST
yawp,https://github.com/feroult/yawp, b3bcf9c958d51b3b3f8fdd0ccc26923d5a531da1,./yawp-testing/yawp-testing-appengine/, FlowDropsTest,testFlowDropsToSameSink,test pass, mar 9 giu 2020, 16:22:45, CEST,mar 9 giu 2020, 16:22:51, CEST
yawp,https://github.com/feroult/yawp, b3bcf9c958d51b3b3f8fdd0ccc26923d5a531da1,./yawp-testing/yawp-testing-appengine/, FlowDropsTest,testFlowDropsToSameSink,test pass, mar 9 giu 2020, 16:22:51, CEST,mar 9 giu 2020, 16:22:57, CEST
yawp,https://github.com/feroult/yawp, b3bcf9c958d51b3b3f8fdd0ccc26923d5a531da1,./yawp-testing/yawp-testing-appengine/, FlowDropsTest,testFlowDropsToSameSink,test pass, mar 9 giu 2020, 16:22:57, CEST,mar 9 giu 2020, 16:23:03, CEST
yawp,https://github.com/feroult/yawp, b3bcf9c958d51b3b3f8fdd0ccc26923d5a531da1,./yawp-testing/yawp-testing-appengine/, FlowDropsTest,testFlowDropsToSameSink,test pass, mar 9 giu 2020, 16:23:03, CEST,mar 9 giu 2020, 16:23:09, CEST
yawp,https://github.com/feroult/yawp, b3bcf9c958d51b3b3f8fdd0ccc26923d5a531da1,./yawp-testing/yawp-testing-appengine/, FlowDropsTest,testFlowDropsToSameSink,test pass, mar 9 giu 2020, 16:23:09, CEST,mar 9 giu 2020, 16:23:15, CEST
yawp,https://github.com/feroult/yawp, b3bcf9c958d51b3b3f8fdd0ccc26923d5a531da1,./yawp-testing/yawp-testing-appengine/, FlowDropsTest,testFlowDropsToSameSink,test pass, mar 9 giu 2020, 16:23:15, CEST,mar 9 giu 2020, 16:23:22, CEST
yawp,https://github.com/feroult/yawp, b3bcf9c958d51b3b3f8fdd0ccc26923d5a531da1,./yawp-testing/yawp-testing-appengine/, FlowDropsTest,testFlowDropsToSameSink,test pass, mar 9 giu 2020, 16:23:22, CEST,mar 9 giu 2020, 16:23:28, CEST
yawp,https://github.com/feroult/yawp, b3bcf9c958d51b3b3f8fdd0ccc26923d5a531da1,./yawp-testing/yawp-testing-appengine/, FlowDropsTest,testFlowDropsToSameSink,test pass, mar 9 giu 2020, 16:23:28, CEST,mar 9 giu 2020, 16:23:34, CEST
yawp,https://github.com/feroult/yawp, b3bcf9c958d51b3b3f8fdd0ccc26923d5a531da1,./yawp-testing/yawp-testing-appengine/, FlowDropsTest,testFlowDropsToSameSink,test pass, mar 9 giu 2020, 16:23:34, CEST,mar 9 giu 2020, 16:23:41, CEST
