rxjava2-extras,https://github.com/davidmoten/rxjava2-extras, d0315b6ecb0d24437ec0d440b6d768e89247d56c,./, FlowableServerSocketTest,testLoad,test pass, mar 9 giu 2020, 13:42:58, CEST,mar 9 giu 2020, 13:43:25, CEST
rxjava2-extras,https://github.com/davidmoten/rxjava2-extras, d0315b6ecb0d24437ec0d440b6d768e89247d56c,./, FlowableServerSocketTest,testLoad,test pass, mar 9 giu 2020, 13:43:25, CEST,mar 9 giu 2020, 13:43:52, CEST
rxjava2-extras,https://github.com/davidmoten/rxjava2-extras, d0315b6ecb0d24437ec0d440b6d768e89247d56c,./, FlowableServerSocketTest,testLoad,test pass, mar 9 giu 2020, 13:43:52, CEST,mar 9 giu 2020, 13:44:16, CEST
rxjava2-extras,https://github.com/davidmoten/rxjava2-extras, d0315b6ecb0d24437ec0d440b6d768e89247d56c,./, FlowableServerSocketTest,testLoad,test pass, mar 9 giu 2020, 13:44:16, CEST,mar 9 giu 2020, 13:44:44, CEST
rxjava2-extras,https://github.com/davidmoten/rxjava2-extras, d0315b6ecb0d24437ec0d440b6d768e89247d56c,./, FlowableServerSocketTest,testLoad,test pass, mar 9 giu 2020, 13:44:44, CEST,mar 9 giu 2020, 13:45:11, CEST
rxjava2-extras,https://github.com/davidmoten/rxjava2-extras, d0315b6ecb0d24437ec0d440b6d768e89247d56c,./, FlowableServerSocketTest,testLoad,test pass, mar 9 giu 2020, 13:45:11, CEST,mar 9 giu 2020, 13:45:35, CEST
rxjava2-extras,https://github.com/davidmoten/rxjava2-extras, d0315b6ecb0d24437ec0d440b6d768e89247d56c,./, FlowableServerSocketTest,testLoad,test pass, mar 9 giu 2020, 13:45:35, CEST,mar 9 giu 2020, 13:46:01, CEST
rxjava2-extras,https://github.com/davidmoten/rxjava2-extras, d0315b6ecb0d24437ec0d440b6d768e89247d56c,./, FlowableServerSocketTest,testLoad,test pass, mar 9 giu 2020, 13:46:01, CEST,mar 9 giu 2020, 13:46:29, CEST
rxjava2-extras,https://github.com/davidmoten/rxjava2-extras, d0315b6ecb0d24437ec0d440b6d768e89247d56c,./, FlowableServerSocketTest,testLoad,test pass, mar 9 giu 2020, 13:46:29, CEST,mar 9 giu 2020, 13:46:54, CEST
rxjava2-extras,https://github.com/davidmoten/rxjava2-extras, d0315b6ecb0d24437ec0d440b6d768e89247d56c,./, FlowableServerSocketTest,testLoad,test pass, mar 9 giu 2020, 13:46:54, CEST,mar 9 giu 2020, 13:47:29, CEST
rxjava2-extras,https://github.com/davidmoten/rxjava2-extras, d0315b6ecb0d24437ec0d440b6d768e89247d56c,./, FlowableServerSocketTest,testLoad,test pass, mar 9 giu 2020, 13:47:29, CEST,mar 9 giu 2020, 13:47:56, CEST
rxjava2-extras,https://github.com/davidmoten/rxjava2-extras, d0315b6ecb0d24437ec0d440b6d768e89247d56c,./, FlowableServerSocketTest,testLoad,test pass, mar 9 giu 2020, 13:47:56, CEST,mar 9 giu 2020, 13:48:27, CEST
rxjava2-extras,https://github.com/davidmoten/rxjava2-extras, d0315b6ecb0d24437ec0d440b6d768e89247d56c,./, FlowableServerSocketTest,testLoad,test pass, mar 9 giu 2020, 13:48:27, CEST,mar 9 giu 2020, 13:48:52, CEST
rxjava2-extras,https://github.com/davidmoten/rxjava2-extras, d0315b6ecb0d24437ec0d440b6d768e89247d56c,./, FlowableServerSocketTest,testLoad,test pass, mar 9 giu 2020, 13:48:52, CEST,mar 9 giu 2020, 13:49:19, CEST
rxjava2-extras,https://github.com/davidmoten/rxjava2-extras, d0315b6ecb0d24437ec0d440b6d768e89247d56c,./, FlowableServerSocketTest,testLoad,test pass, mar 9 giu 2020, 13:49:19, CEST,mar 9 giu 2020, 13:49:44, CEST
rxjava2-extras,https://github.com/davidmoten/rxjava2-extras, d0315b6ecb0d24437ec0d440b6d768e89247d56c,./, FlowableServerSocketTest,testLoad,test pass, mar 9 giu 2020, 13:49:44, CEST,mar 9 giu 2020, 13:50:10, CEST
rxjava2-extras,https://github.com/davidmoten/rxjava2-extras, d0315b6ecb0d24437ec0d440b6d768e89247d56c,./, FlowableServerSocketTest,testLoad,test pass, mar 9 giu 2020, 13:50:10, CEST,mar 9 giu 2020, 13:50:35, CEST
rxjava2-extras,https://github.com/davidmoten/rxjava2-extras, d0315b6ecb0d24437ec0d440b6d768e89247d56c,./, FlowableServerSocketTest,testLoad,test pass, mar 9 giu 2020, 13:50:35, CEST,mar 9 giu 2020, 13:51:03, CEST
rxjava2-extras,https://github.com/davidmoten/rxjava2-extras, d0315b6ecb0d24437ec0d440b6d768e89247d56c,./, FlowableServerSocketTest,testLoad,test pass, mar 9 giu 2020, 13:51:03, CEST,mar 9 giu 2020, 13:51:29, CEST
rxjava2-extras,https://github.com/davidmoten/rxjava2-extras, d0315b6ecb0d24437ec0d440b6d768e89247d56c,./, FlowableServerSocketTest,testLoad,test pass, mar 9 giu 2020, 13:51:29, CEST,mar 9 giu 2020, 13:52:04, CEST
rxjava2-extras,https://github.com/davidmoten/rxjava2-extras, d0315b6ecb0d24437ec0d440b6d768e89247d56c,./, FlowableServerSocketTest,testLoad,test pass, mar 9 giu 2020, 13:52:04, CEST,mar 9 giu 2020, 13:52:31, CEST
rxjava2-extras,https://github.com/davidmoten/rxjava2-extras, d0315b6ecb0d24437ec0d440b6d768e89247d56c,./, FlowableServerSocketTest,testLoad,test pass, mar 9 giu 2020, 13:52:31, CEST,mar 9 giu 2020, 13:53:08, CEST
rxjava2-extras,https://github.com/davidmoten/rxjava2-extras, d0315b6ecb0d24437ec0d440b6d768e89247d56c,./, FlowableServerSocketTest,testLoad,test pass, mar 9 giu 2020, 13:53:08, CEST,mar 9 giu 2020, 13:53:38, CEST
rxjava2-extras,https://github.com/davidmoten/rxjava2-extras, d0315b6ecb0d24437ec0d440b6d768e89247d56c,./, FlowableServerSocketTest,testLoad,test pass, mar 9 giu 2020, 13:53:38, CEST,mar 9 giu 2020, 13:54:07, CEST
rxjava2-extras,https://github.com/davidmoten/rxjava2-extras, d0315b6ecb0d24437ec0d440b6d768e89247d56c,./, FlowableServerSocketTest,testLoad,test pass, mar 9 giu 2020, 13:54:07, CEST,mar 9 giu 2020, 13:54:35, CEST
rxjava2-extras,https://github.com/davidmoten/rxjava2-extras, d0315b6ecb0d24437ec0d440b6d768e89247d56c,./, FlowableServerSocketTest,testLoad,test pass, mar 9 giu 2020, 13:54:35, CEST,mar 9 giu 2020, 13:55:00, CEST
rxjava2-extras,https://github.com/davidmoten/rxjava2-extras, d0315b6ecb0d24437ec0d440b6d768e89247d56c,./, FlowableServerSocketTest,testLoad,test pass, mar 9 giu 2020, 13:55:00, CEST,mar 9 giu 2020, 13:55:27, CEST
rxjava2-extras,https://github.com/davidmoten/rxjava2-extras, d0315b6ecb0d24437ec0d440b6d768e89247d56c,./, FlowableServerSocketTest,testLoad,test pass, mar 9 giu 2020, 13:55:27, CEST,mar 9 giu 2020, 13:55:57, CEST
rxjava2-extras,https://github.com/davidmoten/rxjava2-extras, d0315b6ecb0d24437ec0d440b6d768e89247d56c,./, FlowableServerSocketTest,testLoad,test pass, mar 9 giu 2020, 13:55:57, CEST,mar 9 giu 2020, 13:56:23, CEST
rxjava2-extras,https://github.com/davidmoten/rxjava2-extras, d0315b6ecb0d24437ec0d440b6d768e89247d56c,./, FlowableServerSocketTest,testLoad,test pass, mar 9 giu 2020, 13:56:23, CEST,mar 9 giu 2020, 13:56:48, CEST
rxjava2-extras,https://github.com/davidmoten/rxjava2-extras, d0315b6ecb0d24437ec0d440b6d768e89247d56c,./, FlowableServerSocketTest,testLoad,test pass, mar 9 giu 2020, 13:56:48, CEST,mar 9 giu 2020, 13:57:24, CEST
rxjava2-extras,https://github.com/davidmoten/rxjava2-extras, d0315b6ecb0d24437ec0d440b6d768e89247d56c,./, FlowableServerSocketTest,testLoad,test pass, mar 9 giu 2020, 13:57:24, CEST,mar 9 giu 2020, 13:57:51, CEST
rxjava2-extras,https://github.com/davidmoten/rxjava2-extras, d0315b6ecb0d24437ec0d440b6d768e89247d56c,./, FlowableServerSocketTest,testLoad,test pass, mar 9 giu 2020, 13:57:51, CEST,mar 9 giu 2020, 13:58:19, CEST
rxjava2-extras,https://github.com/davidmoten/rxjava2-extras, d0315b6ecb0d24437ec0d440b6d768e89247d56c,./, FlowableServerSocketTest,testLoad,test pass, mar 9 giu 2020, 13:58:19, CEST,mar 9 giu 2020, 13:58:45, CEST
rxjava2-extras,https://github.com/davidmoten/rxjava2-extras, d0315b6ecb0d24437ec0d440b6d768e89247d56c,./, FlowableServerSocketTest,testLoad,test pass, mar 9 giu 2020, 13:58:45, CEST,mar 9 giu 2020, 13:59:17, CEST
rxjava2-extras,https://github.com/davidmoten/rxjava2-extras, d0315b6ecb0d24437ec0d440b6d768e89247d56c,./, FlowableServerSocketTest,testLoad,test pass, mar 9 giu 2020, 13:59:17, CEST,mar 9 giu 2020, 13:59:55, CEST
rxjava2-extras,https://github.com/davidmoten/rxjava2-extras, d0315b6ecb0d24437ec0d440b6d768e89247d56c,./, FlowableServerSocketTest,testLoad,test pass, mar 9 giu 2020, 13:59:55, CEST,mar 9 giu 2020, 14:00:20, CEST
rxjava2-extras,https://github.com/davidmoten/rxjava2-extras, d0315b6ecb0d24437ec0d440b6d768e89247d56c,./, FlowableServerSocketTest,testLoad,test pass, mar 9 giu 2020, 14:00:20, CEST,mar 9 giu 2020, 14:00:46, CEST
rxjava2-extras,https://github.com/davidmoten/rxjava2-extras, d0315b6ecb0d24437ec0d440b6d768e89247d56c,./, FlowableServerSocketTest,testLoad,test pass, mar 9 giu 2020, 14:00:46, CEST,mar 9 giu 2020, 14:01:16, CEST
rxjava2-extras,https://github.com/davidmoten/rxjava2-extras, d0315b6ecb0d24437ec0d440b6d768e89247d56c,./, FlowableServerSocketTest,testLoad,test pass, mar 9 giu 2020, 14:01:16, CEST,mar 9 giu 2020, 14:01:45, CEST
rxjava2-extras,https://github.com/davidmoten/rxjava2-extras, d0315b6ecb0d24437ec0d440b6d768e89247d56c,./, FlowableServerSocketTest,testLoad,test pass, mar 9 giu 2020, 14:01:45, CEST,mar 9 giu 2020, 14:02:10, CEST
rxjava2-extras,https://github.com/davidmoten/rxjava2-extras, d0315b6ecb0d24437ec0d440b6d768e89247d56c,./, FlowableServerSocketTest,testLoad,test pass, mar 9 giu 2020, 14:02:10, CEST,mar 9 giu 2020, 14:02:36, CEST
rxjava2-extras,https://github.com/davidmoten/rxjava2-extras, d0315b6ecb0d24437ec0d440b6d768e89247d56c,./, FlowableServerSocketTest,testLoad,test pass, mar 9 giu 2020, 14:02:36, CEST,mar 9 giu 2020, 14:03:03, CEST
rxjava2-extras,https://github.com/davidmoten/rxjava2-extras, d0315b6ecb0d24437ec0d440b6d768e89247d56c,./, FlowableServerSocketTest,testLoad,test pass, mar 9 giu 2020, 14:03:03, CEST,mar 9 giu 2020, 14:03:27, CEST
rxjava2-extras,https://github.com/davidmoten/rxjava2-extras, d0315b6ecb0d24437ec0d440b6d768e89247d56c,./, FlowableServerSocketTest,testLoad,test pass, mar 9 giu 2020, 14:03:27, CEST,mar 9 giu 2020, 14:03:55, CEST
rxjava2-extras,https://github.com/davidmoten/rxjava2-extras, d0315b6ecb0d24437ec0d440b6d768e89247d56c,./, FlowableServerSocketTest,testLoad,test pass, mar 9 giu 2020, 14:03:55, CEST,mar 9 giu 2020, 14:04:21, CEST
rxjava2-extras,https://github.com/davidmoten/rxjava2-extras, d0315b6ecb0d24437ec0d440b6d768e89247d56c,./, FlowableServerSocketTest,testLoad,test pass, mar 9 giu 2020, 14:04:21, CEST,mar 9 giu 2020, 14:04:47, CEST
rxjava2-extras,https://github.com/davidmoten/rxjava2-extras, d0315b6ecb0d24437ec0d440b6d768e89247d56c,./, FlowableServerSocketTest,testLoad,test pass, mar 9 giu 2020, 14:04:47, CEST,mar 9 giu 2020, 14:05:17, CEST
rxjava2-extras,https://github.com/davidmoten/rxjava2-extras, d0315b6ecb0d24437ec0d440b6d768e89247d56c,./, FlowableServerSocketTest,testLoad,test pass, mar 9 giu 2020, 14:05:17, CEST,mar 9 giu 2020, 14:05:41, CEST
rxjava2-extras,https://github.com/davidmoten/rxjava2-extras, d0315b6ecb0d24437ec0d440b6d768e89247d56c,./, FlowableServerSocketTest,testLoad,test pass, mar 9 giu 2020, 14:05:41, CEST,mar 9 giu 2020, 14:06:17, CEST
rxjava2-extras,https://github.com/davidmoten/rxjava2-extras, d0315b6ecb0d24437ec0d440b6d768e89247d56c,./, FlowableServerSocketTest,testLoad,test pass, mar 9 giu 2020, 14:06:17, CEST,mar 9 giu 2020, 14:06:43, CEST
rxjava2-extras,https://github.com/davidmoten/rxjava2-extras, d0315b6ecb0d24437ec0d440b6d768e89247d56c,./, FlowableServerSocketTest,testLoad,test pass, mar 9 giu 2020, 14:06:43, CEST,mar 9 giu 2020, 14:07:12, CEST
rxjava2-extras,https://github.com/davidmoten/rxjava2-extras, d0315b6ecb0d24437ec0d440b6d768e89247d56c,./, FlowableServerSocketTest,testLoad,test pass, mar 9 giu 2020, 14:07:12, CEST,mar 9 giu 2020, 14:07:37, CEST
rxjava2-extras,https://github.com/davidmoten/rxjava2-extras, d0315b6ecb0d24437ec0d440b6d768e89247d56c,./, FlowableServerSocketTest,testLoad,test pass, mar 9 giu 2020, 14:07:37, CEST,mar 9 giu 2020, 14:08:13, CEST
rxjava2-extras,https://github.com/davidmoten/rxjava2-extras, d0315b6ecb0d24437ec0d440b6d768e89247d56c,./, FlowableServerSocketTest,testLoad,test pass, mar 9 giu 2020, 14:08:13, CEST,mar 9 giu 2020, 14:08:41, CEST
rxjava2-extras,https://github.com/davidmoten/rxjava2-extras, d0315b6ecb0d24437ec0d440b6d768e89247d56c,./, FlowableServerSocketTest,testLoad,test pass, mar 9 giu 2020, 14:08:41, CEST,mar 9 giu 2020, 14:09:06, CEST
rxjava2-extras,https://github.com/davidmoten/rxjava2-extras, d0315b6ecb0d24437ec0d440b6d768e89247d56c,./, FlowableServerSocketTest,testLoad,test pass, mar 9 giu 2020, 14:09:06, CEST,mar 9 giu 2020, 14:09:35, CEST
rxjava2-extras,https://github.com/davidmoten/rxjava2-extras, d0315b6ecb0d24437ec0d440b6d768e89247d56c,./, FlowableServerSocketTest,testLoad,test pass, mar 9 giu 2020, 14:09:35, CEST,mar 9 giu 2020, 14:10:02, CEST
rxjava2-extras,https://github.com/davidmoten/rxjava2-extras, d0315b6ecb0d24437ec0d440b6d768e89247d56c,./, FlowableServerSocketTest,testLoad,test pass, mar 9 giu 2020, 14:10:02, CEST,mar 9 giu 2020, 14:10:30, CEST
rxjava2-extras,https://github.com/davidmoten/rxjava2-extras, d0315b6ecb0d24437ec0d440b6d768e89247d56c,./, FlowableServerSocketTest,testLoad,test pass, mar 9 giu 2020, 14:10:30, CEST,mar 9 giu 2020, 14:10:58, CEST
rxjava2-extras,https://github.com/davidmoten/rxjava2-extras, d0315b6ecb0d24437ec0d440b6d768e89247d56c,./, FlowableServerSocketTest,testLoad,test pass, mar 9 giu 2020, 14:10:58, CEST,mar 9 giu 2020, 14:11:21, CEST
rxjava2-extras,https://github.com/davidmoten/rxjava2-extras, d0315b6ecb0d24437ec0d440b6d768e89247d56c,./, FlowableServerSocketTest,testLoad,test pass, mar 9 giu 2020, 14:11:21, CEST,mar 9 giu 2020, 14:11:47, CEST
rxjava2-extras,https://github.com/davidmoten/rxjava2-extras, d0315b6ecb0d24437ec0d440b6d768e89247d56c,./, FlowableServerSocketTest,testLoad,test pass, mar 9 giu 2020, 14:11:47, CEST,mar 9 giu 2020, 14:12:13, CEST
rxjava2-extras,https://github.com/davidmoten/rxjava2-extras, d0315b6ecb0d24437ec0d440b6d768e89247d56c,./, FlowableServerSocketTest,testLoad,test pass, mar 9 giu 2020, 14:12:13, CEST,mar 9 giu 2020, 14:12:38, CEST
rxjava2-extras,https://github.com/davidmoten/rxjava2-extras, d0315b6ecb0d24437ec0d440b6d768e89247d56c,./, FlowableServerSocketTest,testLoad,test pass, mar 9 giu 2020, 14:12:38, CEST,mar 9 giu 2020, 14:13:04, CEST
rxjava2-extras,https://github.com/davidmoten/rxjava2-extras, d0315b6ecb0d24437ec0d440b6d768e89247d56c,./, FlowableServerSocketTest,testLoad,test pass, mar 9 giu 2020, 14:13:04, CEST,mar 9 giu 2020, 14:13:30, CEST
rxjava2-extras,https://github.com/davidmoten/rxjava2-extras, d0315b6ecb0d24437ec0d440b6d768e89247d56c,./, FlowableServerSocketTest,testLoad,test pass, mar 9 giu 2020, 14:13:30, CEST,mar 9 giu 2020, 14:13:57, CEST
rxjava2-extras,https://github.com/davidmoten/rxjava2-extras, d0315b6ecb0d24437ec0d440b6d768e89247d56c,./, FlowableServerSocketTest,testLoad,test pass, mar 9 giu 2020, 14:13:57, CEST,mar 9 giu 2020, 14:14:26, CEST
rxjava2-extras,https://github.com/davidmoten/rxjava2-extras, d0315b6ecb0d24437ec0d440b6d768e89247d56c,./, FlowableServerSocketTest,testLoad,test pass, mar 9 giu 2020, 14:14:26, CEST,mar 9 giu 2020, 14:14:54, CEST
rxjava2-extras,https://github.com/davidmoten/rxjava2-extras, d0315b6ecb0d24437ec0d440b6d768e89247d56c,./, FlowableServerSocketTest,testLoad,test pass, mar 9 giu 2020, 14:14:54, CEST,mar 9 giu 2020, 14:15:19, CEST
rxjava2-extras,https://github.com/davidmoten/rxjava2-extras, d0315b6ecb0d24437ec0d440b6d768e89247d56c,./, FlowableServerSocketTest,testLoad,test pass, mar 9 giu 2020, 14:15:19, CEST,mar 9 giu 2020, 14:15:45, CEST
rxjava2-extras,https://github.com/davidmoten/rxjava2-extras, d0315b6ecb0d24437ec0d440b6d768e89247d56c,./, FlowableServerSocketTest,testLoad,test pass, mar 9 giu 2020, 14:15:45, CEST,mar 9 giu 2020, 14:16:13, CEST
rxjava2-extras,https://github.com/davidmoten/rxjava2-extras, d0315b6ecb0d24437ec0d440b6d768e89247d56c,./, FlowableServerSocketTest,testLoad,test pass, mar 9 giu 2020, 14:16:13, CEST,mar 9 giu 2020, 14:16:42, CEST
rxjava2-extras,https://github.com/davidmoten/rxjava2-extras, d0315b6ecb0d24437ec0d440b6d768e89247d56c,./, FlowableServerSocketTest,testLoad,test pass, mar 9 giu 2020, 14:16:42, CEST,mar 9 giu 2020, 14:17:09, CEST
rxjava2-extras,https://github.com/davidmoten/rxjava2-extras, d0315b6ecb0d24437ec0d440b6d768e89247d56c,./, FlowableServerSocketTest,testLoad,test pass, mar 9 giu 2020, 14:17:09, CEST,mar 9 giu 2020, 14:17:35, CEST
rxjava2-extras,https://github.com/davidmoten/rxjava2-extras, d0315b6ecb0d24437ec0d440b6d768e89247d56c,./, FlowableServerSocketTest,testLoad,test pass, mar 9 giu 2020, 14:17:35, CEST,mar 9 giu 2020, 14:18:00, CEST
rxjava2-extras,https://github.com/davidmoten/rxjava2-extras, d0315b6ecb0d24437ec0d440b6d768e89247d56c,./, FlowableServerSocketTest,testLoad,test pass, mar 9 giu 2020, 14:18:00, CEST,mar 9 giu 2020, 14:18:37, CEST
rxjava2-extras,https://github.com/davidmoten/rxjava2-extras, d0315b6ecb0d24437ec0d440b6d768e89247d56c,./, FlowableServerSocketTest,testLoad,test pass, mar 9 giu 2020, 14:18:37, CEST,mar 9 giu 2020, 14:19:06, CEST
rxjava2-extras,https://github.com/davidmoten/rxjava2-extras, d0315b6ecb0d24437ec0d440b6d768e89247d56c,./, FlowableServerSocketTest,testLoad,test pass, mar 9 giu 2020, 14:19:06, CEST,mar 9 giu 2020, 14:19:33, CEST
rxjava2-extras,https://github.com/davidmoten/rxjava2-extras, d0315b6ecb0d24437ec0d440b6d768e89247d56c,./, FlowableServerSocketTest,testLoad,test pass, mar 9 giu 2020, 14:19:33, CEST,mar 9 giu 2020, 14:19:58, CEST
rxjava2-extras,https://github.com/davidmoten/rxjava2-extras, d0315b6ecb0d24437ec0d440b6d768e89247d56c,./, FlowableServerSocketTest,testLoad,test pass, mar 9 giu 2020, 14:19:58, CEST,mar 9 giu 2020, 14:20:25, CEST
rxjava2-extras,https://github.com/davidmoten/rxjava2-extras, d0315b6ecb0d24437ec0d440b6d768e89247d56c,./, FlowableServerSocketTest,testLoad,test pass, mar 9 giu 2020, 14:20:25, CEST,mar 9 giu 2020, 14:20:55, CEST
rxjava2-extras,https://github.com/davidmoten/rxjava2-extras, d0315b6ecb0d24437ec0d440b6d768e89247d56c,./, FlowableServerSocketTest,testLoad,test pass, mar 9 giu 2020, 14:20:55, CEST,mar 9 giu 2020, 14:21:24, CEST
rxjava2-extras,https://github.com/davidmoten/rxjava2-extras, d0315b6ecb0d24437ec0d440b6d768e89247d56c,./, FlowableServerSocketTest,testLoad,test pass, mar 9 giu 2020, 14:21:24, CEST,mar 9 giu 2020, 14:21:53, CEST
rxjava2-extras,https://github.com/davidmoten/rxjava2-extras, d0315b6ecb0d24437ec0d440b6d768e89247d56c,./, FlowableServerSocketTest,testLoad,test pass, mar 9 giu 2020, 14:21:53, CEST,mar 9 giu 2020, 14:22:19, CEST
rxjava2-extras,https://github.com/davidmoten/rxjava2-extras, d0315b6ecb0d24437ec0d440b6d768e89247d56c,./, FlowableServerSocketTest,testLoad,test pass, mar 9 giu 2020, 14:22:19, CEST,mar 9 giu 2020, 14:22:46, CEST
rxjava2-extras,https://github.com/davidmoten/rxjava2-extras, d0315b6ecb0d24437ec0d440b6d768e89247d56c,./, FlowableServerSocketTest,testLoad,test pass, mar 9 giu 2020, 14:22:46, CEST,mar 9 giu 2020, 14:23:14, CEST
rxjava2-extras,https://github.com/davidmoten/rxjava2-extras, d0315b6ecb0d24437ec0d440b6d768e89247d56c,./, FlowableServerSocketTest,testLoad,test pass, mar 9 giu 2020, 14:23:14, CEST,mar 9 giu 2020, 14:23:51, CEST
rxjava2-extras,https://github.com/davidmoten/rxjava2-extras, d0315b6ecb0d24437ec0d440b6d768e89247d56c,./, FlowableServerSocketTest,testLoad,test pass, mar 9 giu 2020, 14:23:51, CEST,mar 9 giu 2020, 14:24:18, CEST
rxjava2-extras,https://github.com/davidmoten/rxjava2-extras, d0315b6ecb0d24437ec0d440b6d768e89247d56c,./, FlowableServerSocketTest,testLoad,test pass, mar 9 giu 2020, 14:24:18, CEST,mar 9 giu 2020, 14:24:43, CEST
rxjava2-extras,https://github.com/davidmoten/rxjava2-extras, d0315b6ecb0d24437ec0d440b6d768e89247d56c,./, FlowableServerSocketTest,testLoad,test pass, mar 9 giu 2020, 14:24:43, CEST,mar 9 giu 2020, 14:25:11, CEST
rxjava2-extras,https://github.com/davidmoten/rxjava2-extras, d0315b6ecb0d24437ec0d440b6d768e89247d56c,./, FlowableServerSocketTest,testLoad,test pass, mar 9 giu 2020, 14:25:11, CEST,mar 9 giu 2020, 14:25:38, CEST
rxjava2-extras,https://github.com/davidmoten/rxjava2-extras, d0315b6ecb0d24437ec0d440b6d768e89247d56c,./, FlowableServerSocketTest,testLoad,test pass, mar 9 giu 2020, 14:25:38, CEST,mar 9 giu 2020, 14:26:14, CEST
rxjava2-extras,https://github.com/davidmoten/rxjava2-extras, d0315b6ecb0d24437ec0d440b6d768e89247d56c,./, FlowableServerSocketTest,testLoad,test pass, mar 9 giu 2020, 14:26:14, CEST,mar 9 giu 2020, 14:26:40, CEST
rxjava2-extras,https://github.com/davidmoten/rxjava2-extras, d0315b6ecb0d24437ec0d440b6d768e89247d56c,./, FlowableServerSocketTest,testLoad,test pass, mar 9 giu 2020, 14:26:40, CEST,mar 9 giu 2020, 14:27:04, CEST
rxjava2-extras,https://github.com/davidmoten/rxjava2-extras, d0315b6ecb0d24437ec0d440b6d768e89247d56c,./, FlowableServerSocketTest,testLoad,test pass, mar 9 giu 2020, 14:27:04, CEST,mar 9 giu 2020, 14:27:31, CEST
rxjava2-extras,https://github.com/davidmoten/rxjava2-extras, d0315b6ecb0d24437ec0d440b6d768e89247d56c,./, FlowableServerSocketTest,testLoad,test pass, mar 9 giu 2020, 14:27:31, CEST,mar 9 giu 2020, 14:28:00, CEST
rxjava2-extras,https://github.com/davidmoten/rxjava2-extras, d0315b6ecb0d24437ec0d440b6d768e89247d56c,./, FlowableServerSocketTest,testLoad,test pass, mar 9 giu 2020, 14:28:00, CEST,mar 9 giu 2020, 14:28:26, CEST
rxjava2-extras,https://github.com/davidmoten/rxjava2-extras, d0315b6ecb0d24437ec0d440b6d768e89247d56c,./, FlowableServerSocketTest,testLoad,test pass, mar 9 giu 2020, 14:28:26, CEST,mar 9 giu 2020, 14:28:54, CEST
rxjava2-extras,https://github.com/davidmoten/rxjava2-extras, d0315b6ecb0d24437ec0d440b6d768e89247d56c,./, FlowableServerSocketTest,testLoad,test pass, mar 9 giu 2020, 14:28:54, CEST,mar 9 giu 2020, 14:29:26, CEST
rxjava2-extras,https://github.com/davidmoten/rxjava2-extras, d0315b6ecb0d24437ec0d440b6d768e89247d56c,./, FlowableServerSocketTest,testLoad,test pass, mar 9 giu 2020, 14:29:26, CEST,mar 9 giu 2020, 14:29:50, CEST
rxjava2-extras,https://github.com/davidmoten/rxjava2-extras, d0315b6ecb0d24437ec0d440b6d768e89247d56c,./, FlowableServerSocketTest,testLoad,test pass, mar 9 giu 2020, 14:29:50, CEST,mar 9 giu 2020, 14:30:18, CEST
rxjava2-extras,https://github.com/davidmoten/rxjava2-extras, d0315b6ecb0d24437ec0d440b6d768e89247d56c,./, FlowableServerSocketTest,testLoad,test pass, mar 9 giu 2020, 14:30:18, CEST,mar 9 giu 2020, 14:30:45, CEST
rxjava2-extras,https://github.com/davidmoten/rxjava2-extras, d0315b6ecb0d24437ec0d440b6d768e89247d56c,./, FlowableServerSocketTest,testLoad,test pass, mar 9 giu 2020, 14:30:45, CEST,mar 9 giu 2020, 14:31:12, CEST
rxjava2-extras,https://github.com/davidmoten/rxjava2-extras, d0315b6ecb0d24437ec0d440b6d768e89247d56c,./, FlowableServerSocketTest,testLoad,test pass, mar 9 giu 2020, 14:31:12, CEST,mar 9 giu 2020, 14:31:42, CEST
rxjava2-extras,https://github.com/davidmoten/rxjava2-extras, d0315b6ecb0d24437ec0d440b6d768e89247d56c,./, FlowableServerSocketTest,testLoad,test pass, mar 9 giu 2020, 14:31:42, CEST,mar 9 giu 2020, 14:32:14, CEST
rxjava2-extras,https://github.com/davidmoten/rxjava2-extras, d0315b6ecb0d24437ec0d440b6d768e89247d56c,./, FlowableServerSocketTest,testLoad,test pass, mar 9 giu 2020, 14:32:14, CEST,mar 9 giu 2020, 14:32:42, CEST
rxjava2-extras,https://github.com/davidmoten/rxjava2-extras, d0315b6ecb0d24437ec0d440b6d768e89247d56c,./, FlowableServerSocketTest,testLoad,test pass, mar 9 giu 2020, 14:32:42, CEST,mar 9 giu 2020, 14:33:08, CEST
rxjava2-extras,https://github.com/davidmoten/rxjava2-extras, d0315b6ecb0d24437ec0d440b6d768e89247d56c,./, FlowableServerSocketTest,testLoad,test pass, mar 9 giu 2020, 14:33:08, CEST,mar 9 giu 2020, 14:33:36, CEST
rxjava2-extras,https://github.com/davidmoten/rxjava2-extras, d0315b6ecb0d24437ec0d440b6d768e89247d56c,./, FlowableServerSocketTest,testLoad,test pass, mar 9 giu 2020, 14:33:36, CEST,mar 9 giu 2020, 14:34:02, CEST
rxjava2-extras,https://github.com/davidmoten/rxjava2-extras, d0315b6ecb0d24437ec0d440b6d768e89247d56c,./, FlowableServerSocketTest,testLoad,test pass, mar 9 giu 2020, 14:34:02, CEST,mar 9 giu 2020, 14:34:28, CEST
rxjava2-extras,https://github.com/davidmoten/rxjava2-extras, d0315b6ecb0d24437ec0d440b6d768e89247d56c,./, FlowableServerSocketTest,testLoad,test pass, mar 9 giu 2020, 14:34:28, CEST,mar 9 giu 2020, 14:34:54, CEST
rxjava2-extras,https://github.com/davidmoten/rxjava2-extras, d0315b6ecb0d24437ec0d440b6d768e89247d56c,./, FlowableServerSocketTest,testLoad,test pass, mar 9 giu 2020, 14:34:54, CEST,mar 9 giu 2020, 14:35:20, CEST
rxjava2-extras,https://github.com/davidmoten/rxjava2-extras, d0315b6ecb0d24437ec0d440b6d768e89247d56c,./, FlowableServerSocketTest,testLoad,test pass, mar 9 giu 2020, 14:35:20, CEST,mar 9 giu 2020, 14:35:56, CEST
rxjava2-extras,https://github.com/davidmoten/rxjava2-extras, d0315b6ecb0d24437ec0d440b6d768e89247d56c,./, FlowableServerSocketTest,testLoad,test pass, mar 9 giu 2020, 14:35:56, CEST,mar 9 giu 2020, 14:36:22, CEST
rxjava2-extras,https://github.com/davidmoten/rxjava2-extras, d0315b6ecb0d24437ec0d440b6d768e89247d56c,./, FlowableServerSocketTest,testLoad,test pass, mar 9 giu 2020, 14:36:22, CEST,mar 9 giu 2020, 14:36:47, CEST
rxjava2-extras,https://github.com/davidmoten/rxjava2-extras, d0315b6ecb0d24437ec0d440b6d768e89247d56c,./, FlowableServerSocketTest,testLoad,test pass, mar 9 giu 2020, 14:36:47, CEST,mar 9 giu 2020, 14:37:15, CEST
rxjava2-extras,https://github.com/davidmoten/rxjava2-extras, d0315b6ecb0d24437ec0d440b6d768e89247d56c,./, FlowableServerSocketTest,testLoad,test pass, mar 9 giu 2020, 14:37:15, CEST,mar 9 giu 2020, 14:37:51, CEST
rxjava2-extras,https://github.com/davidmoten/rxjava2-extras, d0315b6ecb0d24437ec0d440b6d768e89247d56c,./, FlowableServerSocketTest,testLoad,test pass, mar 9 giu 2020, 14:37:51, CEST,mar 9 giu 2020, 14:38:22, CEST
rxjava2-extras,https://github.com/davidmoten/rxjava2-extras, d0315b6ecb0d24437ec0d440b6d768e89247d56c,./, FlowableServerSocketTest,testLoad,test pass, mar 9 giu 2020, 14:38:22, CEST,mar 9 giu 2020, 14:38:59, CEST
rxjava2-extras,https://github.com/davidmoten/rxjava2-extras, d0315b6ecb0d24437ec0d440b6d768e89247d56c,./, FlowableServerSocketTest,testLoad,test pass, mar 9 giu 2020, 14:38:59, CEST,mar 9 giu 2020, 14:39:24, CEST
rxjava2-extras,https://github.com/davidmoten/rxjava2-extras, d0315b6ecb0d24437ec0d440b6d768e89247d56c,./, FlowableServerSocketTest,testLoad,test pass, mar 9 giu 2020, 14:39:24, CEST,mar 9 giu 2020, 14:39:50, CEST
rxjava2-extras,https://github.com/davidmoten/rxjava2-extras, d0315b6ecb0d24437ec0d440b6d768e89247d56c,./, FlowableServerSocketTest,testLoad,test pass, mar 9 giu 2020, 14:39:50, CEST,mar 9 giu 2020, 14:40:16, CEST
rxjava2-extras,https://github.com/davidmoten/rxjava2-extras, d0315b6ecb0d24437ec0d440b6d768e89247d56c,./, FlowableServerSocketTest,testLoad,test pass, mar 9 giu 2020, 14:40:16, CEST,mar 9 giu 2020, 14:40:43, CEST
rxjava2-extras,https://github.com/davidmoten/rxjava2-extras, d0315b6ecb0d24437ec0d440b6d768e89247d56c,./, FlowableServerSocketTest,testLoad,test pass, mar 9 giu 2020, 14:40:43, CEST,mar 9 giu 2020, 14:41:18, CEST
rxjava2-extras,https://github.com/davidmoten/rxjava2-extras, d0315b6ecb0d24437ec0d440b6d768e89247d56c,./, FlowableServerSocketTest,testLoad,test pass, mar 9 giu 2020, 14:41:18, CEST,mar 9 giu 2020, 14:41:45, CEST
rxjava2-extras,https://github.com/davidmoten/rxjava2-extras, d0315b6ecb0d24437ec0d440b6d768e89247d56c,./, FlowableServerSocketTest,testLoad,test pass, mar 9 giu 2020, 14:41:45, CEST,mar 9 giu 2020, 14:42:10, CEST
rxjava2-extras,https://github.com/davidmoten/rxjava2-extras, d0315b6ecb0d24437ec0d440b6d768e89247d56c,./, FlowableServerSocketTest,testLoad,test pass, mar 9 giu 2020, 14:42:10, CEST,mar 9 giu 2020, 14:42:41, CEST
rxjava2-extras,https://github.com/davidmoten/rxjava2-extras, d0315b6ecb0d24437ec0d440b6d768e89247d56c,./, FlowableServerSocketTest,testLoad,test pass, mar 9 giu 2020, 14:42:41, CEST,mar 9 giu 2020, 14:43:07, CEST
rxjava2-extras,https://github.com/davidmoten/rxjava2-extras, d0315b6ecb0d24437ec0d440b6d768e89247d56c,./, FlowableServerSocketTest,testLoad,test pass, mar 9 giu 2020, 14:43:07, CEST,mar 9 giu 2020, 14:43:34, CEST
rxjava2-extras,https://github.com/davidmoten/rxjava2-extras, d0315b6ecb0d24437ec0d440b6d768e89247d56c,./, FlowableServerSocketTest,testLoad,test pass, mar 9 giu 2020, 14:43:34, CEST,mar 9 giu 2020, 14:43:58, CEST
rxjava2-extras,https://github.com/davidmoten/rxjava2-extras, d0315b6ecb0d24437ec0d440b6d768e89247d56c,./, FlowableServerSocketTest,testLoad,test pass, mar 9 giu 2020, 14:43:58, CEST,mar 9 giu 2020, 14:44:25, CEST
rxjava2-extras,https://github.com/davidmoten/rxjava2-extras, d0315b6ecb0d24437ec0d440b6d768e89247d56c,./, FlowableServerSocketTest,testLoad,test pass, mar 9 giu 2020, 14:44:25, CEST,mar 9 giu 2020, 14:44:54, CEST
rxjava2-extras,https://github.com/davidmoten/rxjava2-extras, d0315b6ecb0d24437ec0d440b6d768e89247d56c,./, FlowableServerSocketTest,testLoad,test pass, mar 9 giu 2020, 14:44:54, CEST,mar 9 giu 2020, 14:45:18, CEST
rxjava2-extras,https://github.com/davidmoten/rxjava2-extras, d0315b6ecb0d24437ec0d440b6d768e89247d56c,./, FlowableServerSocketTest,testLoad,test pass, mar 9 giu 2020, 14:45:18, CEST,mar 9 giu 2020, 14:45:46, CEST
rxjava2-extras,https://github.com/davidmoten/rxjava2-extras, d0315b6ecb0d24437ec0d440b6d768e89247d56c,./, FlowableServerSocketTest,testLoad,test pass, mar 9 giu 2020, 14:45:46, CEST,mar 9 giu 2020, 14:46:15, CEST
rxjava2-extras,https://github.com/davidmoten/rxjava2-extras, d0315b6ecb0d24437ec0d440b6d768e89247d56c,./, FlowableServerSocketTest,testLoad,test pass, mar 9 giu 2020, 14:46:15, CEST,mar 9 giu 2020, 14:46:52, CEST
rxjava2-extras,https://github.com/davidmoten/rxjava2-extras, d0315b6ecb0d24437ec0d440b6d768e89247d56c,./, FlowableServerSocketTest,testLoad,test pass, mar 9 giu 2020, 14:46:52, CEST,mar 9 giu 2020, 14:47:17, CEST
rxjava2-extras,https://github.com/davidmoten/rxjava2-extras, d0315b6ecb0d24437ec0d440b6d768e89247d56c,./, FlowableServerSocketTest,testLoad,test pass, mar 9 giu 2020, 14:47:17, CEST,mar 9 giu 2020, 14:47:44, CEST
rxjava2-extras,https://github.com/davidmoten/rxjava2-extras, d0315b6ecb0d24437ec0d440b6d768e89247d56c,./, FlowableServerSocketTest,testLoad,test pass, mar 9 giu 2020, 14:47:44, CEST,mar 9 giu 2020, 14:48:12, CEST
rxjava2-extras,https://github.com/davidmoten/rxjava2-extras, d0315b6ecb0d24437ec0d440b6d768e89247d56c,./, FlowableServerSocketTest,testLoad,test pass, mar 9 giu 2020, 14:48:12, CEST,mar 9 giu 2020, 14:48:36, CEST
rxjava2-extras,https://github.com/davidmoten/rxjava2-extras, d0315b6ecb0d24437ec0d440b6d768e89247d56c,./, FlowableServerSocketTest,testLoad,test pass, mar 9 giu 2020, 14:48:36, CEST,mar 9 giu 2020, 14:49:02, CEST
rxjava2-extras,https://github.com/davidmoten/rxjava2-extras, d0315b6ecb0d24437ec0d440b6d768e89247d56c,./, FlowableServerSocketTest,testLoad,test pass, mar 9 giu 2020, 14:49:02, CEST,mar 9 giu 2020, 14:49:28, CEST
rxjava2-extras,https://github.com/davidmoten/rxjava2-extras, d0315b6ecb0d24437ec0d440b6d768e89247d56c,./, FlowableServerSocketTest,testLoad,test pass, mar 9 giu 2020, 14:49:29, CEST,mar 9 giu 2020, 14:49:56, CEST
rxjava2-extras,https://github.com/davidmoten/rxjava2-extras, d0315b6ecb0d24437ec0d440b6d768e89247d56c,./, FlowableServerSocketTest,testLoad,test pass, mar 9 giu 2020, 14:49:56, CEST,mar 9 giu 2020, 14:50:25, CEST
rxjava2-extras,https://github.com/davidmoten/rxjava2-extras, d0315b6ecb0d24437ec0d440b6d768e89247d56c,./, FlowableServerSocketTest,testLoad,test pass, mar 9 giu 2020, 14:50:25, CEST,mar 9 giu 2020, 14:50:50, CEST
rxjava2-extras,https://github.com/davidmoten/rxjava2-extras, d0315b6ecb0d24437ec0d440b6d768e89247d56c,./, FlowableServerSocketTest,testLoad,test pass, mar 9 giu 2020, 14:50:50, CEST,mar 9 giu 2020, 14:51:19, CEST
rxjava2-extras,https://github.com/davidmoten/rxjava2-extras, d0315b6ecb0d24437ec0d440b6d768e89247d56c,./, FlowableServerSocketTest,testLoad,test pass, mar 9 giu 2020, 14:51:19, CEST,mar 9 giu 2020, 14:51:45, CEST
rxjava2-extras,https://github.com/davidmoten/rxjava2-extras, d0315b6ecb0d24437ec0d440b6d768e89247d56c,./, FlowableServerSocketTest,testLoad,test pass, mar 9 giu 2020, 14:51:45, CEST,mar 9 giu 2020, 14:52:11, CEST
rxjava2-extras,https://github.com/davidmoten/rxjava2-extras, d0315b6ecb0d24437ec0d440b6d768e89247d56c,./, FlowableServerSocketTest,testLoad,test pass, mar 9 giu 2020, 14:52:11, CEST,mar 9 giu 2020, 14:52:39, CEST
rxjava2-extras,https://github.com/davidmoten/rxjava2-extras, d0315b6ecb0d24437ec0d440b6d768e89247d56c,./, FlowableServerSocketTest,testLoad,test pass, mar 9 giu 2020, 14:52:39, CEST,mar 9 giu 2020, 14:53:06, CEST
rxjava2-extras,https://github.com/davidmoten/rxjava2-extras, d0315b6ecb0d24437ec0d440b6d768e89247d56c,./, FlowableServerSocketTest,testLoad,test pass, mar 9 giu 2020, 14:53:06, CEST,mar 9 giu 2020, 14:53:31, CEST
rxjava2-extras,https://github.com/davidmoten/rxjava2-extras, d0315b6ecb0d24437ec0d440b6d768e89247d56c,./, FlowableServerSocketTest,testLoad,test pass, mar 9 giu 2020, 14:53:31, CEST,mar 9 giu 2020, 14:53:59, CEST
rxjava2-extras,https://github.com/davidmoten/rxjava2-extras, d0315b6ecb0d24437ec0d440b6d768e89247d56c,./, FlowableServerSocketTest,testLoad,test pass, mar 9 giu 2020, 14:53:59, CEST,mar 9 giu 2020, 14:54:22, CEST
rxjava2-extras,https://github.com/davidmoten/rxjava2-extras, d0315b6ecb0d24437ec0d440b6d768e89247d56c,./, FlowableServerSocketTest,testLoad,test pass, mar 9 giu 2020, 14:54:22, CEST,mar 9 giu 2020, 14:54:51, CEST
rxjava2-extras,https://github.com/davidmoten/rxjava2-extras, d0315b6ecb0d24437ec0d440b6d768e89247d56c,./, FlowableServerSocketTest,testLoad,test pass, mar 9 giu 2020, 14:54:51, CEST,mar 9 giu 2020, 14:55:22, CEST
rxjava2-extras,https://github.com/davidmoten/rxjava2-extras, d0315b6ecb0d24437ec0d440b6d768e89247d56c,./, FlowableServerSocketTest,testLoad,test pass, mar 9 giu 2020, 14:55:22, CEST,mar 9 giu 2020, 14:55:51, CEST
rxjava2-extras,https://github.com/davidmoten/rxjava2-extras, d0315b6ecb0d24437ec0d440b6d768e89247d56c,./, FlowableServerSocketTest,testLoad,test pass, mar 9 giu 2020, 14:55:51, CEST,mar 9 giu 2020, 14:56:22, CEST
rxjava2-extras,https://github.com/davidmoten/rxjava2-extras, d0315b6ecb0d24437ec0d440b6d768e89247d56c,./, FlowableServerSocketTest,testLoad,test pass, mar 9 giu 2020, 14:56:22, CEST,mar 9 giu 2020, 14:56:53, CEST
rxjava2-extras,https://github.com/davidmoten/rxjava2-extras, d0315b6ecb0d24437ec0d440b6d768e89247d56c,./, FlowableServerSocketTest,testLoad,test pass, mar 9 giu 2020, 14:56:53, CEST,mar 9 giu 2020, 14:57:23, CEST
rxjava2-extras,https://github.com/davidmoten/rxjava2-extras, d0315b6ecb0d24437ec0d440b6d768e89247d56c,./, FlowableServerSocketTest,testLoad,test pass, mar 9 giu 2020, 14:57:23, CEST,mar 9 giu 2020, 14:57:50, CEST
rxjava2-extras,https://github.com/davidmoten/rxjava2-extras, d0315b6ecb0d24437ec0d440b6d768e89247d56c,./, FlowableServerSocketTest,testLoad,test pass, mar 9 giu 2020, 14:57:50, CEST,mar 9 giu 2020, 14:58:17, CEST
rxjava2-extras,https://github.com/davidmoten/rxjava2-extras, d0315b6ecb0d24437ec0d440b6d768e89247d56c,./, FlowableServerSocketTest,testLoad,test pass, mar 9 giu 2020, 14:58:17, CEST,mar 9 giu 2020, 14:58:41, CEST
rxjava2-extras,https://github.com/davidmoten/rxjava2-extras, d0315b6ecb0d24437ec0d440b6d768e89247d56c,./, FlowableServerSocketTest,testLoad,test pass, mar 9 giu 2020, 14:58:41, CEST,mar 9 giu 2020, 14:59:12, CEST
rxjava2-extras,https://github.com/davidmoten/rxjava2-extras, d0315b6ecb0d24437ec0d440b6d768e89247d56c,./, FlowableServerSocketTest,testLoad,test pass, mar 9 giu 2020, 14:59:12, CEST,mar 9 giu 2020, 14:59:40, CEST
rxjava2-extras,https://github.com/davidmoten/rxjava2-extras, d0315b6ecb0d24437ec0d440b6d768e89247d56c,./, FlowableServerSocketTest,testLoad,test pass, mar 9 giu 2020, 14:59:40, CEST,mar 9 giu 2020, 15:00:08, CEST
rxjava2-extras,https://github.com/davidmoten/rxjava2-extras, d0315b6ecb0d24437ec0d440b6d768e89247d56c,./, FlowableServerSocketTest,testLoad,test pass, mar 9 giu 2020, 15:00:08, CEST,mar 9 giu 2020, 15:00:34, CEST
rxjava2-extras,https://github.com/davidmoten/rxjava2-extras, d0315b6ecb0d24437ec0d440b6d768e89247d56c,./, FlowableServerSocketTest,testLoad,test pass, mar 9 giu 2020, 15:00:34, CEST,mar 9 giu 2020, 15:01:11, CEST
rxjava2-extras,https://github.com/davidmoten/rxjava2-extras, d0315b6ecb0d24437ec0d440b6d768e89247d56c,./, FlowableServerSocketTest,testLoad,test pass, mar 9 giu 2020, 15:01:11, CEST,mar 9 giu 2020, 15:01:42, CEST
rxjava2-extras,https://github.com/davidmoten/rxjava2-extras, d0315b6ecb0d24437ec0d440b6d768e89247d56c,./, FlowableServerSocketTest,testLoad,test pass, mar 9 giu 2020, 15:01:42, CEST,mar 9 giu 2020, 15:02:08, CEST
rxjava2-extras,https://github.com/davidmoten/rxjava2-extras, d0315b6ecb0d24437ec0d440b6d768e89247d56c,./, FlowableServerSocketTest,testLoad,test pass, mar 9 giu 2020, 15:02:08, CEST,mar 9 giu 2020, 15:02:43, CEST
rxjava2-extras,https://github.com/davidmoten/rxjava2-extras, d0315b6ecb0d24437ec0d440b6d768e89247d56c,./, FlowableServerSocketTest,testLoad,test pass, mar 9 giu 2020, 15:02:43, CEST,mar 9 giu 2020, 15:03:11, CEST
rxjava2-extras,https://github.com/davidmoten/rxjava2-extras, d0315b6ecb0d24437ec0d440b6d768e89247d56c,./, FlowableServerSocketTest,testLoad,test pass, mar 9 giu 2020, 15:03:11, CEST,mar 9 giu 2020, 15:03:45, CEST
rxjava2-extras,https://github.com/davidmoten/rxjava2-extras, d0315b6ecb0d24437ec0d440b6d768e89247d56c,./, FlowableServerSocketTest,testLoad,test pass, mar 9 giu 2020, 15:03:45, CEST,mar 9 giu 2020, 15:04:18, CEST
rxjava2-extras,https://github.com/davidmoten/rxjava2-extras, d0315b6ecb0d24437ec0d440b6d768e89247d56c,./, FlowableServerSocketTest,testLoad,test pass, mar 9 giu 2020, 15:04:18, CEST,mar 9 giu 2020, 15:04:43, CEST
rxjava2-extras,https://github.com/davidmoten/rxjava2-extras, d0315b6ecb0d24437ec0d440b6d768e89247d56c,./, FlowableServerSocketTest,testLoad,test pass, mar 9 giu 2020, 15:04:43, CEST,mar 9 giu 2020, 15:05:09, CEST
rxjava2-extras,https://github.com/davidmoten/rxjava2-extras, d0315b6ecb0d24437ec0d440b6d768e89247d56c,./, FlowableServerSocketTest,testLoad,test pass, mar 9 giu 2020, 15:05:09, CEST,mar 9 giu 2020, 15:05:42, CEST
rxjava2-extras,https://github.com/davidmoten/rxjava2-extras, d0315b6ecb0d24437ec0d440b6d768e89247d56c,./, FlowableServerSocketTest,testLoad,test pass, mar 9 giu 2020, 15:05:42, CEST,mar 9 giu 2020, 15:06:12, CEST
rxjava2-extras,https://github.com/davidmoten/rxjava2-extras, d0315b6ecb0d24437ec0d440b6d768e89247d56c,./, FlowableServerSocketTest,testLoad,test pass, mar 9 giu 2020, 15:06:12, CEST,mar 9 giu 2020, 15:06:41, CEST
rxjava2-extras,https://github.com/davidmoten/rxjava2-extras, d0315b6ecb0d24437ec0d440b6d768e89247d56c,./, FlowableServerSocketTest,testLoad,test pass, mar 9 giu 2020, 15:06:41, CEST,mar 9 giu 2020, 15:07:07, CEST
rxjava2-extras,https://github.com/davidmoten/rxjava2-extras, d0315b6ecb0d24437ec0d440b6d768e89247d56c,./, FlowableServerSocketTest,testLoad,test pass, mar 9 giu 2020, 15:07:07, CEST,mar 9 giu 2020, 15:07:34, CEST
rxjava2-extras,https://github.com/davidmoten/rxjava2-extras, d0315b6ecb0d24437ec0d440b6d768e89247d56c,./, FlowableServerSocketTest,testLoad,test pass, mar 9 giu 2020, 15:07:34, CEST,mar 9 giu 2020, 15:08:02, CEST
rxjava2-extras,https://github.com/davidmoten/rxjava2-extras, d0315b6ecb0d24437ec0d440b6d768e89247d56c,./, FlowableServerSocketTest,testLoad,test pass, mar 9 giu 2020, 15:08:02, CEST,mar 9 giu 2020, 15:08:36, CEST
rxjava2-extras,https://github.com/davidmoten/rxjava2-extras, d0315b6ecb0d24437ec0d440b6d768e89247d56c,./, FlowableServerSocketTest,testLoad,test pass, mar 9 giu 2020, 15:08:36, CEST,mar 9 giu 2020, 15:09:12, CEST
rxjava2-extras,https://github.com/davidmoten/rxjava2-extras, d0315b6ecb0d24437ec0d440b6d768e89247d56c,./, FlowableServerSocketTest,testLoad,test pass, mar 9 giu 2020, 15:09:12, CEST,mar 9 giu 2020, 15:09:37, CEST
rxjava2-extras,https://github.com/davidmoten/rxjava2-extras, d0315b6ecb0d24437ec0d440b6d768e89247d56c,./, FlowableServerSocketTest,testLoad,test pass, mar 9 giu 2020, 15:09:37, CEST,mar 9 giu 2020, 15:10:02, CEST
rxjava2-extras,https://github.com/davidmoten/rxjava2-extras, d0315b6ecb0d24437ec0d440b6d768e89247d56c,./, FlowableServerSocketTest,testLoad,test pass, mar 9 giu 2020, 15:10:02, CEST,mar 9 giu 2020, 15:10:37, CEST
rxjava2-extras,https://github.com/davidmoten/rxjava2-extras, d0315b6ecb0d24437ec0d440b6d768e89247d56c,./, FlowableServerSocketTest,testLoad,test pass, mar 9 giu 2020, 15:10:37, CEST,mar 9 giu 2020, 15:11:10, CEST
rxjava2-extras,https://github.com/davidmoten/rxjava2-extras, d0315b6ecb0d24437ec0d440b6d768e89247d56c,./, FlowableServerSocketTest,testLoad,test pass, mar 9 giu 2020, 15:11:10, CEST,mar 9 giu 2020, 15:11:36, CEST
rxjava2-extras,https://github.com/davidmoten/rxjava2-extras, d0315b6ecb0d24437ec0d440b6d768e89247d56c,./, FlowableServerSocketTest,testLoad,test pass, mar 9 giu 2020, 15:11:36, CEST,mar 9 giu 2020, 15:12:03, CEST
rxjava2-extras,https://github.com/davidmoten/rxjava2-extras, d0315b6ecb0d24437ec0d440b6d768e89247d56c,./, FlowableServerSocketTest,testLoad,test pass, mar 9 giu 2020, 15:12:03, CEST,mar 9 giu 2020, 15:12:26, CEST
rxjava2-extras,https://github.com/davidmoten/rxjava2-extras, d0315b6ecb0d24437ec0d440b6d768e89247d56c,./, FlowableServerSocketTest,testLoad,test pass, mar 9 giu 2020, 15:12:26, CEST,mar 9 giu 2020, 15:12:55, CEST
rxjava2-extras,https://github.com/davidmoten/rxjava2-extras, d0315b6ecb0d24437ec0d440b6d768e89247d56c,./, FlowableServerSocketTest,testLoad,test pass, mar 9 giu 2020, 15:12:55, CEST,mar 9 giu 2020, 15:13:23, CEST
rxjava2-extras,https://github.com/davidmoten/rxjava2-extras, d0315b6ecb0d24437ec0d440b6d768e89247d56c,./, FlowableServerSocketTest,testLoad,test pass, mar 9 giu 2020, 15:13:23, CEST,mar 9 giu 2020, 15:13:50, CEST
rxjava2-extras,https://github.com/davidmoten/rxjava2-extras, d0315b6ecb0d24437ec0d440b6d768e89247d56c,./, FlowableServerSocketTest,testLoad,test pass, mar 9 giu 2020, 15:13:50, CEST,mar 9 giu 2020, 15:14:15, CEST
rxjava2-extras,https://github.com/davidmoten/rxjava2-extras, d0315b6ecb0d24437ec0d440b6d768e89247d56c,./, FlowableServerSocketTest,testLoad,test pass, mar 9 giu 2020, 15:14:15, CEST,mar 9 giu 2020, 15:14:50, CEST
rxjava2-extras,https://github.com/davidmoten/rxjava2-extras, d0315b6ecb0d24437ec0d440b6d768e89247d56c,./, FlowableServerSocketTest,testLoad,test pass, mar 9 giu 2020, 15:14:50, CEST,mar 9 giu 2020, 15:15:24, CEST
rxjava2-extras,https://github.com/davidmoten/rxjava2-extras, d0315b6ecb0d24437ec0d440b6d768e89247d56c,./, FlowableServerSocketTest,testLoad,test pass, mar 9 giu 2020, 15:15:24, CEST,mar 9 giu 2020, 15:15:51, CEST
rxjava2-extras,https://github.com/davidmoten/rxjava2-extras, d0315b6ecb0d24437ec0d440b6d768e89247d56c,./, FlowableServerSocketTest,testLoad,test pass, mar 9 giu 2020, 15:15:51, CEST,mar 9 giu 2020, 15:16:19, CEST
rxjava2-extras,https://github.com/davidmoten/rxjava2-extras, d0315b6ecb0d24437ec0d440b6d768e89247d56c,./, FlowableServerSocketTest,testLoad,test pass, mar 9 giu 2020, 15:16:19, CEST,mar 9 giu 2020, 15:16:45, CEST
