cukes,https://github.com/ctco/cukes, b483e1a8f261b80a66291a42fc455256b0b5059c,./cukes-http/, HttpAssertionFacadeImplTest,shouldReturnBodyWhenEnabledAndNoMax,test pass, lun 8 giu 2020, 18:42:23, CEST,lun 8 giu 2020, 18:42:26, CEST
cukes,https://github.com/ctco/cukes, b483e1a8f261b80a66291a42fc455256b0b5059c,./cukes-http/, HttpAssertionFacadeImplTest,shouldReturnBodyWhenEnabledAndNoMax,test pass, lun 8 giu 2020, 18:42:26, CEST,lun 8 giu 2020, 18:42:30, CEST
cukes,https://github.com/ctco/cukes, b483e1a8f261b80a66291a42fc455256b0b5059c,./cukes-http/, HttpAssertionFacadeImplTest,shouldReturnBodyWhenEnabledAndNoMax,test pass, lun 8 giu 2020, 18:42:30, CEST,lun 8 giu 2020, 18:42:34, CEST
cukes,https://github.com/ctco/cukes, b483e1a8f261b80a66291a42fc455256b0b5059c,./cukes-http/, HttpAssertionFacadeImplTest,shouldReturnBodyWhenEnabledAndNoMax,test pass, lun 8 giu 2020, 18:42:34, CEST,lun 8 giu 2020, 18:42:37, CEST
cukes,https://github.com/ctco/cukes, b483e1a8f261b80a66291a42fc455256b0b5059c,./cukes-http/, HttpAssertionFacadeImplTest,shouldReturnBodyWhenEnabledAndNoMax,test pass, lun 8 giu 2020, 18:42:37, CEST,lun 8 giu 2020, 18:42:41, CEST
cukes,https://github.com/ctco/cukes, b483e1a8f261b80a66291a42fc455256b0b5059c,./cukes-http/, HttpAssertionFacadeImplTest,shouldReturnBodyWhenEnabledAndNoMax,test pass, lun 8 giu 2020, 18:42:41, CEST,lun 8 giu 2020, 18:42:44, CEST
cukes,https://github.com/ctco/cukes, b483e1a8f261b80a66291a42fc455256b0b5059c,./cukes-http/, HttpAssertionFacadeImplTest,shouldReturnBodyWhenEnabledAndNoMax,test pass, lun 8 giu 2020, 18:42:44, CEST,lun 8 giu 2020, 18:42:47, CEST
cukes,https://github.com/ctco/cukes, b483e1a8f261b80a66291a42fc455256b0b5059c,./cukes-http/, HttpAssertionFacadeImplTest,shouldReturnBodyWhenEnabledAndNoMax,test pass, lun 8 giu 2020, 18:42:47, CEST,lun 8 giu 2020, 18:42:51, CEST
cukes,https://github.com/ctco/cukes, b483e1a8f261b80a66291a42fc455256b0b5059c,./cukes-http/, HttpAssertionFacadeImplTest,shouldReturnBodyWhenEnabledAndNoMax,test pass, lun 8 giu 2020, 18:42:51, CEST,lun 8 giu 2020, 18:42:55, CEST
cukes,https://github.com/ctco/cukes, b483e1a8f261b80a66291a42fc455256b0b5059c,./cukes-http/, HttpAssertionFacadeImplTest,shouldReturnBodyWhenEnabledAndNoMax,test pass, lun 8 giu 2020, 18:42:55, CEST,lun 8 giu 2020, 18:42:58, CEST
cukes,https://github.com/ctco/cukes, b483e1a8f261b80a66291a42fc455256b0b5059c,./cukes-http/, HttpAssertionFacadeImplTest,shouldReturnBodyWhenEnabledAndNoMax,test pass, lun 8 giu 2020, 18:42:58, CEST,lun 8 giu 2020, 18:43:01, CEST
cukes,https://github.com/ctco/cukes, b483e1a8f261b80a66291a42fc455256b0b5059c,./cukes-http/, HttpAssertionFacadeImplTest,shouldReturnBodyWhenEnabledAndNoMax,test pass, lun 8 giu 2020, 18:43:01, CEST,lun 8 giu 2020, 18:43:05, CEST
cukes,https://github.com/ctco/cukes, b483e1a8f261b80a66291a42fc455256b0b5059c,./cukes-http/, HttpAssertionFacadeImplTest,shouldReturnBodyWhenEnabledAndNoMax,test pass, lun 8 giu 2020, 18:43:05, CEST,lun 8 giu 2020, 18:43:08, CEST
cukes,https://github.com/ctco/cukes, b483e1a8f261b80a66291a42fc455256b0b5059c,./cukes-http/, HttpAssertionFacadeImplTest,shouldReturnBodyWhenEnabledAndNoMax,test pass, lun 8 giu 2020, 18:43:08, CEST,lun 8 giu 2020, 18:43:12, CEST
cukes,https://github.com/ctco/cukes, b483e1a8f261b80a66291a42fc455256b0b5059c,./cukes-http/, HttpAssertionFacadeImplTest,shouldReturnBodyWhenEnabledAndNoMax,test pass, lun 8 giu 2020, 18:43:12, CEST,lun 8 giu 2020, 18:43:15, CEST
cukes,https://github.com/ctco/cukes, b483e1a8f261b80a66291a42fc455256b0b5059c,./cukes-http/, HttpAssertionFacadeImplTest,shouldReturnBodyWhenEnabledAndNoMax,test pass, lun 8 giu 2020, 18:43:15, CEST,lun 8 giu 2020, 18:43:19, CEST
cukes,https://github.com/ctco/cukes, b483e1a8f261b80a66291a42fc455256b0b5059c,./cukes-http/, HttpAssertionFacadeImplTest,shouldReturnBodyWhenEnabledAndNoMax,test pass, lun 8 giu 2020, 18:43:19, CEST,lun 8 giu 2020, 18:43:23, CEST
cukes,https://github.com/ctco/cukes, b483e1a8f261b80a66291a42fc455256b0b5059c,./cukes-http/, HttpAssertionFacadeImplTest,shouldReturnBodyWhenEnabledAndNoMax,test pass, lun 8 giu 2020, 18:43:23, CEST,lun 8 giu 2020, 18:43:26, CEST
cukes,https://github.com/ctco/cukes, b483e1a8f261b80a66291a42fc455256b0b5059c,./cukes-http/, HttpAssertionFacadeImplTest,shouldReturnBodyWhenEnabledAndNoMax,test pass, lun 8 giu 2020, 18:43:26, CEST,lun 8 giu 2020, 18:43:30, CEST
cukes,https://github.com/ctco/cukes, b483e1a8f261b80a66291a42fc455256b0b5059c,./cukes-http/, HttpAssertionFacadeImplTest,shouldReturnBodyWhenEnabledAndNoMax,test pass, lun 8 giu 2020, 18:43:30, CEST,lun 8 giu 2020, 18:43:33, CEST
cukes,https://github.com/ctco/cukes, b483e1a8f261b80a66291a42fc455256b0b5059c,./cukes-http/, HttpAssertionFacadeImplTest,shouldReturnBodyWhenEnabledAndNoMax,test pass, lun 8 giu 2020, 18:43:33, CEST,lun 8 giu 2020, 18:43:36, CEST
cukes,https://github.com/ctco/cukes, b483e1a8f261b80a66291a42fc455256b0b5059c,./cukes-http/, HttpAssertionFacadeImplTest,shouldReturnBodyWhenEnabledAndNoMax,test pass, lun 8 giu 2020, 18:43:36, CEST,lun 8 giu 2020, 18:43:40, CEST
cukes,https://github.com/ctco/cukes, b483e1a8f261b80a66291a42fc455256b0b5059c,./cukes-http/, HttpAssertionFacadeImplTest,shouldReturnBodyWhenEnabledAndNoMax,test pass, lun 8 giu 2020, 18:43:40, CEST,lun 8 giu 2020, 18:43:44, CEST
cukes,https://github.com/ctco/cukes, b483e1a8f261b80a66291a42fc455256b0b5059c,./cukes-http/, HttpAssertionFacadeImplTest,shouldReturnBodyWhenEnabledAndNoMax,test pass, lun 8 giu 2020, 18:43:44, CEST,lun 8 giu 2020, 18:43:47, CEST
cukes,https://github.com/ctco/cukes, b483e1a8f261b80a66291a42fc455256b0b5059c,./cukes-http/, HttpAssertionFacadeImplTest,shouldReturnBodyWhenEnabledAndNoMax,test pass, lun 8 giu 2020, 18:43:47, CEST,lun 8 giu 2020, 18:43:51, CEST
cukes,https://github.com/ctco/cukes, b483e1a8f261b80a66291a42fc455256b0b5059c,./cukes-http/, HttpAssertionFacadeImplTest,shouldReturnBodyWhenEnabledAndNoMax,test pass, lun 8 giu 2020, 18:43:51, CEST,lun 8 giu 2020, 18:43:54, CEST
cukes,https://github.com/ctco/cukes, b483e1a8f261b80a66291a42fc455256b0b5059c,./cukes-http/, HttpAssertionFacadeImplTest,shouldReturnBodyWhenEnabledAndNoMax,test pass, lun 8 giu 2020, 18:43:54, CEST,lun 8 giu 2020, 18:43:58, CEST
cukes,https://github.com/ctco/cukes, b483e1a8f261b80a66291a42fc455256b0b5059c,./cukes-http/, HttpAssertionFacadeImplTest,shouldReturnBodyWhenEnabledAndNoMax,test pass, lun 8 giu 2020, 18:43:58, CEST,lun 8 giu 2020, 18:44:01, CEST
cukes,https://github.com/ctco/cukes, b483e1a8f261b80a66291a42fc455256b0b5059c,./cukes-http/, HttpAssertionFacadeImplTest,shouldReturnBodyWhenEnabledAndNoMax,test pass, lun 8 giu 2020, 18:44:01, CEST,lun 8 giu 2020, 18:44:05, CEST
cukes,https://github.com/ctco/cukes, b483e1a8f261b80a66291a42fc455256b0b5059c,./cukes-http/, HttpAssertionFacadeImplTest,shouldReturnBodyWhenEnabledAndNoMax,test pass, lun 8 giu 2020, 18:44:05, CEST,lun 8 giu 2020, 18:44:08, CEST
cukes,https://github.com/ctco/cukes, b483e1a8f261b80a66291a42fc455256b0b5059c,./cukes-http/, HttpAssertionFacadeImplTest,shouldReturnBodyWhenEnabledAndNoMax,test pass, lun 8 giu 2020, 18:44:08, CEST,lun 8 giu 2020, 18:44:12, CEST
cukes,https://github.com/ctco/cukes, b483e1a8f261b80a66291a42fc455256b0b5059c,./cukes-http/, HttpAssertionFacadeImplTest,shouldReturnBodyWhenEnabledAndNoMax,test pass, lun 8 giu 2020, 18:44:12, CEST,lun 8 giu 2020, 18:44:15, CEST
cukes,https://github.com/ctco/cukes, b483e1a8f261b80a66291a42fc455256b0b5059c,./cukes-http/, HttpAssertionFacadeImplTest,shouldReturnBodyWhenEnabledAndNoMax,test pass, lun 8 giu 2020, 18:44:15, CEST,lun 8 giu 2020, 18:44:19, CEST
cukes,https://github.com/ctco/cukes, b483e1a8f261b80a66291a42fc455256b0b5059c,./cukes-http/, HttpAssertionFacadeImplTest,shouldReturnBodyWhenEnabledAndNoMax,test pass, lun 8 giu 2020, 18:44:19, CEST,lun 8 giu 2020, 18:44:22, CEST
cukes,https://github.com/ctco/cukes, b483e1a8f261b80a66291a42fc455256b0b5059c,./cukes-http/, HttpAssertionFacadeImplTest,shouldReturnBodyWhenEnabledAndNoMax,test pass, lun 8 giu 2020, 18:44:22, CEST,lun 8 giu 2020, 18:44:26, CEST
cukes,https://github.com/ctco/cukes, b483e1a8f261b80a66291a42fc455256b0b5059c,./cukes-http/, HttpAssertionFacadeImplTest,shouldReturnBodyWhenEnabledAndNoMax,test pass, lun 8 giu 2020, 18:44:26, CEST,lun 8 giu 2020, 18:44:29, CEST
cukes,https://github.com/ctco/cukes, b483e1a8f261b80a66291a42fc455256b0b5059c,./cukes-http/, HttpAssertionFacadeImplTest,shouldReturnBodyWhenEnabledAndNoMax,test pass, lun 8 giu 2020, 18:44:29, CEST,lun 8 giu 2020, 18:44:33, CEST
cukes,https://github.com/ctco/cukes, b483e1a8f261b80a66291a42fc455256b0b5059c,./cukes-http/, HttpAssertionFacadeImplTest,shouldReturnBodyWhenEnabledAndNoMax,test pass, lun 8 giu 2020, 18:44:33, CEST,lun 8 giu 2020, 18:44:37, CEST
cukes,https://github.com/ctco/cukes, b483e1a8f261b80a66291a42fc455256b0b5059c,./cukes-http/, HttpAssertionFacadeImplTest,shouldReturnBodyWhenEnabledAndNoMax,test pass, lun 8 giu 2020, 18:44:37, CEST,lun 8 giu 2020, 18:44:40, CEST
cukes,https://github.com/ctco/cukes, b483e1a8f261b80a66291a42fc455256b0b5059c,./cukes-http/, HttpAssertionFacadeImplTest,shouldReturnBodyWhenEnabledAndNoMax,test pass, lun 8 giu 2020, 18:44:40, CEST,lun 8 giu 2020, 18:44:43, CEST
cukes,https://github.com/ctco/cukes, b483e1a8f261b80a66291a42fc455256b0b5059c,./cukes-http/, HttpAssertionFacadeImplTest,shouldReturnBodyWhenEnabledAndNoMax,test pass, lun 8 giu 2020, 18:44:43, CEST,lun 8 giu 2020, 18:44:47, CEST
cukes,https://github.com/ctco/cukes, b483e1a8f261b80a66291a42fc455256b0b5059c,./cukes-http/, HttpAssertionFacadeImplTest,shouldReturnBodyWhenEnabledAndNoMax,test pass, lun 8 giu 2020, 18:44:47, CEST,lun 8 giu 2020, 18:44:50, CEST
cukes,https://github.com/ctco/cukes, b483e1a8f261b80a66291a42fc455256b0b5059c,./cukes-http/, HttpAssertionFacadeImplTest,shouldReturnBodyWhenEnabledAndNoMax,test pass, lun 8 giu 2020, 18:44:50, CEST,lun 8 giu 2020, 18:44:54, CEST
cukes,https://github.com/ctco/cukes, b483e1a8f261b80a66291a42fc455256b0b5059c,./cukes-http/, HttpAssertionFacadeImplTest,shouldReturnBodyWhenEnabledAndNoMax,test pass, lun 8 giu 2020, 18:44:54, CEST,lun 8 giu 2020, 18:44:57, CEST
cukes,https://github.com/ctco/cukes, b483e1a8f261b80a66291a42fc455256b0b5059c,./cukes-http/, HttpAssertionFacadeImplTest,shouldReturnBodyWhenEnabledAndNoMax,test pass, lun 8 giu 2020, 18:44:57, CEST,lun 8 giu 2020, 18:45:01, CEST
cukes,https://github.com/ctco/cukes, b483e1a8f261b80a66291a42fc455256b0b5059c,./cukes-http/, HttpAssertionFacadeImplTest,shouldReturnBodyWhenEnabledAndNoMax,test pass, lun 8 giu 2020, 18:45:01, CEST,lun 8 giu 2020, 18:45:04, CEST
cukes,https://github.com/ctco/cukes, b483e1a8f261b80a66291a42fc455256b0b5059c,./cukes-http/, HttpAssertionFacadeImplTest,shouldReturnBodyWhenEnabledAndNoMax,test pass, lun 8 giu 2020, 18:45:04, CEST,lun 8 giu 2020, 18:45:08, CEST
cukes,https://github.com/ctco/cukes, b483e1a8f261b80a66291a42fc455256b0b5059c,./cukes-http/, HttpAssertionFacadeImplTest,shouldReturnBodyWhenEnabledAndNoMax,test pass, lun 8 giu 2020, 18:45:08, CEST,lun 8 giu 2020, 18:45:11, CEST
cukes,https://github.com/ctco/cukes, b483e1a8f261b80a66291a42fc455256b0b5059c,./cukes-http/, HttpAssertionFacadeImplTest,shouldReturnBodyWhenEnabledAndNoMax,test pass, lun 8 giu 2020, 18:45:11, CEST,lun 8 giu 2020, 18:45:15, CEST
cukes,https://github.com/ctco/cukes, b483e1a8f261b80a66291a42fc455256b0b5059c,./cukes-http/, HttpAssertionFacadeImplTest,shouldReturnBodyWhenEnabledAndNoMax,test pass, lun 8 giu 2020, 18:45:15, CEST,lun 8 giu 2020, 18:45:18, CEST
cukes,https://github.com/ctco/cukes, b483e1a8f261b80a66291a42fc455256b0b5059c,./cukes-http/, HttpAssertionFacadeImplTest,shouldReturnBodyWhenEnabledAndNoMax,test pass, lun 8 giu 2020, 18:45:18, CEST,lun 8 giu 2020, 18:45:22, CEST
cukes,https://github.com/ctco/cukes, b483e1a8f261b80a66291a42fc455256b0b5059c,./cukes-http/, HttpAssertionFacadeImplTest,shouldReturnBodyWhenEnabledAndNoMax,test pass, lun 8 giu 2020, 18:45:22, CEST,lun 8 giu 2020, 18:45:25, CEST
cukes,https://github.com/ctco/cukes, b483e1a8f261b80a66291a42fc455256b0b5059c,./cukes-http/, HttpAssertionFacadeImplTest,shouldReturnBodyWhenEnabledAndNoMax,test pass, lun 8 giu 2020, 18:45:25, CEST,lun 8 giu 2020, 18:45:29, CEST
cukes,https://github.com/ctco/cukes, b483e1a8f261b80a66291a42fc455256b0b5059c,./cukes-http/, HttpAssertionFacadeImplTest,shouldReturnBodyWhenEnabledAndNoMax,test pass, lun 8 giu 2020, 18:45:29, CEST,lun 8 giu 2020, 18:45:32, CEST
cukes,https://github.com/ctco/cukes, b483e1a8f261b80a66291a42fc455256b0b5059c,./cukes-http/, HttpAssertionFacadeImplTest,shouldReturnBodyWhenEnabledAndNoMax,test pass, lun 8 giu 2020, 18:45:32, CEST,lun 8 giu 2020, 18:45:36, CEST
cukes,https://github.com/ctco/cukes, b483e1a8f261b80a66291a42fc455256b0b5059c,./cukes-http/, HttpAssertionFacadeImplTest,shouldReturnBodyWhenEnabledAndNoMax,test pass, lun 8 giu 2020, 18:45:36, CEST,lun 8 giu 2020, 18:45:39, CEST
cukes,https://github.com/ctco/cukes, b483e1a8f261b80a66291a42fc455256b0b5059c,./cukes-http/, HttpAssertionFacadeImplTest,shouldReturnBodyWhenEnabledAndNoMax,test pass, lun 8 giu 2020, 18:45:39, CEST,lun 8 giu 2020, 18:45:43, CEST
cukes,https://github.com/ctco/cukes, b483e1a8f261b80a66291a42fc455256b0b5059c,./cukes-http/, HttpAssertionFacadeImplTest,shouldReturnBodyWhenEnabledAndNoMax,test pass, lun 8 giu 2020, 18:45:43, CEST,lun 8 giu 2020, 18:45:46, CEST
cukes,https://github.com/ctco/cukes, b483e1a8f261b80a66291a42fc455256b0b5059c,./cukes-http/, HttpAssertionFacadeImplTest,shouldReturnBodyWhenEnabledAndNoMax,test pass, lun 8 giu 2020, 18:45:46, CEST,lun 8 giu 2020, 18:45:50, CEST
cukes,https://github.com/ctco/cukes, b483e1a8f261b80a66291a42fc455256b0b5059c,./cukes-http/, HttpAssertionFacadeImplTest,shouldReturnBodyWhenEnabledAndNoMax,test pass, lun 8 giu 2020, 18:45:50, CEST,lun 8 giu 2020, 18:45:53, CEST
cukes,https://github.com/ctco/cukes, b483e1a8f261b80a66291a42fc455256b0b5059c,./cukes-http/, HttpAssertionFacadeImplTest,shouldReturnBodyWhenEnabledAndNoMax,test pass, lun 8 giu 2020, 18:45:53, CEST,lun 8 giu 2020, 18:45:57, CEST
cukes,https://github.com/ctco/cukes, b483e1a8f261b80a66291a42fc455256b0b5059c,./cukes-http/, HttpAssertionFacadeImplTest,shouldReturnBodyWhenEnabledAndNoMax,test pass, lun 8 giu 2020, 18:45:57, CEST,lun 8 giu 2020, 18:46:00, CEST
cukes,https://github.com/ctco/cukes, b483e1a8f261b80a66291a42fc455256b0b5059c,./cukes-http/, HttpAssertionFacadeImplTest,shouldReturnBodyWhenEnabledAndNoMax,test pass, lun 8 giu 2020, 18:46:00, CEST,lun 8 giu 2020, 18:46:03, CEST
cukes,https://github.com/ctco/cukes, b483e1a8f261b80a66291a42fc455256b0b5059c,./cukes-http/, HttpAssertionFacadeImplTest,shouldReturnBodyWhenEnabledAndNoMax,test pass, lun 8 giu 2020, 18:46:03, CEST,lun 8 giu 2020, 18:46:07, CEST
cukes,https://github.com/ctco/cukes, b483e1a8f261b80a66291a42fc455256b0b5059c,./cukes-http/, HttpAssertionFacadeImplTest,shouldReturnBodyWhenEnabledAndNoMax,test pass, lun 8 giu 2020, 18:46:07, CEST,lun 8 giu 2020, 18:46:10, CEST
cukes,https://github.com/ctco/cukes, b483e1a8f261b80a66291a42fc455256b0b5059c,./cukes-http/, HttpAssertionFacadeImplTest,shouldReturnBodyWhenEnabledAndNoMax,test pass, lun 8 giu 2020, 18:46:10, CEST,lun 8 giu 2020, 18:46:14, CEST
cukes,https://github.com/ctco/cukes, b483e1a8f261b80a66291a42fc455256b0b5059c,./cukes-http/, HttpAssertionFacadeImplTest,shouldReturnBodyWhenEnabledAndNoMax,test pass, lun 8 giu 2020, 18:46:14, CEST,lun 8 giu 2020, 18:46:17, CEST
cukes,https://github.com/ctco/cukes, b483e1a8f261b80a66291a42fc455256b0b5059c,./cukes-http/, HttpAssertionFacadeImplTest,shouldReturnBodyWhenEnabledAndNoMax,test pass, lun 8 giu 2020, 18:46:17, CEST,lun 8 giu 2020, 18:46:21, CEST
cukes,https://github.com/ctco/cukes, b483e1a8f261b80a66291a42fc455256b0b5059c,./cukes-http/, HttpAssertionFacadeImplTest,shouldReturnBodyWhenEnabledAndNoMax,test pass, lun 8 giu 2020, 18:46:21, CEST,lun 8 giu 2020, 18:46:24, CEST
cukes,https://github.com/ctco/cukes, b483e1a8f261b80a66291a42fc455256b0b5059c,./cukes-http/, HttpAssertionFacadeImplTest,shouldReturnBodyWhenEnabledAndNoMax,test pass, lun 8 giu 2020, 18:46:24, CEST,lun 8 giu 2020, 18:46:27, CEST
cukes,https://github.com/ctco/cukes, b483e1a8f261b80a66291a42fc455256b0b5059c,./cukes-http/, HttpAssertionFacadeImplTest,shouldReturnBodyWhenEnabledAndNoMax,test pass, lun 8 giu 2020, 18:46:27, CEST,lun 8 giu 2020, 18:46:31, CEST
cukes,https://github.com/ctco/cukes, b483e1a8f261b80a66291a42fc455256b0b5059c,./cukes-http/, HttpAssertionFacadeImplTest,shouldReturnBodyWhenEnabledAndNoMax,test pass, lun 8 giu 2020, 18:46:31, CEST,lun 8 giu 2020, 18:46:35, CEST
cukes,https://github.com/ctco/cukes, b483e1a8f261b80a66291a42fc455256b0b5059c,./cukes-http/, HttpAssertionFacadeImplTest,shouldReturnBodyWhenEnabledAndNoMax,test pass, lun 8 giu 2020, 18:46:35, CEST,lun 8 giu 2020, 18:46:38, CEST
cukes,https://github.com/ctco/cukes, b483e1a8f261b80a66291a42fc455256b0b5059c,./cukes-http/, HttpAssertionFacadeImplTest,shouldReturnBodyWhenEnabledAndNoMax,test pass, lun 8 giu 2020, 18:46:38, CEST,lun 8 giu 2020, 18:46:42, CEST
cukes,https://github.com/ctco/cukes, b483e1a8f261b80a66291a42fc455256b0b5059c,./cukes-http/, HttpAssertionFacadeImplTest,shouldReturnBodyWhenEnabledAndNoMax,test pass, lun 8 giu 2020, 18:46:42, CEST,lun 8 giu 2020, 18:46:45, CEST
cukes,https://github.com/ctco/cukes, b483e1a8f261b80a66291a42fc455256b0b5059c,./cukes-http/, HttpAssertionFacadeImplTest,shouldReturnBodyWhenEnabledAndNoMax,test pass, lun 8 giu 2020, 18:46:45, CEST,lun 8 giu 2020, 18:46:49, CEST
cukes,https://github.com/ctco/cukes, b483e1a8f261b80a66291a42fc455256b0b5059c,./cukes-http/, HttpAssertionFacadeImplTest,shouldReturnBodyWhenEnabledAndNoMax,test pass, lun 8 giu 2020, 18:46:49, CEST,lun 8 giu 2020, 18:46:52, CEST
cukes,https://github.com/ctco/cukes, b483e1a8f261b80a66291a42fc455256b0b5059c,./cukes-http/, HttpAssertionFacadeImplTest,shouldReturnBodyWhenEnabledAndNoMax,test pass, lun 8 giu 2020, 18:46:52, CEST,lun 8 giu 2020, 18:46:56, CEST
cukes,https://github.com/ctco/cukes, b483e1a8f261b80a66291a42fc455256b0b5059c,./cukes-http/, HttpAssertionFacadeImplTest,shouldReturnBodyWhenEnabledAndNoMax,test pass, lun 8 giu 2020, 18:46:56, CEST,lun 8 giu 2020, 18:46:59, CEST
cukes,https://github.com/ctco/cukes, b483e1a8f261b80a66291a42fc455256b0b5059c,./cukes-http/, HttpAssertionFacadeImplTest,shouldReturnBodyWhenEnabledAndNoMax,test pass, lun 8 giu 2020, 18:46:59, CEST,lun 8 giu 2020, 18:47:03, CEST
cukes,https://github.com/ctco/cukes, b483e1a8f261b80a66291a42fc455256b0b5059c,./cukes-http/, HttpAssertionFacadeImplTest,shouldReturnBodyWhenEnabledAndNoMax,test pass, lun 8 giu 2020, 18:47:03, CEST,lun 8 giu 2020, 18:47:06, CEST
cukes,https://github.com/ctco/cukes, b483e1a8f261b80a66291a42fc455256b0b5059c,./cukes-http/, HttpAssertionFacadeImplTest,shouldReturnBodyWhenEnabledAndNoMax,test pass, lun 8 giu 2020, 18:47:06, CEST,lun 8 giu 2020, 18:47:09, CEST
cukes,https://github.com/ctco/cukes, b483e1a8f261b80a66291a42fc455256b0b5059c,./cukes-http/, HttpAssertionFacadeImplTest,shouldReturnBodyWhenEnabledAndNoMax,test pass, lun 8 giu 2020, 18:47:09, CEST,lun 8 giu 2020, 18:47:13, CEST
cukes,https://github.com/ctco/cukes, b483e1a8f261b80a66291a42fc455256b0b5059c,./cukes-http/, HttpAssertionFacadeImplTest,shouldReturnBodyWhenEnabledAndNoMax,test pass, lun 8 giu 2020, 18:47:13, CEST,lun 8 giu 2020, 18:47:16, CEST
cukes,https://github.com/ctco/cukes, b483e1a8f261b80a66291a42fc455256b0b5059c,./cukes-http/, HttpAssertionFacadeImplTest,shouldReturnBodyWhenEnabledAndNoMax,test pass, lun 8 giu 2020, 18:47:16, CEST,lun 8 giu 2020, 18:47:20, CEST
cukes,https://github.com/ctco/cukes, b483e1a8f261b80a66291a42fc455256b0b5059c,./cukes-http/, HttpAssertionFacadeImplTest,shouldReturnBodyWhenEnabledAndNoMax,test pass, lun 8 giu 2020, 18:47:20, CEST,lun 8 giu 2020, 18:47:23, CEST
cukes,https://github.com/ctco/cukes, b483e1a8f261b80a66291a42fc455256b0b5059c,./cukes-http/, HttpAssertionFacadeImplTest,shouldReturnBodyWhenEnabledAndNoMax,test pass, lun 8 giu 2020, 18:47:23, CEST,lun 8 giu 2020, 18:47:27, CEST
cukes,https://github.com/ctco/cukes, b483e1a8f261b80a66291a42fc455256b0b5059c,./cukes-http/, HttpAssertionFacadeImplTest,shouldReturnBodyWhenEnabledAndNoMax,test pass, lun 8 giu 2020, 18:47:27, CEST,lun 8 giu 2020, 18:47:30, CEST
cukes,https://github.com/ctco/cukes, b483e1a8f261b80a66291a42fc455256b0b5059c,./cukes-http/, HttpAssertionFacadeImplTest,shouldReturnBodyWhenEnabledAndNoMax,test pass, lun 8 giu 2020, 18:47:30, CEST,lun 8 giu 2020, 18:47:34, CEST
cukes,https://github.com/ctco/cukes, b483e1a8f261b80a66291a42fc455256b0b5059c,./cukes-http/, HttpAssertionFacadeImplTest,shouldReturnBodyWhenEnabledAndNoMax,test pass, lun 8 giu 2020, 18:47:34, CEST,lun 8 giu 2020, 18:47:37, CEST
cukes,https://github.com/ctco/cukes, b483e1a8f261b80a66291a42fc455256b0b5059c,./cukes-http/, HttpAssertionFacadeImplTest,shouldReturnBodyWhenEnabledAndNoMax,test pass, lun 8 giu 2020, 18:47:37, CEST,lun 8 giu 2020, 18:47:41, CEST
cukes,https://github.com/ctco/cukes, b483e1a8f261b80a66291a42fc455256b0b5059c,./cukes-http/, HttpAssertionFacadeImplTest,shouldReturnBodyWhenEnabledAndNoMax,test pass, lun 8 giu 2020, 18:47:41, CEST,lun 8 giu 2020, 18:47:44, CEST
cukes,https://github.com/ctco/cukes, b483e1a8f261b80a66291a42fc455256b0b5059c,./cukes-http/, HttpAssertionFacadeImplTest,shouldReturnBodyWhenEnabledAndNoMax,test pass, lun 8 giu 2020, 18:47:44, CEST,lun 8 giu 2020, 18:47:48, CEST
cukes,https://github.com/ctco/cukes, b483e1a8f261b80a66291a42fc455256b0b5059c,./cukes-http/, HttpAssertionFacadeImplTest,shouldReturnBodyWhenEnabledAndNoMax,test pass, lun 8 giu 2020, 18:47:48, CEST,lun 8 giu 2020, 18:47:51, CEST
cukes,https://github.com/ctco/cukes, b483e1a8f261b80a66291a42fc455256b0b5059c,./cukes-http/, HttpAssertionFacadeImplTest,shouldReturnBodyWhenEnabledAndNoMax,test pass, lun 8 giu 2020, 18:47:51, CEST,lun 8 giu 2020, 18:47:55, CEST
cukes,https://github.com/ctco/cukes, b483e1a8f261b80a66291a42fc455256b0b5059c,./cukes-http/, HttpAssertionFacadeImplTest,shouldReturnBodyWhenEnabledAndNoMax,test pass, lun 8 giu 2020, 18:47:55, CEST,lun 8 giu 2020, 18:47:58, CEST
cukes,https://github.com/ctco/cukes, b483e1a8f261b80a66291a42fc455256b0b5059c,./cukes-http/, HttpAssertionFacadeImplTest,shouldReturnBodyWhenEnabledAndNoMax,test pass, lun 8 giu 2020, 18:47:58, CEST,lun 8 giu 2020, 18:48:02, CEST
cukes,https://github.com/ctco/cukes, b483e1a8f261b80a66291a42fc455256b0b5059c,./cukes-http/, HttpAssertionFacadeImplTest,shouldReturnBodyWhenEnabledAndNoMax,test pass, lun 8 giu 2020, 18:48:02, CEST,lun 8 giu 2020, 18:48:05, CEST
cukes,https://github.com/ctco/cukes, b483e1a8f261b80a66291a42fc455256b0b5059c,./cukes-http/, HttpAssertionFacadeImplTest,shouldReturnBodyWhenEnabledAndNoMax,test pass, lun 8 giu 2020, 18:48:05, CEST,lun 8 giu 2020, 18:48:09, CEST
cukes,https://github.com/ctco/cukes, b483e1a8f261b80a66291a42fc455256b0b5059c,./cukes-http/, HttpAssertionFacadeImplTest,shouldReturnBodyWhenEnabledAndNoMax,test pass, lun 8 giu 2020, 18:48:09, CEST,lun 8 giu 2020, 18:48:12, CEST
