vertexium,https://github.com/visallo/vertexium, f1fd59e23610312cf0ec6756ea01baaf56cdb74e,./core/, IncreasingTimeTest,currentTimeMillisReturnsTimeGreaterThanSystemTime,test pass, lun 8 giu 2020, 19:35:21, CEST,lun 8 giu 2020, 19:35:23, CEST
vertexium,https://github.com/visallo/vertexium, f1fd59e23610312cf0ec6756ea01baaf56cdb74e,./core/, IncreasingTimeTest,currentTimeMillisReturnsTimeGreaterThanSystemTime,test pass, lun 8 giu 2020, 19:35:23, CEST,lun 8 giu 2020, 19:35:25, CEST
vertexium,https://github.com/visallo/vertexium, f1fd59e23610312cf0ec6756ea01baaf56cdb74e,./core/, IncreasingTimeTest,currentTimeMillisReturnsTimeGreaterThanSystemTime,test pass, lun 8 giu 2020, 19:35:25, CEST,lun 8 giu 2020, 19:35:28, CEST
vertexium,https://github.com/visallo/vertexium, f1fd59e23610312cf0ec6756ea01baaf56cdb74e,./core/, IncreasingTimeTest,currentTimeMillisReturnsTimeGreaterThanSystemTime,test pass, lun 8 giu 2020, 19:35:28, CEST,lun 8 giu 2020, 19:35:30, CEST
vertexium,https://github.com/visallo/vertexium, f1fd59e23610312cf0ec6756ea01baaf56cdb74e,./core/, IncreasingTimeTest,currentTimeMillisReturnsTimeGreaterThanSystemTime,test pass, lun 8 giu 2020, 19:35:30, CEST,lun 8 giu 2020, 19:35:33, CEST
vertexium,https://github.com/visallo/vertexium, f1fd59e23610312cf0ec6756ea01baaf56cdb74e,./core/, IncreasingTimeTest,currentTimeMillisReturnsTimeGreaterThanSystemTime,test pass, lun 8 giu 2020, 19:35:33, CEST,lun 8 giu 2020, 19:35:35, CEST
vertexium,https://github.com/visallo/vertexium, f1fd59e23610312cf0ec6756ea01baaf56cdb74e,./core/, IncreasingTimeTest,currentTimeMillisReturnsTimeGreaterThanSystemTime,test pass, lun 8 giu 2020, 19:35:35, CEST,lun 8 giu 2020, 19:35:38, CEST
vertexium,https://github.com/visallo/vertexium, f1fd59e23610312cf0ec6756ea01baaf56cdb74e,./core/, IncreasingTimeTest,currentTimeMillisReturnsTimeGreaterThanSystemTime,test pass, lun 8 giu 2020, 19:35:38, CEST,lun 8 giu 2020, 19:35:40, CEST
vertexium,https://github.com/visallo/vertexium, f1fd59e23610312cf0ec6756ea01baaf56cdb74e,./core/, IncreasingTimeTest,currentTimeMillisReturnsTimeGreaterThanSystemTime,test pass, lun 8 giu 2020, 19:35:40, CEST,lun 8 giu 2020, 19:35:42, CEST
vertexium,https://github.com/visallo/vertexium, f1fd59e23610312cf0ec6756ea01baaf56cdb74e,./core/, IncreasingTimeTest,currentTimeMillisReturnsTimeGreaterThanSystemTime,test pass, lun 8 giu 2020, 19:35:42, CEST,lun 8 giu 2020, 19:35:45, CEST
vertexium,https://github.com/visallo/vertexium, f1fd59e23610312cf0ec6756ea01baaf56cdb74e,./core/, IncreasingTimeTest,currentTimeMillisReturnsTimeGreaterThanSystemTime,test pass, lun 8 giu 2020, 19:35:45, CEST,lun 8 giu 2020, 19:35:47, CEST
vertexium,https://github.com/visallo/vertexium, f1fd59e23610312cf0ec6756ea01baaf56cdb74e,./core/, IncreasingTimeTest,currentTimeMillisReturnsTimeGreaterThanSystemTime,test pass, lun 8 giu 2020, 19:35:47, CEST,lun 8 giu 2020, 19:35:49, CEST
vertexium,https://github.com/visallo/vertexium, f1fd59e23610312cf0ec6756ea01baaf56cdb74e,./core/, IncreasingTimeTest,currentTimeMillisReturnsTimeGreaterThanSystemTime,test pass, lun 8 giu 2020, 19:35:49, CEST,lun 8 giu 2020, 19:35:52, CEST
vertexium,https://github.com/visallo/vertexium, f1fd59e23610312cf0ec6756ea01baaf56cdb74e,./core/, IncreasingTimeTest,currentTimeMillisReturnsTimeGreaterThanSystemTime,test pass, lun 8 giu 2020, 19:35:52, CEST,lun 8 giu 2020, 19:35:54, CEST
vertexium,https://github.com/visallo/vertexium, f1fd59e23610312cf0ec6756ea01baaf56cdb74e,./core/, IncreasingTimeTest,currentTimeMillisReturnsTimeGreaterThanSystemTime,test pass, lun 8 giu 2020, 19:35:54, CEST,lun 8 giu 2020, 19:35:57, CEST
vertexium,https://github.com/visallo/vertexium, f1fd59e23610312cf0ec6756ea01baaf56cdb74e,./core/, IncreasingTimeTest,currentTimeMillisReturnsTimeGreaterThanSystemTime,test pass, lun 8 giu 2020, 19:35:57, CEST,lun 8 giu 2020, 19:35:59, CEST
vertexium,https://github.com/visallo/vertexium, f1fd59e23610312cf0ec6756ea01baaf56cdb74e,./core/, IncreasingTimeTest,currentTimeMillisReturnsTimeGreaterThanSystemTime,test pass, lun 8 giu 2020, 19:35:59, CEST,lun 8 giu 2020, 19:36:01, CEST
vertexium,https://github.com/visallo/vertexium, f1fd59e23610312cf0ec6756ea01baaf56cdb74e,./core/, IncreasingTimeTest,currentTimeMillisReturnsTimeGreaterThanSystemTime,test pass, lun 8 giu 2020, 19:36:01, CEST,lun 8 giu 2020, 19:36:03, CEST
vertexium,https://github.com/visallo/vertexium, f1fd59e23610312cf0ec6756ea01baaf56cdb74e,./core/, IncreasingTimeTest,currentTimeMillisReturnsTimeGreaterThanSystemTime,test pass, lun 8 giu 2020, 19:36:03, CEST,lun 8 giu 2020, 19:36:06, CEST
vertexium,https://github.com/visallo/vertexium, f1fd59e23610312cf0ec6756ea01baaf56cdb74e,./core/, IncreasingTimeTest,currentTimeMillisReturnsTimeGreaterThanSystemTime,test pass, lun 8 giu 2020, 19:36:06, CEST,lun 8 giu 2020, 19:36:08, CEST
vertexium,https://github.com/visallo/vertexium, f1fd59e23610312cf0ec6756ea01baaf56cdb74e,./core/, IncreasingTimeTest,currentTimeMillisReturnsTimeGreaterThanSystemTime,test pass, lun 8 giu 2020, 19:36:08, CEST,lun 8 giu 2020, 19:36:11, CEST
vertexium,https://github.com/visallo/vertexium, f1fd59e23610312cf0ec6756ea01baaf56cdb74e,./core/, IncreasingTimeTest,currentTimeMillisReturnsTimeGreaterThanSystemTime,test pass, lun 8 giu 2020, 19:36:11, CEST,lun 8 giu 2020, 19:36:13, CEST
vertexium,https://github.com/visallo/vertexium, f1fd59e23610312cf0ec6756ea01baaf56cdb74e,./core/, IncreasingTimeTest,currentTimeMillisReturnsTimeGreaterThanSystemTime,test pass, lun 8 giu 2020, 19:36:13, CEST,lun 8 giu 2020, 19:36:15, CEST
vertexium,https://github.com/visallo/vertexium, f1fd59e23610312cf0ec6756ea01baaf56cdb74e,./core/, IncreasingTimeTest,currentTimeMillisReturnsTimeGreaterThanSystemTime,test pass, lun 8 giu 2020, 19:36:15, CEST,lun 8 giu 2020, 19:36:18, CEST
vertexium,https://github.com/visallo/vertexium, f1fd59e23610312cf0ec6756ea01baaf56cdb74e,./core/, IncreasingTimeTest,currentTimeMillisReturnsTimeGreaterThanSystemTime,test pass, lun 8 giu 2020, 19:36:18, CEST,lun 8 giu 2020, 19:36:20, CEST
vertexium,https://github.com/visallo/vertexium, f1fd59e23610312cf0ec6756ea01baaf56cdb74e,./core/, IncreasingTimeTest,currentTimeMillisReturnsTimeGreaterThanSystemTime,test pass, lun 8 giu 2020, 19:36:20, CEST,lun 8 giu 2020, 19:36:24, CEST
vertexium,https://github.com/visallo/vertexium, f1fd59e23610312cf0ec6756ea01baaf56cdb74e,./core/, IncreasingTimeTest,currentTimeMillisReturnsTimeGreaterThanSystemTime,test pass, lun 8 giu 2020, 19:36:24, CEST,lun 8 giu 2020, 19:36:26, CEST
vertexium,https://github.com/visallo/vertexium, f1fd59e23610312cf0ec6756ea01baaf56cdb74e,./core/, IncreasingTimeTest,currentTimeMillisReturnsTimeGreaterThanSystemTime,test pass, lun 8 giu 2020, 19:36:26, CEST,lun 8 giu 2020, 19:36:29, CEST
vertexium,https://github.com/visallo/vertexium, f1fd59e23610312cf0ec6756ea01baaf56cdb74e,./core/, IncreasingTimeTest,currentTimeMillisReturnsTimeGreaterThanSystemTime,test pass, lun 8 giu 2020, 19:36:29, CEST,lun 8 giu 2020, 19:36:31, CEST
vertexium,https://github.com/visallo/vertexium, f1fd59e23610312cf0ec6756ea01baaf56cdb74e,./core/, IncreasingTimeTest,currentTimeMillisReturnsTimeGreaterThanSystemTime,test pass, lun 8 giu 2020, 19:36:31, CEST,lun 8 giu 2020, 19:36:33, CEST
vertexium,https://github.com/visallo/vertexium, f1fd59e23610312cf0ec6756ea01baaf56cdb74e,./core/, IncreasingTimeTest,currentTimeMillisReturnsTimeGreaterThanSystemTime,test pass, lun 8 giu 2020, 19:36:33, CEST,lun 8 giu 2020, 19:36:35, CEST
vertexium,https://github.com/visallo/vertexium, f1fd59e23610312cf0ec6756ea01baaf56cdb74e,./core/, IncreasingTimeTest,currentTimeMillisReturnsTimeGreaterThanSystemTime,test pass, lun 8 giu 2020, 19:36:35, CEST,lun 8 giu 2020, 19:36:38, CEST
vertexium,https://github.com/visallo/vertexium, f1fd59e23610312cf0ec6756ea01baaf56cdb74e,./core/, IncreasingTimeTest,currentTimeMillisReturnsTimeGreaterThanSystemTime,test pass, lun 8 giu 2020, 19:36:38, CEST,lun 8 giu 2020, 19:36:40, CEST
vertexium,https://github.com/visallo/vertexium, f1fd59e23610312cf0ec6756ea01baaf56cdb74e,./core/, IncreasingTimeTest,currentTimeMillisReturnsTimeGreaterThanSystemTime,test pass, lun 8 giu 2020, 19:36:40, CEST,lun 8 giu 2020, 19:36:42, CEST
vertexium,https://github.com/visallo/vertexium, f1fd59e23610312cf0ec6756ea01baaf56cdb74e,./core/, IncreasingTimeTest,currentTimeMillisReturnsTimeGreaterThanSystemTime,test pass, lun 8 giu 2020, 19:36:42, CEST,lun 8 giu 2020, 19:36:44, CEST
vertexium,https://github.com/visallo/vertexium, f1fd59e23610312cf0ec6756ea01baaf56cdb74e,./core/, IncreasingTimeTest,currentTimeMillisReturnsTimeGreaterThanSystemTime,test pass, lun 8 giu 2020, 19:36:44, CEST,lun 8 giu 2020, 19:36:47, CEST
vertexium,https://github.com/visallo/vertexium, f1fd59e23610312cf0ec6756ea01baaf56cdb74e,./core/, IncreasingTimeTest,currentTimeMillisReturnsTimeGreaterThanSystemTime,test pass, lun 8 giu 2020, 19:36:47, CEST,lun 8 giu 2020, 19:36:49, CEST
vertexium,https://github.com/visallo/vertexium, f1fd59e23610312cf0ec6756ea01baaf56cdb74e,./core/, IncreasingTimeTest,currentTimeMillisReturnsTimeGreaterThanSystemTime,test pass, lun 8 giu 2020, 19:36:49, CEST,lun 8 giu 2020, 19:36:51, CEST
vertexium,https://github.com/visallo/vertexium, f1fd59e23610312cf0ec6756ea01baaf56cdb74e,./core/, IncreasingTimeTest,currentTimeMillisReturnsTimeGreaterThanSystemTime,test pass, lun 8 giu 2020, 19:36:51, CEST,lun 8 giu 2020, 19:36:54, CEST
vertexium,https://github.com/visallo/vertexium, f1fd59e23610312cf0ec6756ea01baaf56cdb74e,./core/, IncreasingTimeTest,currentTimeMillisReturnsTimeGreaterThanSystemTime,test pass, lun 8 giu 2020, 19:36:54, CEST,lun 8 giu 2020, 19:36:56, CEST
vertexium,https://github.com/visallo/vertexium, f1fd59e23610312cf0ec6756ea01baaf56cdb74e,./core/, IncreasingTimeTest,currentTimeMillisReturnsTimeGreaterThanSystemTime,test pass, lun 8 giu 2020, 19:36:56, CEST,lun 8 giu 2020, 19:36:58, CEST
vertexium,https://github.com/visallo/vertexium, f1fd59e23610312cf0ec6756ea01baaf56cdb74e,./core/, IncreasingTimeTest,currentTimeMillisReturnsTimeGreaterThanSystemTime,test pass, lun 8 giu 2020, 19:36:58, CEST,lun 8 giu 2020, 19:37:01, CEST
vertexium,https://github.com/visallo/vertexium, f1fd59e23610312cf0ec6756ea01baaf56cdb74e,./core/, IncreasingTimeTest,currentTimeMillisReturnsTimeGreaterThanSystemTime,test pass, lun 8 giu 2020, 19:37:01, CEST,lun 8 giu 2020, 19:37:03, CEST
vertexium,https://github.com/visallo/vertexium, f1fd59e23610312cf0ec6756ea01baaf56cdb74e,./core/, IncreasingTimeTest,currentTimeMillisReturnsTimeGreaterThanSystemTime,test pass, lun 8 giu 2020, 19:37:03, CEST,lun 8 giu 2020, 19:37:05, CEST
vertexium,https://github.com/visallo/vertexium, f1fd59e23610312cf0ec6756ea01baaf56cdb74e,./core/, IncreasingTimeTest,currentTimeMillisReturnsTimeGreaterThanSystemTime,test pass, lun 8 giu 2020, 19:37:05, CEST,lun 8 giu 2020, 19:37:08, CEST
vertexium,https://github.com/visallo/vertexium, f1fd59e23610312cf0ec6756ea01baaf56cdb74e,./core/, IncreasingTimeTest,currentTimeMillisReturnsTimeGreaterThanSystemTime,test pass, lun 8 giu 2020, 19:37:08, CEST,lun 8 giu 2020, 19:37:10, CEST
vertexium,https://github.com/visallo/vertexium, f1fd59e23610312cf0ec6756ea01baaf56cdb74e,./core/, IncreasingTimeTest,currentTimeMillisReturnsTimeGreaterThanSystemTime,test pass, lun 8 giu 2020, 19:37:10, CEST,lun 8 giu 2020, 19:37:12, CEST
vertexium,https://github.com/visallo/vertexium, f1fd59e23610312cf0ec6756ea01baaf56cdb74e,./core/, IncreasingTimeTest,currentTimeMillisReturnsTimeGreaterThanSystemTime,test pass, lun 8 giu 2020, 19:37:12, CEST,lun 8 giu 2020, 19:37:14, CEST
vertexium,https://github.com/visallo/vertexium, f1fd59e23610312cf0ec6756ea01baaf56cdb74e,./core/, IncreasingTimeTest,currentTimeMillisReturnsTimeGreaterThanSystemTime,test pass, lun 8 giu 2020, 19:37:14, CEST,lun 8 giu 2020, 19:37:16, CEST
vertexium,https://github.com/visallo/vertexium, f1fd59e23610312cf0ec6756ea01baaf56cdb74e,./core/, IncreasingTimeTest,currentTimeMillisReturnsTimeGreaterThanSystemTime,test pass, lun 8 giu 2020, 19:37:16, CEST,lun 8 giu 2020, 19:37:19, CEST
vertexium,https://github.com/visallo/vertexium, f1fd59e23610312cf0ec6756ea01baaf56cdb74e,./core/, IncreasingTimeTest,currentTimeMillisReturnsTimeGreaterThanSystemTime,test pass, lun 8 giu 2020, 19:37:19, CEST,lun 8 giu 2020, 19:37:21, CEST
vertexium,https://github.com/visallo/vertexium, f1fd59e23610312cf0ec6756ea01baaf56cdb74e,./core/, IncreasingTimeTest,currentTimeMillisReturnsTimeGreaterThanSystemTime,test pass, lun 8 giu 2020, 19:37:21, CEST,lun 8 giu 2020, 19:37:23, CEST
vertexium,https://github.com/visallo/vertexium, f1fd59e23610312cf0ec6756ea01baaf56cdb74e,./core/, IncreasingTimeTest,currentTimeMillisReturnsTimeGreaterThanSystemTime,test pass, lun 8 giu 2020, 19:37:23, CEST,lun 8 giu 2020, 19:37:26, CEST
vertexium,https://github.com/visallo/vertexium, f1fd59e23610312cf0ec6756ea01baaf56cdb74e,./core/, IncreasingTimeTest,currentTimeMillisReturnsTimeGreaterThanSystemTime,test pass, lun 8 giu 2020, 19:37:26, CEST,lun 8 giu 2020, 19:37:28, CEST
vertexium,https://github.com/visallo/vertexium, f1fd59e23610312cf0ec6756ea01baaf56cdb74e,./core/, IncreasingTimeTest,currentTimeMillisReturnsTimeGreaterThanSystemTime,test pass, lun 8 giu 2020, 19:37:28, CEST,lun 8 giu 2020, 19:37:30, CEST
vertexium,https://github.com/visallo/vertexium, f1fd59e23610312cf0ec6756ea01baaf56cdb74e,./core/, IncreasingTimeTest,currentTimeMillisReturnsTimeGreaterThanSystemTime,test pass, lun 8 giu 2020, 19:37:30, CEST,lun 8 giu 2020, 19:37:33, CEST
vertexium,https://github.com/visallo/vertexium, f1fd59e23610312cf0ec6756ea01baaf56cdb74e,./core/, IncreasingTimeTest,currentTimeMillisReturnsTimeGreaterThanSystemTime,test pass, lun 8 giu 2020, 19:37:33, CEST,lun 8 giu 2020, 19:37:35, CEST
vertexium,https://github.com/visallo/vertexium, f1fd59e23610312cf0ec6756ea01baaf56cdb74e,./core/, IncreasingTimeTest,currentTimeMillisReturnsTimeGreaterThanSystemTime,test pass, lun 8 giu 2020, 19:37:35, CEST,lun 8 giu 2020, 19:37:38, CEST
vertexium,https://github.com/visallo/vertexium, f1fd59e23610312cf0ec6756ea01baaf56cdb74e,./core/, IncreasingTimeTest,currentTimeMillisReturnsTimeGreaterThanSystemTime,test pass, lun 8 giu 2020, 19:37:38, CEST,lun 8 giu 2020, 19:37:40, CEST
vertexium,https://github.com/visallo/vertexium, f1fd59e23610312cf0ec6756ea01baaf56cdb74e,./core/, IncreasingTimeTest,currentTimeMillisReturnsTimeGreaterThanSystemTime,test pass, lun 8 giu 2020, 19:37:40, CEST,lun 8 giu 2020, 19:37:42, CEST
vertexium,https://github.com/visallo/vertexium, f1fd59e23610312cf0ec6756ea01baaf56cdb74e,./core/, IncreasingTimeTest,currentTimeMillisReturnsTimeGreaterThanSystemTime,test pass, lun 8 giu 2020, 19:37:42, CEST,lun 8 giu 2020, 19:37:44, CEST
vertexium,https://github.com/visallo/vertexium, f1fd59e23610312cf0ec6756ea01baaf56cdb74e,./core/, IncreasingTimeTest,currentTimeMillisReturnsTimeGreaterThanSystemTime,test pass, lun 8 giu 2020, 19:37:44, CEST,lun 8 giu 2020, 19:37:47, CEST
vertexium,https://github.com/visallo/vertexium, f1fd59e23610312cf0ec6756ea01baaf56cdb74e,./core/, IncreasingTimeTest,currentTimeMillisReturnsTimeGreaterThanSystemTime,test pass, lun 8 giu 2020, 19:37:47, CEST,lun 8 giu 2020, 19:37:49, CEST
vertexium,https://github.com/visallo/vertexium, f1fd59e23610312cf0ec6756ea01baaf56cdb74e,./core/, IncreasingTimeTest,currentTimeMillisReturnsTimeGreaterThanSystemTime,test pass, lun 8 giu 2020, 19:37:49, CEST,lun 8 giu 2020, 19:37:51, CEST
vertexium,https://github.com/visallo/vertexium, f1fd59e23610312cf0ec6756ea01baaf56cdb74e,./core/, IncreasingTimeTest,currentTimeMillisReturnsTimeGreaterThanSystemTime,test pass, lun 8 giu 2020, 19:37:51, CEST,lun 8 giu 2020, 19:37:54, CEST
vertexium,https://github.com/visallo/vertexium, f1fd59e23610312cf0ec6756ea01baaf56cdb74e,./core/, IncreasingTimeTest,currentTimeMillisReturnsTimeGreaterThanSystemTime,test pass, lun 8 giu 2020, 19:37:54, CEST,lun 8 giu 2020, 19:37:56, CEST
vertexium,https://github.com/visallo/vertexium, f1fd59e23610312cf0ec6756ea01baaf56cdb74e,./core/, IncreasingTimeTest,currentTimeMillisReturnsTimeGreaterThanSystemTime,test pass, lun 8 giu 2020, 19:37:56, CEST,lun 8 giu 2020, 19:37:58, CEST
vertexium,https://github.com/visallo/vertexium, f1fd59e23610312cf0ec6756ea01baaf56cdb74e,./core/, IncreasingTimeTest,currentTimeMillisReturnsTimeGreaterThanSystemTime,test pass, lun 8 giu 2020, 19:37:58, CEST,lun 8 giu 2020, 19:38:01, CEST
vertexium,https://github.com/visallo/vertexium, f1fd59e23610312cf0ec6756ea01baaf56cdb74e,./core/, IncreasingTimeTest,currentTimeMillisReturnsTimeGreaterThanSystemTime,test pass, lun 8 giu 2020, 19:38:01, CEST,lun 8 giu 2020, 19:38:03, CEST
vertexium,https://github.com/visallo/vertexium, f1fd59e23610312cf0ec6756ea01baaf56cdb74e,./core/, IncreasingTimeTest,currentTimeMillisReturnsTimeGreaterThanSystemTime,test pass, lun 8 giu 2020, 19:38:03, CEST,lun 8 giu 2020, 19:38:06, CEST
vertexium,https://github.com/visallo/vertexium, f1fd59e23610312cf0ec6756ea01baaf56cdb74e,./core/, IncreasingTimeTest,currentTimeMillisReturnsTimeGreaterThanSystemTime,test pass, lun 8 giu 2020, 19:38:06, CEST,lun 8 giu 2020, 19:38:08, CEST
vertexium,https://github.com/visallo/vertexium, f1fd59e23610312cf0ec6756ea01baaf56cdb74e,./core/, IncreasingTimeTest,currentTimeMillisReturnsTimeGreaterThanSystemTime,test pass, lun 8 giu 2020, 19:38:08, CEST,lun 8 giu 2020, 19:38:10, CEST
vertexium,https://github.com/visallo/vertexium, f1fd59e23610312cf0ec6756ea01baaf56cdb74e,./core/, IncreasingTimeTest,currentTimeMillisReturnsTimeGreaterThanSystemTime,test pass, lun 8 giu 2020, 19:38:10, CEST,lun 8 giu 2020, 19:38:12, CEST
vertexium,https://github.com/visallo/vertexium, f1fd59e23610312cf0ec6756ea01baaf56cdb74e,./core/, IncreasingTimeTest,currentTimeMillisReturnsTimeGreaterThanSystemTime,test pass, lun 8 giu 2020, 19:38:12, CEST,lun 8 giu 2020, 19:38:15, CEST
vertexium,https://github.com/visallo/vertexium, f1fd59e23610312cf0ec6756ea01baaf56cdb74e,./core/, IncreasingTimeTest,currentTimeMillisReturnsTimeGreaterThanSystemTime,test pass, lun 8 giu 2020, 19:38:15, CEST,lun 8 giu 2020, 19:38:17, CEST
vertexium,https://github.com/visallo/vertexium, f1fd59e23610312cf0ec6756ea01baaf56cdb74e,./core/, IncreasingTimeTest,currentTimeMillisReturnsTimeGreaterThanSystemTime,test pass, lun 8 giu 2020, 19:38:17, CEST,lun 8 giu 2020, 19:38:19, CEST
vertexium,https://github.com/visallo/vertexium, f1fd59e23610312cf0ec6756ea01baaf56cdb74e,./core/, IncreasingTimeTest,currentTimeMillisReturnsTimeGreaterThanSystemTime,test pass, lun 8 giu 2020, 19:38:19, CEST,lun 8 giu 2020, 19:38:22, CEST
vertexium,https://github.com/visallo/vertexium, f1fd59e23610312cf0ec6756ea01baaf56cdb74e,./core/, IncreasingTimeTest,currentTimeMillisReturnsTimeGreaterThanSystemTime,test pass, lun 8 giu 2020, 19:38:22, CEST,lun 8 giu 2020, 19:38:24, CEST
vertexium,https://github.com/visallo/vertexium, f1fd59e23610312cf0ec6756ea01baaf56cdb74e,./core/, IncreasingTimeTest,currentTimeMillisReturnsTimeGreaterThanSystemTime,test pass, lun 8 giu 2020, 19:38:24, CEST,lun 8 giu 2020, 19:38:26, CEST
vertexium,https://github.com/visallo/vertexium, f1fd59e23610312cf0ec6756ea01baaf56cdb74e,./core/, IncreasingTimeTest,currentTimeMillisReturnsTimeGreaterThanSystemTime,test pass, lun 8 giu 2020, 19:38:26, CEST,lun 8 giu 2020, 19:38:28, CEST
vertexium,https://github.com/visallo/vertexium, f1fd59e23610312cf0ec6756ea01baaf56cdb74e,./core/, IncreasingTimeTest,currentTimeMillisReturnsTimeGreaterThanSystemTime,test pass, lun 8 giu 2020, 19:38:28, CEST,lun 8 giu 2020, 19:38:31, CEST
vertexium,https://github.com/visallo/vertexium, f1fd59e23610312cf0ec6756ea01baaf56cdb74e,./core/, IncreasingTimeTest,currentTimeMillisReturnsTimeGreaterThanSystemTime,test pass, lun 8 giu 2020, 19:38:31, CEST,lun 8 giu 2020, 19:38:33, CEST
vertexium,https://github.com/visallo/vertexium, f1fd59e23610312cf0ec6756ea01baaf56cdb74e,./core/, IncreasingTimeTest,currentTimeMillisReturnsTimeGreaterThanSystemTime,test pass, lun 8 giu 2020, 19:38:33, CEST,lun 8 giu 2020, 19:38:35, CEST
vertexium,https://github.com/visallo/vertexium, f1fd59e23610312cf0ec6756ea01baaf56cdb74e,./core/, IncreasingTimeTest,currentTimeMillisReturnsTimeGreaterThanSystemTime,test pass, lun 8 giu 2020, 19:38:35, CEST,lun 8 giu 2020, 19:38:37, CEST
vertexium,https://github.com/visallo/vertexium, f1fd59e23610312cf0ec6756ea01baaf56cdb74e,./core/, IncreasingTimeTest,currentTimeMillisReturnsTimeGreaterThanSystemTime,test pass, lun 8 giu 2020, 19:38:37, CEST,lun 8 giu 2020, 19:38:40, CEST
vertexium,https://github.com/visallo/vertexium, f1fd59e23610312cf0ec6756ea01baaf56cdb74e,./core/, IncreasingTimeTest,currentTimeMillisReturnsTimeGreaterThanSystemTime,test pass, lun 8 giu 2020, 19:38:40, CEST,lun 8 giu 2020, 19:38:42, CEST
vertexium,https://github.com/visallo/vertexium, f1fd59e23610312cf0ec6756ea01baaf56cdb74e,./core/, IncreasingTimeTest,currentTimeMillisReturnsTimeGreaterThanSystemTime,test pass, lun 8 giu 2020, 19:38:42, CEST,lun 8 giu 2020, 19:38:44, CEST
vertexium,https://github.com/visallo/vertexium, f1fd59e23610312cf0ec6756ea01baaf56cdb74e,./core/, IncreasingTimeTest,currentTimeMillisReturnsTimeGreaterThanSystemTime,test pass, lun 8 giu 2020, 19:38:44, CEST,lun 8 giu 2020, 19:38:47, CEST
vertexium,https://github.com/visallo/vertexium, f1fd59e23610312cf0ec6756ea01baaf56cdb74e,./core/, IncreasingTimeTest,currentTimeMillisReturnsTimeGreaterThanSystemTime,test pass, lun 8 giu 2020, 19:38:47, CEST,lun 8 giu 2020, 19:38:49, CEST
vertexium,https://github.com/visallo/vertexium, f1fd59e23610312cf0ec6756ea01baaf56cdb74e,./core/, IncreasingTimeTest,currentTimeMillisReturnsTimeGreaterThanSystemTime,test pass, lun 8 giu 2020, 19:38:49, CEST,lun 8 giu 2020, 19:38:51, CEST
vertexium,https://github.com/visallo/vertexium, f1fd59e23610312cf0ec6756ea01baaf56cdb74e,./core/, IncreasingTimeTest,currentTimeMillisReturnsTimeGreaterThanSystemTime,test pass, lun 8 giu 2020, 19:38:51, CEST,lun 8 giu 2020, 19:38:53, CEST
vertexium,https://github.com/visallo/vertexium, f1fd59e23610312cf0ec6756ea01baaf56cdb74e,./core/, IncreasingTimeTest,currentTimeMillisReturnsTimeGreaterThanSystemTime,test pass, lun 8 giu 2020, 19:38:53, CEST,lun 8 giu 2020, 19:38:56, CEST
vertexium,https://github.com/visallo/vertexium, f1fd59e23610312cf0ec6756ea01baaf56cdb74e,./core/, IncreasingTimeTest,currentTimeMillisReturnsTimeGreaterThanSystemTime,test pass, lun 8 giu 2020, 19:38:56, CEST,lun 8 giu 2020, 19:38:58, CEST
vertexium,https://github.com/visallo/vertexium, f1fd59e23610312cf0ec6756ea01baaf56cdb74e,./core/, IncreasingTimeTest,currentTimeMillisReturnsTimeGreaterThanSystemTime,test pass, lun 8 giu 2020, 19:38:58, CEST,lun 8 giu 2020, 19:39:00, CEST
vertexium,https://github.com/visallo/vertexium, f1fd59e23610312cf0ec6756ea01baaf56cdb74e,./core/, IncreasingTimeTest,currentTimeMillisReturnsTimeGreaterThanSystemTime,test pass, lun 8 giu 2020, 19:39:00, CEST,lun 8 giu 2020, 19:39:02, CEST
vertexium,https://github.com/visallo/vertexium, f1fd59e23610312cf0ec6756ea01baaf56cdb74e,./core/, IncreasingTimeTest,currentTimeMillisReturnsTimeGreaterThanSystemTime,test pass, lun 8 giu 2020, 19:39:02, CEST,lun 8 giu 2020, 19:39:05, CEST
vertexium,https://github.com/visallo/vertexium, f1fd59e23610312cf0ec6756ea01baaf56cdb74e,./core/, IncreasingTimeTest,currentTimeMillisReturnsTimeGreaterThanSystemTime,test pass, lun 8 giu 2020, 19:39:05, CEST,lun 8 giu 2020, 19:39:07, CEST
vertexium,https://github.com/visallo/vertexium, f1fd59e23610312cf0ec6756ea01baaf56cdb74e,./core/, IncreasingTimeTest,currentTimeMillisReturnsTimeGreaterThanSystemTime,test pass, lun 8 giu 2020, 19:39:07, CEST,lun 8 giu 2020, 19:39:09, CEST
vertexium,https://github.com/visallo/vertexium, f1fd59e23610312cf0ec6756ea01baaf56cdb74e,./core/, IncreasingTimeTest,currentTimeMillisReturnsTimeGreaterThanSystemTime,test pass, lun 8 giu 2020, 19:39:09, CEST,lun 8 giu 2020, 19:39:11, CEST
vertexium,https://github.com/visallo/vertexium, f1fd59e23610312cf0ec6756ea01baaf56cdb74e,./core/, IncreasingTimeTest,currentTimeMillisReturnsTimeGreaterThanSystemTime,test pass, lun 8 giu 2020, 19:39:11, CEST,lun 8 giu 2020, 19:39:14, CEST
vertexium,https://github.com/visallo/vertexium, f1fd59e23610312cf0ec6756ea01baaf56cdb74e,./core/, IncreasingTimeTest,currentTimeMillisReturnsTimeGreaterThanSystemTime,test pass, lun 8 giu 2020, 19:39:14, CEST,lun 8 giu 2020, 19:39:16, CEST
vertexium,https://github.com/visallo/vertexium, f1fd59e23610312cf0ec6756ea01baaf56cdb74e,./core/, IncreasingTimeTest,currentTimeMillisReturnsTimeGreaterThanSystemTime,test pass, lun 8 giu 2020, 19:39:16, CEST,lun 8 giu 2020, 19:39:18, CEST
vertexium,https://github.com/visallo/vertexium, f1fd59e23610312cf0ec6756ea01baaf56cdb74e,./core/, IncreasingTimeTest,currentTimeMillisReturnsTimeGreaterThanSystemTime,test pass, lun 8 giu 2020, 19:39:18, CEST,lun 8 giu 2020, 19:39:20, CEST
vertexium,https://github.com/visallo/vertexium, f1fd59e23610312cf0ec6756ea01baaf56cdb74e,./core/, IncreasingTimeTest,currentTimeMillisReturnsTimeGreaterThanSystemTime,test pass, lun 8 giu 2020, 19:39:20, CEST,lun 8 giu 2020, 19:39:23, CEST
vertexium,https://github.com/visallo/vertexium, f1fd59e23610312cf0ec6756ea01baaf56cdb74e,./core/, IncreasingTimeTest,currentTimeMillisReturnsTimeGreaterThanSystemTime,test pass, lun 8 giu 2020, 19:39:23, CEST,lun 8 giu 2020, 19:39:25, CEST
vertexium,https://github.com/visallo/vertexium, f1fd59e23610312cf0ec6756ea01baaf56cdb74e,./core/, IncreasingTimeTest,currentTimeMillisReturnsTimeGreaterThanSystemTime,test pass, lun 8 giu 2020, 19:39:25, CEST,lun 8 giu 2020, 19:39:27, CEST
vertexium,https://github.com/visallo/vertexium, f1fd59e23610312cf0ec6756ea01baaf56cdb74e,./core/, IncreasingTimeTest,currentTimeMillisReturnsTimeGreaterThanSystemTime,test pass, lun 8 giu 2020, 19:39:27, CEST,lun 8 giu 2020, 19:39:30, CEST
vertexium,https://github.com/visallo/vertexium, f1fd59e23610312cf0ec6756ea01baaf56cdb74e,./core/, IncreasingTimeTest,currentTimeMillisReturnsTimeGreaterThanSystemTime,test pass, lun 8 giu 2020, 19:39:30, CEST,lun 8 giu 2020, 19:39:32, CEST
vertexium,https://github.com/visallo/vertexium, f1fd59e23610312cf0ec6756ea01baaf56cdb74e,./core/, IncreasingTimeTest,currentTimeMillisReturnsTimeGreaterThanSystemTime,test pass, lun 8 giu 2020, 19:39:32, CEST,lun 8 giu 2020, 19:39:34, CEST
vertexium,https://github.com/visallo/vertexium, f1fd59e23610312cf0ec6756ea01baaf56cdb74e,./core/, IncreasingTimeTest,currentTimeMillisReturnsTimeGreaterThanSystemTime,test pass, lun 8 giu 2020, 19:39:34, CEST,lun 8 giu 2020, 19:39:36, CEST
vertexium,https://github.com/visallo/vertexium, f1fd59e23610312cf0ec6756ea01baaf56cdb74e,./core/, IncreasingTimeTest,currentTimeMillisReturnsTimeGreaterThanSystemTime,test pass, lun 8 giu 2020, 19:39:36, CEST,lun 8 giu 2020, 19:39:39, CEST
vertexium,https://github.com/visallo/vertexium, f1fd59e23610312cf0ec6756ea01baaf56cdb74e,./core/, IncreasingTimeTest,currentTimeMillisReturnsTimeGreaterThanSystemTime,test pass, lun 8 giu 2020, 19:39:39, CEST,lun 8 giu 2020, 19:39:41, CEST
vertexium,https://github.com/visallo/vertexium, f1fd59e23610312cf0ec6756ea01baaf56cdb74e,./core/, IncreasingTimeTest,currentTimeMillisReturnsTimeGreaterThanSystemTime,test pass, lun 8 giu 2020, 19:39:41, CEST,lun 8 giu 2020, 19:39:43, CEST
vertexium,https://github.com/visallo/vertexium, f1fd59e23610312cf0ec6756ea01baaf56cdb74e,./core/, IncreasingTimeTest,currentTimeMillisReturnsTimeGreaterThanSystemTime,test pass, lun 8 giu 2020, 19:39:43, CEST,lun 8 giu 2020, 19:39:45, CEST
vertexium,https://github.com/visallo/vertexium, f1fd59e23610312cf0ec6756ea01baaf56cdb74e,./core/, IncreasingTimeTest,currentTimeMillisReturnsTimeGreaterThanSystemTime,test pass, lun 8 giu 2020, 19:39:45, CEST,lun 8 giu 2020, 19:39:48, CEST
vertexium,https://github.com/visallo/vertexium, f1fd59e23610312cf0ec6756ea01baaf56cdb74e,./core/, IncreasingTimeTest,currentTimeMillisReturnsTimeGreaterThanSystemTime,test pass, lun 8 giu 2020, 19:39:48, CEST,lun 8 giu 2020, 19:39:50, CEST
vertexium,https://github.com/visallo/vertexium, f1fd59e23610312cf0ec6756ea01baaf56cdb74e,./core/, IncreasingTimeTest,currentTimeMillisReturnsTimeGreaterThanSystemTime,test pass, lun 8 giu 2020, 19:39:50, CEST,lun 8 giu 2020, 19:39:52, CEST
vertexium,https://github.com/visallo/vertexium, f1fd59e23610312cf0ec6756ea01baaf56cdb74e,./core/, IncreasingTimeTest,currentTimeMillisReturnsTimeGreaterThanSystemTime,test pass, lun 8 giu 2020, 19:39:52, CEST,lun 8 giu 2020, 19:39:54, CEST
vertexium,https://github.com/visallo/vertexium, f1fd59e23610312cf0ec6756ea01baaf56cdb74e,./core/, IncreasingTimeTest,currentTimeMillisReturnsTimeGreaterThanSystemTime,test pass, lun 8 giu 2020, 19:39:55, CEST,lun 8 giu 2020, 19:39:57, CEST
vertexium,https://github.com/visallo/vertexium, f1fd59e23610312cf0ec6756ea01baaf56cdb74e,./core/, IncreasingTimeTest,currentTimeMillisReturnsTimeGreaterThanSystemTime,test pass, lun 8 giu 2020, 19:39:57, CEST,lun 8 giu 2020, 19:39:59, CEST
vertexium,https://github.com/visallo/vertexium, f1fd59e23610312cf0ec6756ea01baaf56cdb74e,./core/, IncreasingTimeTest,currentTimeMillisReturnsTimeGreaterThanSystemTime,test pass, lun 8 giu 2020, 19:39:59, CEST,lun 8 giu 2020, 19:40:02, CEST
vertexium,https://github.com/visallo/vertexium, f1fd59e23610312cf0ec6756ea01baaf56cdb74e,./core/, IncreasingTimeTest,currentTimeMillisReturnsTimeGreaterThanSystemTime,test pass, lun 8 giu 2020, 19:40:02, CEST,lun 8 giu 2020, 19:40:05, CEST
vertexium,https://github.com/visallo/vertexium, f1fd59e23610312cf0ec6756ea01baaf56cdb74e,./core/, IncreasingTimeTest,currentTimeMillisReturnsTimeGreaterThanSystemTime,test pass, lun 8 giu 2020, 19:40:05, CEST,lun 8 giu 2020, 19:40:07, CEST
vertexium,https://github.com/visallo/vertexium, f1fd59e23610312cf0ec6756ea01baaf56cdb74e,./core/, IncreasingTimeTest,currentTimeMillisReturnsTimeGreaterThanSystemTime,test pass, lun 8 giu 2020, 19:40:07, CEST,lun 8 giu 2020, 19:40:09, CEST
vertexium,https://github.com/visallo/vertexium, f1fd59e23610312cf0ec6756ea01baaf56cdb74e,./core/, IncreasingTimeTest,currentTimeMillisReturnsTimeGreaterThanSystemTime,test pass, lun 8 giu 2020, 19:40:09, CEST,lun 8 giu 2020, 19:40:11, CEST
vertexium,https://github.com/visallo/vertexium, f1fd59e23610312cf0ec6756ea01baaf56cdb74e,./core/, IncreasingTimeTest,currentTimeMillisReturnsTimeGreaterThanSystemTime,test pass, lun 8 giu 2020, 19:40:11, CEST,lun 8 giu 2020, 19:40:14, CEST
vertexium,https://github.com/visallo/vertexium, f1fd59e23610312cf0ec6756ea01baaf56cdb74e,./core/, IncreasingTimeTest,currentTimeMillisReturnsTimeGreaterThanSystemTime,test pass, lun 8 giu 2020, 19:40:14, CEST,lun 8 giu 2020, 19:40:16, CEST
vertexium,https://github.com/visallo/vertexium, f1fd59e23610312cf0ec6756ea01baaf56cdb74e,./core/, IncreasingTimeTest,currentTimeMillisReturnsTimeGreaterThanSystemTime,test pass, lun 8 giu 2020, 19:40:16, CEST,lun 8 giu 2020, 19:40:18, CEST
vertexium,https://github.com/visallo/vertexium, f1fd59e23610312cf0ec6756ea01baaf56cdb74e,./core/, IncreasingTimeTest,currentTimeMillisReturnsTimeGreaterThanSystemTime,test pass, lun 8 giu 2020, 19:40:18, CEST,lun 8 giu 2020, 19:40:21, CEST
vertexium,https://github.com/visallo/vertexium, f1fd59e23610312cf0ec6756ea01baaf56cdb74e,./core/, IncreasingTimeTest,currentTimeMillisReturnsTimeGreaterThanSystemTime,test pass, lun 8 giu 2020, 19:40:21, CEST,lun 8 giu 2020, 19:40:23, CEST
vertexium,https://github.com/visallo/vertexium, f1fd59e23610312cf0ec6756ea01baaf56cdb74e,./core/, IncreasingTimeTest,currentTimeMillisReturnsTimeGreaterThanSystemTime,test pass, lun 8 giu 2020, 19:40:23, CEST,lun 8 giu 2020, 19:40:25, CEST
vertexium,https://github.com/visallo/vertexium, f1fd59e23610312cf0ec6756ea01baaf56cdb74e,./core/, IncreasingTimeTest,currentTimeMillisReturnsTimeGreaterThanSystemTime,test pass, lun 8 giu 2020, 19:40:25, CEST,lun 8 giu 2020, 19:40:28, CEST
vertexium,https://github.com/visallo/vertexium, f1fd59e23610312cf0ec6756ea01baaf56cdb74e,./core/, IncreasingTimeTest,currentTimeMillisReturnsTimeGreaterThanSystemTime,test pass, lun 8 giu 2020, 19:40:28, CEST,lun 8 giu 2020, 19:40:31, CEST
vertexium,https://github.com/visallo/vertexium, f1fd59e23610312cf0ec6756ea01baaf56cdb74e,./core/, IncreasingTimeTest,currentTimeMillisReturnsTimeGreaterThanSystemTime,test pass, lun 8 giu 2020, 19:40:31, CEST,lun 8 giu 2020, 19:40:33, CEST
vertexium,https://github.com/visallo/vertexium, f1fd59e23610312cf0ec6756ea01baaf56cdb74e,./core/, IncreasingTimeTest,currentTimeMillisReturnsTimeGreaterThanSystemTime,test pass, lun 8 giu 2020, 19:40:33, CEST,lun 8 giu 2020, 19:40:35, CEST
vertexium,https://github.com/visallo/vertexium, f1fd59e23610312cf0ec6756ea01baaf56cdb74e,./core/, IncreasingTimeTest,currentTimeMillisReturnsTimeGreaterThanSystemTime,test pass, lun 8 giu 2020, 19:40:35, CEST,lun 8 giu 2020, 19:40:38, CEST
vertexium,https://github.com/visallo/vertexium, f1fd59e23610312cf0ec6756ea01baaf56cdb74e,./core/, IncreasingTimeTest,currentTimeMillisReturnsTimeGreaterThanSystemTime,test pass, lun 8 giu 2020, 19:40:38, CEST,lun 8 giu 2020, 19:40:40, CEST
vertexium,https://github.com/visallo/vertexium, f1fd59e23610312cf0ec6756ea01baaf56cdb74e,./core/, IncreasingTimeTest,currentTimeMillisReturnsTimeGreaterThanSystemTime,test pass, lun 8 giu 2020, 19:40:40, CEST,lun 8 giu 2020, 19:40:42, CEST
vertexium,https://github.com/visallo/vertexium, f1fd59e23610312cf0ec6756ea01baaf56cdb74e,./core/, IncreasingTimeTest,currentTimeMillisReturnsTimeGreaterThanSystemTime,test pass, lun 8 giu 2020, 19:40:42, CEST,lun 8 giu 2020, 19:40:44, CEST
vertexium,https://github.com/visallo/vertexium, f1fd59e23610312cf0ec6756ea01baaf56cdb74e,./core/, IncreasingTimeTest,currentTimeMillisReturnsTimeGreaterThanSystemTime,test pass, lun 8 giu 2020, 19:40:44, CEST,lun 8 giu 2020, 19:40:47, CEST
vertexium,https://github.com/visallo/vertexium, f1fd59e23610312cf0ec6756ea01baaf56cdb74e,./core/, IncreasingTimeTest,currentTimeMillisReturnsTimeGreaterThanSystemTime,test pass, lun 8 giu 2020, 19:40:47, CEST,lun 8 giu 2020, 19:40:49, CEST
vertexium,https://github.com/visallo/vertexium, f1fd59e23610312cf0ec6756ea01baaf56cdb74e,./core/, IncreasingTimeTest,currentTimeMillisReturnsTimeGreaterThanSystemTime,test pass, lun 8 giu 2020, 19:40:49, CEST,lun 8 giu 2020, 19:40:52, CEST
vertexium,https://github.com/visallo/vertexium, f1fd59e23610312cf0ec6756ea01baaf56cdb74e,./core/, IncreasingTimeTest,currentTimeMillisReturnsTimeGreaterThanSystemTime,test pass, lun 8 giu 2020, 19:40:52, CEST,lun 8 giu 2020, 19:40:54, CEST
vertexium,https://github.com/visallo/vertexium, f1fd59e23610312cf0ec6756ea01baaf56cdb74e,./core/, IncreasingTimeTest,currentTimeMillisReturnsTimeGreaterThanSystemTime,test pass, lun 8 giu 2020, 19:40:54, CEST,lun 8 giu 2020, 19:40:57, CEST
vertexium,https://github.com/visallo/vertexium, f1fd59e23610312cf0ec6756ea01baaf56cdb74e,./core/, IncreasingTimeTest,currentTimeMillisReturnsTimeGreaterThanSystemTime,test pass, lun 8 giu 2020, 19:40:57, CEST,lun 8 giu 2020, 19:40:59, CEST
vertexium,https://github.com/visallo/vertexium, f1fd59e23610312cf0ec6756ea01baaf56cdb74e,./core/, IncreasingTimeTest,currentTimeMillisReturnsTimeGreaterThanSystemTime,test pass, lun 8 giu 2020, 19:40:59, CEST,lun 8 giu 2020, 19:41:01, CEST
vertexium,https://github.com/visallo/vertexium, f1fd59e23610312cf0ec6756ea01baaf56cdb74e,./core/, IncreasingTimeTest,currentTimeMillisReturnsTimeGreaterThanSystemTime,test pass, lun 8 giu 2020, 19:41:01, CEST,lun 8 giu 2020, 19:41:04, CEST
vertexium,https://github.com/visallo/vertexium, f1fd59e23610312cf0ec6756ea01baaf56cdb74e,./core/, IncreasingTimeTest,currentTimeMillisReturnsTimeGreaterThanSystemTime,test pass, lun 8 giu 2020, 19:41:04, CEST,lun 8 giu 2020, 19:41:06, CEST
vertexium,https://github.com/visallo/vertexium, f1fd59e23610312cf0ec6756ea01baaf56cdb74e,./core/, IncreasingTimeTest,currentTimeMillisReturnsTimeGreaterThanSystemTime,test pass, lun 8 giu 2020, 19:41:06, CEST,lun 8 giu 2020, 19:41:08, CEST
vertexium,https://github.com/visallo/vertexium, f1fd59e23610312cf0ec6756ea01baaf56cdb74e,./core/, IncreasingTimeTest,currentTimeMillisReturnsTimeGreaterThanSystemTime,test pass, lun 8 giu 2020, 19:41:08, CEST,lun 8 giu 2020, 19:41:10, CEST
vertexium,https://github.com/visallo/vertexium, f1fd59e23610312cf0ec6756ea01baaf56cdb74e,./core/, IncreasingTimeTest,currentTimeMillisReturnsTimeGreaterThanSystemTime,test pass, lun 8 giu 2020, 19:41:10, CEST,lun 8 giu 2020, 19:41:13, CEST
vertexium,https://github.com/visallo/vertexium, f1fd59e23610312cf0ec6756ea01baaf56cdb74e,./core/, IncreasingTimeTest,currentTimeMillisReturnsTimeGreaterThanSystemTime,test pass, lun 8 giu 2020, 19:41:13, CEST,lun 8 giu 2020, 19:41:15, CEST
vertexium,https://github.com/visallo/vertexium, f1fd59e23610312cf0ec6756ea01baaf56cdb74e,./core/, IncreasingTimeTest,currentTimeMillisReturnsTimeGreaterThanSystemTime,test pass, lun 8 giu 2020, 19:41:15, CEST,lun 8 giu 2020, 19:41:17, CEST
vertexium,https://github.com/visallo/vertexium, f1fd59e23610312cf0ec6756ea01baaf56cdb74e,./core/, IncreasingTimeTest,currentTimeMillisReturnsTimeGreaterThanSystemTime,test pass, lun 8 giu 2020, 19:41:17, CEST,lun 8 giu 2020, 19:41:19, CEST
vertexium,https://github.com/visallo/vertexium, f1fd59e23610312cf0ec6756ea01baaf56cdb74e,./core/, IncreasingTimeTest,currentTimeMillisReturnsTimeGreaterThanSystemTime,test pass, lun 8 giu 2020, 19:41:19, CEST,lun 8 giu 2020, 19:41:21, CEST
vertexium,https://github.com/visallo/vertexium, f1fd59e23610312cf0ec6756ea01baaf56cdb74e,./core/, IncreasingTimeTest,currentTimeMillisReturnsTimeGreaterThanSystemTime,test pass, lun 8 giu 2020, 19:41:21, CEST,lun 8 giu 2020, 19:41:24, CEST
vertexium,https://github.com/visallo/vertexium, f1fd59e23610312cf0ec6756ea01baaf56cdb74e,./core/, IncreasingTimeTest,currentTimeMillisReturnsTimeGreaterThanSystemTime,test pass, lun 8 giu 2020, 19:41:24, CEST,lun 8 giu 2020, 19:41:26, CEST
vertexium,https://github.com/visallo/vertexium, f1fd59e23610312cf0ec6756ea01baaf56cdb74e,./core/, IncreasingTimeTest,currentTimeMillisReturnsTimeGreaterThanSystemTime,test pass, lun 8 giu 2020, 19:41:26, CEST,lun 8 giu 2020, 19:41:28, CEST
vertexium,https://github.com/visallo/vertexium, f1fd59e23610312cf0ec6756ea01baaf56cdb74e,./core/, IncreasingTimeTest,currentTimeMillisReturnsTimeGreaterThanSystemTime,test pass, lun 8 giu 2020, 19:41:28, CEST,lun 8 giu 2020, 19:41:31, CEST
vertexium,https://github.com/visallo/vertexium, f1fd59e23610312cf0ec6756ea01baaf56cdb74e,./core/, IncreasingTimeTest,currentTimeMillisReturnsTimeGreaterThanSystemTime,test pass, lun 8 giu 2020, 19:41:31, CEST,lun 8 giu 2020, 19:41:33, CEST
vertexium,https://github.com/visallo/vertexium, f1fd59e23610312cf0ec6756ea01baaf56cdb74e,./core/, IncreasingTimeTest,currentTimeMillisReturnsTimeGreaterThanSystemTime,test pass, lun 8 giu 2020, 19:41:33, CEST,lun 8 giu 2020, 19:41:35, CEST
vertexium,https://github.com/visallo/vertexium, f1fd59e23610312cf0ec6756ea01baaf56cdb74e,./core/, IncreasingTimeTest,currentTimeMillisReturnsTimeGreaterThanSystemTime,test pass, lun 8 giu 2020, 19:41:35, CEST,lun 8 giu 2020, 19:41:37, CEST
vertexium,https://github.com/visallo/vertexium, f1fd59e23610312cf0ec6756ea01baaf56cdb74e,./core/, IncreasingTimeTest,currentTimeMillisReturnsTimeGreaterThanSystemTime,test pass, lun 8 giu 2020, 19:41:37, CEST,lun 8 giu 2020, 19:41:40, CEST
vertexium,https://github.com/visallo/vertexium, f1fd59e23610312cf0ec6756ea01baaf56cdb74e,./core/, IncreasingTimeTest,currentTimeMillisReturnsTimeGreaterThanSystemTime,test pass, lun 8 giu 2020, 19:41:40, CEST,lun 8 giu 2020, 19:41:42, CEST
vertexium,https://github.com/visallo/vertexium, f1fd59e23610312cf0ec6756ea01baaf56cdb74e,./core/, IncreasingTimeTest,currentTimeMillisReturnsTimeGreaterThanSystemTime,test pass, lun 8 giu 2020, 19:41:42, CEST,lun 8 giu 2020, 19:41:44, CEST
vertexium,https://github.com/visallo/vertexium, f1fd59e23610312cf0ec6756ea01baaf56cdb74e,./core/, IncreasingTimeTest,currentTimeMillisReturnsTimeGreaterThanSystemTime,test pass, lun 8 giu 2020, 19:41:44, CEST,lun 8 giu 2020, 19:41:46, CEST
vertexium,https://github.com/visallo/vertexium, f1fd59e23610312cf0ec6756ea01baaf56cdb74e,./core/, IncreasingTimeTest,currentTimeMillisReturnsTimeGreaterThanSystemTime,test pass, lun 8 giu 2020, 19:41:46, CEST,lun 8 giu 2020, 19:41:48, CEST
vertexium,https://github.com/visallo/vertexium, f1fd59e23610312cf0ec6756ea01baaf56cdb74e,./core/, IncreasingTimeTest,currentTimeMillisReturnsTimeGreaterThanSystemTime,test pass, lun 8 giu 2020, 19:41:48, CEST,lun 8 giu 2020, 19:41:51, CEST
vertexium,https://github.com/visallo/vertexium, f1fd59e23610312cf0ec6756ea01baaf56cdb74e,./core/, IncreasingTimeTest,currentTimeMillisReturnsTimeGreaterThanSystemTime,test pass, lun 8 giu 2020, 19:41:51, CEST,lun 8 giu 2020, 19:41:53, CEST
vertexium,https://github.com/visallo/vertexium, f1fd59e23610312cf0ec6756ea01baaf56cdb74e,./core/, IncreasingTimeTest,currentTimeMillisReturnsTimeGreaterThanSystemTime,test pass, lun 8 giu 2020, 19:41:53, CEST,lun 8 giu 2020, 19:41:55, CEST
vertexium,https://github.com/visallo/vertexium, f1fd59e23610312cf0ec6756ea01baaf56cdb74e,./core/, IncreasingTimeTest,currentTimeMillisReturnsTimeGreaterThanSystemTime,test pass, lun 8 giu 2020, 19:41:55, CEST,lun 8 giu 2020, 19:41:57, CEST
vertexium,https://github.com/visallo/vertexium, f1fd59e23610312cf0ec6756ea01baaf56cdb74e,./core/, IncreasingTimeTest,currentTimeMillisReturnsTimeGreaterThanSystemTime,test pass, lun 8 giu 2020, 19:41:57, CEST,lun 8 giu 2020, 19:42:00, CEST
vertexium,https://github.com/visallo/vertexium, f1fd59e23610312cf0ec6756ea01baaf56cdb74e,./core/, IncreasingTimeTest,currentTimeMillisReturnsTimeGreaterThanSystemTime,test pass, lun 8 giu 2020, 19:42:00, CEST,lun 8 giu 2020, 19:42:02, CEST
vertexium,https://github.com/visallo/vertexium, f1fd59e23610312cf0ec6756ea01baaf56cdb74e,./core/, IncreasingTimeTest,currentTimeMillisReturnsTimeGreaterThanSystemTime,test pass, lun 8 giu 2020, 19:42:02, CEST,lun 8 giu 2020, 19:42:04, CEST
vertexium,https://github.com/visallo/vertexium, f1fd59e23610312cf0ec6756ea01baaf56cdb74e,./core/, IncreasingTimeTest,currentTimeMillisReturnsTimeGreaterThanSystemTime,test pass, lun 8 giu 2020, 19:42:04, CEST,lun 8 giu 2020, 19:42:06, CEST
vertexium,https://github.com/visallo/vertexium, f1fd59e23610312cf0ec6756ea01baaf56cdb74e,./core/, IncreasingTimeTest,currentTimeMillisReturnsTimeGreaterThanSystemTime,test pass, lun 8 giu 2020, 19:42:06, CEST,lun 8 giu 2020, 19:42:08, CEST
vertexium,https://github.com/visallo/vertexium, f1fd59e23610312cf0ec6756ea01baaf56cdb74e,./core/, IncreasingTimeTest,currentTimeMillisReturnsTimeGreaterThanSystemTime,test pass, lun 8 giu 2020, 19:42:08, CEST,lun 8 giu 2020, 19:42:11, CEST
vertexium,https://github.com/visallo/vertexium, f1fd59e23610312cf0ec6756ea01baaf56cdb74e,./core/, IncreasingTimeTest,currentTimeMillisReturnsTimeGreaterThanSystemTime,test pass, lun 8 giu 2020, 19:42:11, CEST,lun 8 giu 2020, 19:42:13, CEST
vertexium,https://github.com/visallo/vertexium, f1fd59e23610312cf0ec6756ea01baaf56cdb74e,./core/, IncreasingTimeTest,currentTimeMillisReturnsTimeGreaterThanSystemTime,test pass, lun 8 giu 2020, 19:42:13, CEST,lun 8 giu 2020, 19:42:15, CEST
vertexium,https://github.com/visallo/vertexium, f1fd59e23610312cf0ec6756ea01baaf56cdb74e,./core/, IncreasingTimeTest,currentTimeMillisReturnsTimeGreaterThanSystemTime,test pass, lun 8 giu 2020, 19:42:15, CEST,lun 8 giu 2020, 19:42:17, CEST
vertexium,https://github.com/visallo/vertexium, f1fd59e23610312cf0ec6756ea01baaf56cdb74e,./core/, IncreasingTimeTest,currentTimeMillisReturnsTimeGreaterThanSystemTime,test pass, lun 8 giu 2020, 19:42:17, CEST,lun 8 giu 2020, 19:42:20, CEST
vertexium,https://github.com/visallo/vertexium, f1fd59e23610312cf0ec6756ea01baaf56cdb74e,./core/, IncreasingTimeTest,currentTimeMillisReturnsTimeGreaterThanSystemTime,test pass, lun 8 giu 2020, 19:42:20, CEST,lun 8 giu 2020, 19:42:22, CEST
vertexium,https://github.com/visallo/vertexium, f1fd59e23610312cf0ec6756ea01baaf56cdb74e,./core/, IncreasingTimeTest,currentTimeMillisReturnsTimeGreaterThanSystemTime,test pass, lun 8 giu 2020, 19:42:22, CEST,lun 8 giu 2020, 19:42:24, CEST
vertexium,https://github.com/visallo/vertexium, f1fd59e23610312cf0ec6756ea01baaf56cdb74e,./core/, IncreasingTimeTest,currentTimeMillisReturnsTimeGreaterThanSystemTime,test pass, lun 8 giu 2020, 19:42:24, CEST,lun 8 giu 2020, 19:42:26, CEST
vertexium,https://github.com/visallo/vertexium, f1fd59e23610312cf0ec6756ea01baaf56cdb74e,./core/, IncreasingTimeTest,currentTimeMillisReturnsTimeGreaterThanSystemTime,test pass, lun 8 giu 2020, 19:42:26, CEST,lun 8 giu 2020, 19:42:29, CEST
vertexium,https://github.com/visallo/vertexium, f1fd59e23610312cf0ec6756ea01baaf56cdb74e,./core/, IncreasingTimeTest,currentTimeMillisReturnsTimeGreaterThanSystemTime,test pass, lun 8 giu 2020, 19:42:29, CEST,lun 8 giu 2020, 19:42:31, CEST
vertexium,https://github.com/visallo/vertexium, f1fd59e23610312cf0ec6756ea01baaf56cdb74e,./core/, IncreasingTimeTest,currentTimeMillisReturnsTimeGreaterThanSystemTime,test pass, lun 8 giu 2020, 19:42:31, CEST,lun 8 giu 2020, 19:42:33, CEST
vertexium,https://github.com/visallo/vertexium, f1fd59e23610312cf0ec6756ea01baaf56cdb74e,./core/, IncreasingTimeTest,currentTimeMillisReturnsTimeGreaterThanSystemTime,test pass, lun 8 giu 2020, 19:42:33, CEST,lun 8 giu 2020, 19:42:35, CEST
vertexium,https://github.com/visallo/vertexium, f1fd59e23610312cf0ec6756ea01baaf56cdb74e,./core/, IncreasingTimeTest,currentTimeMillisReturnsTimeGreaterThanSystemTime,test pass, lun 8 giu 2020, 19:42:35, CEST,lun 8 giu 2020, 19:42:38, CEST
vertexium,https://github.com/visallo/vertexium, f1fd59e23610312cf0ec6756ea01baaf56cdb74e,./core/, IncreasingTimeTest,currentTimeMillisReturnsTimeGreaterThanSystemTime,test pass, lun 8 giu 2020, 19:42:38, CEST,lun 8 giu 2020, 19:42:40, CEST
vertexium,https://github.com/visallo/vertexium, f1fd59e23610312cf0ec6756ea01baaf56cdb74e,./core/, IncreasingTimeTest,currentTimeMillisReturnsTimeGreaterThanSystemTime,test pass, lun 8 giu 2020, 19:42:40, CEST,lun 8 giu 2020, 19:42:42, CEST
vertexium,https://github.com/visallo/vertexium, f1fd59e23610312cf0ec6756ea01baaf56cdb74e,./core/, IncreasingTimeTest,currentTimeMillisReturnsTimeGreaterThanSystemTime,test pass, lun 8 giu 2020, 19:42:42, CEST,lun 8 giu 2020, 19:42:45, CEST
vertexium,https://github.com/visallo/vertexium, f1fd59e23610312cf0ec6756ea01baaf56cdb74e,./core/, IncreasingTimeTest,currentTimeMillisReturnsTimeGreaterThanSystemTime,test pass, lun 8 giu 2020, 19:42:45, CEST,lun 8 giu 2020, 19:42:47, CEST
vertexium,https://github.com/visallo/vertexium, f1fd59e23610312cf0ec6756ea01baaf56cdb74e,./core/, IncreasingTimeTest,currentTimeMillisReturnsTimeGreaterThanSystemTime,test pass, lun 8 giu 2020, 19:42:47, CEST,lun 8 giu 2020, 19:42:49, CEST
vertexium,https://github.com/visallo/vertexium, f1fd59e23610312cf0ec6756ea01baaf56cdb74e,./core/, IncreasingTimeTest,currentTimeMillisReturnsTimeGreaterThanSystemTime,test pass, lun 8 giu 2020, 19:42:49, CEST,lun 8 giu 2020, 19:42:51, CEST
vertexium,https://github.com/visallo/vertexium, f1fd59e23610312cf0ec6756ea01baaf56cdb74e,./core/, IncreasingTimeTest,currentTimeMillisReturnsTimeGreaterThanSystemTime,test pass, lun 8 giu 2020, 19:42:51, CEST,lun 8 giu 2020, 19:42:54, CEST
vertexium,https://github.com/visallo/vertexium, f1fd59e23610312cf0ec6756ea01baaf56cdb74e,./core/, IncreasingTimeTest,currentTimeMillisReturnsTimeGreaterThanSystemTime,test pass, lun 8 giu 2020, 19:42:54, CEST,lun 8 giu 2020, 19:42:56, CEST
vertexium,https://github.com/visallo/vertexium, f1fd59e23610312cf0ec6756ea01baaf56cdb74e,./core/, IncreasingTimeTest,currentTimeMillisReturnsTimeGreaterThanSystemTime,test pass, lun 8 giu 2020, 19:42:56, CEST,lun 8 giu 2020, 19:42:58, CEST
vertexium,https://github.com/visallo/vertexium, f1fd59e23610312cf0ec6756ea01baaf56cdb74e,./core/, IncreasingTimeTest,currentTimeMillisReturnsTimeGreaterThanSystemTime,test pass, lun 8 giu 2020, 19:42:58, CEST,lun 8 giu 2020, 19:43:00, CEST
vertexium,https://github.com/visallo/vertexium, f1fd59e23610312cf0ec6756ea01baaf56cdb74e,./core/, IncreasingTimeTest,currentTimeMillisReturnsTimeGreaterThanSystemTime,test pass, lun 8 giu 2020, 19:43:00, CEST,lun 8 giu 2020, 19:43:03, CEST
