alien4cloud,https://github.com/alien4cloud/alien4cloud, eb57d0feca6c37e0a4aafc3feef494e43e02ecda,./alien4cloud-security/, LdapAuthenticationProviderTest,testLdapUserImport,test pass, lun 8 giu 2020, 18:38:57, CEST,lun 8 giu 2020, 18:38:59, CEST
alien4cloud,https://github.com/alien4cloud/alien4cloud, eb57d0feca6c37e0a4aafc3feef494e43e02ecda,./alien4cloud-security/, LdapAuthenticationProviderTest,testLdapUserImport,test pass, lun 8 giu 2020, 18:38:59, CEST,lun 8 giu 2020, 18:39:01, CEST
alien4cloud,https://github.com/alien4cloud/alien4cloud, eb57d0feca6c37e0a4aafc3feef494e43e02ecda,./alien4cloud-security/, LdapAuthenticationProviderTest,testLdapUserImport,test pass, lun 8 giu 2020, 18:39:01, CEST,lun 8 giu 2020, 18:39:03, CEST
alien4cloud,https://github.com/alien4cloud/alien4cloud, eb57d0feca6c37e0a4aafc3feef494e43e02ecda,./alien4cloud-security/, LdapAuthenticationProviderTest,testLdapUserImport,test pass, lun 8 giu 2020, 18:39:03, CEST,lun 8 giu 2020, 18:39:05, CEST
alien4cloud,https://github.com/alien4cloud/alien4cloud, eb57d0feca6c37e0a4aafc3feef494e43e02ecda,./alien4cloud-security/, LdapAuthenticationProviderTest,testLdapUserImport,test pass, lun 8 giu 2020, 18:39:05, CEST,lun 8 giu 2020, 18:39:07, CEST
alien4cloud,https://github.com/alien4cloud/alien4cloud, eb57d0feca6c37e0a4aafc3feef494e43e02ecda,./alien4cloud-security/, LdapAuthenticationProviderTest,testLdapUserImport,test pass, lun 8 giu 2020, 18:39:07, CEST,lun 8 giu 2020, 18:39:09, CEST
alien4cloud,https://github.com/alien4cloud/alien4cloud, eb57d0feca6c37e0a4aafc3feef494e43e02ecda,./alien4cloud-security/, LdapAuthenticationProviderTest,testLdapUserImport,test pass, lun 8 giu 2020, 18:39:09, CEST,lun 8 giu 2020, 18:39:11, CEST
alien4cloud,https://github.com/alien4cloud/alien4cloud, eb57d0feca6c37e0a4aafc3feef494e43e02ecda,./alien4cloud-security/, LdapAuthenticationProviderTest,testLdapUserImport,test pass, lun 8 giu 2020, 18:39:11, CEST,lun 8 giu 2020, 18:39:13, CEST
alien4cloud,https://github.com/alien4cloud/alien4cloud, eb57d0feca6c37e0a4aafc3feef494e43e02ecda,./alien4cloud-security/, LdapAuthenticationProviderTest,testLdapUserImport,test pass, lun 8 giu 2020, 18:39:13, CEST,lun 8 giu 2020, 18:39:15, CEST
alien4cloud,https://github.com/alien4cloud/alien4cloud, eb57d0feca6c37e0a4aafc3feef494e43e02ecda,./alien4cloud-security/, LdapAuthenticationProviderTest,testLdapUserImport,test pass, lun 8 giu 2020, 18:39:15, CEST,lun 8 giu 2020, 18:39:17, CEST
alien4cloud,https://github.com/alien4cloud/alien4cloud, eb57d0feca6c37e0a4aafc3feef494e43e02ecda,./alien4cloud-security/, LdapAuthenticationProviderTest,testLdapUserImport,test pass, lun 8 giu 2020, 18:39:17, CEST,lun 8 giu 2020, 18:39:20, CEST
alien4cloud,https://github.com/alien4cloud/alien4cloud, eb57d0feca6c37e0a4aafc3feef494e43e02ecda,./alien4cloud-security/, LdapAuthenticationProviderTest,testLdapUserImport,test pass, lun 8 giu 2020, 18:39:20, CEST,lun 8 giu 2020, 18:39:22, CEST
alien4cloud,https://github.com/alien4cloud/alien4cloud, eb57d0feca6c37e0a4aafc3feef494e43e02ecda,./alien4cloud-security/, LdapAuthenticationProviderTest,testLdapUserImport,test pass, lun 8 giu 2020, 18:39:22, CEST,lun 8 giu 2020, 18:39:24, CEST
alien4cloud,https://github.com/alien4cloud/alien4cloud, eb57d0feca6c37e0a4aafc3feef494e43e02ecda,./alien4cloud-security/, LdapAuthenticationProviderTest,testLdapUserImport,test pass, lun 8 giu 2020, 18:39:24, CEST,lun 8 giu 2020, 18:39:26, CEST
alien4cloud,https://github.com/alien4cloud/alien4cloud, eb57d0feca6c37e0a4aafc3feef494e43e02ecda,./alien4cloud-security/, LdapAuthenticationProviderTest,testLdapUserImport,test pass, lun 8 giu 2020, 18:39:26, CEST,lun 8 giu 2020, 18:39:28, CEST
alien4cloud,https://github.com/alien4cloud/alien4cloud, eb57d0feca6c37e0a4aafc3feef494e43e02ecda,./alien4cloud-security/, LdapAuthenticationProviderTest,testLdapUserImport,test pass, lun 8 giu 2020, 18:39:28, CEST,lun 8 giu 2020, 18:39:30, CEST
alien4cloud,https://github.com/alien4cloud/alien4cloud, eb57d0feca6c37e0a4aafc3feef494e43e02ecda,./alien4cloud-security/, LdapAuthenticationProviderTest,testLdapUserImport,test pass, lun 8 giu 2020, 18:39:30, CEST,lun 8 giu 2020, 18:39:32, CEST
alien4cloud,https://github.com/alien4cloud/alien4cloud, eb57d0feca6c37e0a4aafc3feef494e43e02ecda,./alien4cloud-security/, LdapAuthenticationProviderTest,testLdapUserImport,test pass, lun 8 giu 2020, 18:39:32, CEST,lun 8 giu 2020, 18:39:34, CEST
alien4cloud,https://github.com/alien4cloud/alien4cloud, eb57d0feca6c37e0a4aafc3feef494e43e02ecda,./alien4cloud-security/, LdapAuthenticationProviderTest,testLdapUserImport,test pass, lun 8 giu 2020, 18:39:34, CEST,lun 8 giu 2020, 18:39:36, CEST
alien4cloud,https://github.com/alien4cloud/alien4cloud, eb57d0feca6c37e0a4aafc3feef494e43e02ecda,./alien4cloud-security/, LdapAuthenticationProviderTest,testLdapUserImport,test pass, lun 8 giu 2020, 18:39:36, CEST,lun 8 giu 2020, 18:39:38, CEST
alien4cloud,https://github.com/alien4cloud/alien4cloud, eb57d0feca6c37e0a4aafc3feef494e43e02ecda,./alien4cloud-security/, LdapAuthenticationProviderTest,testLdapUserImport,test pass, lun 8 giu 2020, 18:39:38, CEST,lun 8 giu 2020, 18:39:40, CEST
alien4cloud,https://github.com/alien4cloud/alien4cloud, eb57d0feca6c37e0a4aafc3feef494e43e02ecda,./alien4cloud-security/, LdapAuthenticationProviderTest,testLdapUserImport,test pass, lun 8 giu 2020, 18:39:40, CEST,lun 8 giu 2020, 18:39:42, CEST
alien4cloud,https://github.com/alien4cloud/alien4cloud, eb57d0feca6c37e0a4aafc3feef494e43e02ecda,./alien4cloud-security/, LdapAuthenticationProviderTest,testLdapUserImport,test pass, lun 8 giu 2020, 18:39:42, CEST,lun 8 giu 2020, 18:39:44, CEST
alien4cloud,https://github.com/alien4cloud/alien4cloud, eb57d0feca6c37e0a4aafc3feef494e43e02ecda,./alien4cloud-security/, LdapAuthenticationProviderTest,testLdapUserImport,test pass, lun 8 giu 2020, 18:39:44, CEST,lun 8 giu 2020, 18:39:46, CEST
alien4cloud,https://github.com/alien4cloud/alien4cloud, eb57d0feca6c37e0a4aafc3feef494e43e02ecda,./alien4cloud-security/, LdapAuthenticationProviderTest,testLdapUserImport,test pass, lun 8 giu 2020, 18:39:46, CEST,lun 8 giu 2020, 18:39:48, CEST
alien4cloud,https://github.com/alien4cloud/alien4cloud, eb57d0feca6c37e0a4aafc3feef494e43e02ecda,./alien4cloud-security/, LdapAuthenticationProviderTest,testLdapUserImport,test pass, lun 8 giu 2020, 18:39:48, CEST,lun 8 giu 2020, 18:39:50, CEST
alien4cloud,https://github.com/alien4cloud/alien4cloud, eb57d0feca6c37e0a4aafc3feef494e43e02ecda,./alien4cloud-security/, LdapAuthenticationProviderTest,testLdapUserImport,test pass, lun 8 giu 2020, 18:39:50, CEST,lun 8 giu 2020, 18:39:52, CEST
alien4cloud,https://github.com/alien4cloud/alien4cloud, eb57d0feca6c37e0a4aafc3feef494e43e02ecda,./alien4cloud-security/, LdapAuthenticationProviderTest,testLdapUserImport,test pass, lun 8 giu 2020, 18:39:52, CEST,lun 8 giu 2020, 18:39:54, CEST
alien4cloud,https://github.com/alien4cloud/alien4cloud, eb57d0feca6c37e0a4aafc3feef494e43e02ecda,./alien4cloud-security/, LdapAuthenticationProviderTest,testLdapUserImport,test pass, lun 8 giu 2020, 18:39:54, CEST,lun 8 giu 2020, 18:39:56, CEST
alien4cloud,https://github.com/alien4cloud/alien4cloud, eb57d0feca6c37e0a4aafc3feef494e43e02ecda,./alien4cloud-security/, LdapAuthenticationProviderTest,testLdapUserImport,test pass, lun 8 giu 2020, 18:39:56, CEST,lun 8 giu 2020, 18:39:58, CEST
alien4cloud,https://github.com/alien4cloud/alien4cloud, eb57d0feca6c37e0a4aafc3feef494e43e02ecda,./alien4cloud-security/, LdapAuthenticationProviderTest,testLdapUserImport,test pass, lun 8 giu 2020, 18:39:58, CEST,lun 8 giu 2020, 18:40:00, CEST
alien4cloud,https://github.com/alien4cloud/alien4cloud, eb57d0feca6c37e0a4aafc3feef494e43e02ecda,./alien4cloud-security/, LdapAuthenticationProviderTest,testLdapUserImport,test pass, lun 8 giu 2020, 18:40:00, CEST,lun 8 giu 2020, 18:40:02, CEST
alien4cloud,https://github.com/alien4cloud/alien4cloud, eb57d0feca6c37e0a4aafc3feef494e43e02ecda,./alien4cloud-security/, LdapAuthenticationProviderTest,testLdapUserImport,test pass, lun 8 giu 2020, 18:40:02, CEST,lun 8 giu 2020, 18:40:04, CEST
alien4cloud,https://github.com/alien4cloud/alien4cloud, eb57d0feca6c37e0a4aafc3feef494e43e02ecda,./alien4cloud-security/, LdapAuthenticationProviderTest,testLdapUserImport,test pass, lun 8 giu 2020, 18:40:04, CEST,lun 8 giu 2020, 18:40:06, CEST
alien4cloud,https://github.com/alien4cloud/alien4cloud, eb57d0feca6c37e0a4aafc3feef494e43e02ecda,./alien4cloud-security/, LdapAuthenticationProviderTest,testLdapUserImport,test pass, lun 8 giu 2020, 18:40:06, CEST,lun 8 giu 2020, 18:40:08, CEST
alien4cloud,https://github.com/alien4cloud/alien4cloud, eb57d0feca6c37e0a4aafc3feef494e43e02ecda,./alien4cloud-security/, LdapAuthenticationProviderTest,testLdapUserImport,test pass, lun 8 giu 2020, 18:40:08, CEST,lun 8 giu 2020, 18:40:10, CEST
alien4cloud,https://github.com/alien4cloud/alien4cloud, eb57d0feca6c37e0a4aafc3feef494e43e02ecda,./alien4cloud-security/, LdapAuthenticationProviderTest,testLdapUserImport,test pass, lun 8 giu 2020, 18:40:10, CEST,lun 8 giu 2020, 18:40:12, CEST
alien4cloud,https://github.com/alien4cloud/alien4cloud, eb57d0feca6c37e0a4aafc3feef494e43e02ecda,./alien4cloud-security/, LdapAuthenticationProviderTest,testLdapUserImport,test pass, lun 8 giu 2020, 18:40:12, CEST,lun 8 giu 2020, 18:40:14, CEST
alien4cloud,https://github.com/alien4cloud/alien4cloud, eb57d0feca6c37e0a4aafc3feef494e43e02ecda,./alien4cloud-security/, LdapAuthenticationProviderTest,testLdapUserImport,test pass, lun 8 giu 2020, 18:40:14, CEST,lun 8 giu 2020, 18:40:16, CEST
alien4cloud,https://github.com/alien4cloud/alien4cloud, eb57d0feca6c37e0a4aafc3feef494e43e02ecda,./alien4cloud-security/, LdapAuthenticationProviderTest,testLdapUserImport,test pass, lun 8 giu 2020, 18:40:16, CEST,lun 8 giu 2020, 18:40:19, CEST
alien4cloud,https://github.com/alien4cloud/alien4cloud, eb57d0feca6c37e0a4aafc3feef494e43e02ecda,./alien4cloud-security/, LdapAuthenticationProviderTest,testLdapUserImport,test pass, lun 8 giu 2020, 18:40:19, CEST,lun 8 giu 2020, 18:40:20, CEST
alien4cloud,https://github.com/alien4cloud/alien4cloud, eb57d0feca6c37e0a4aafc3feef494e43e02ecda,./alien4cloud-security/, LdapAuthenticationProviderTest,testLdapUserImport,test pass, lun 8 giu 2020, 18:40:20, CEST,lun 8 giu 2020, 18:40:22, CEST
alien4cloud,https://github.com/alien4cloud/alien4cloud, eb57d0feca6c37e0a4aafc3feef494e43e02ecda,./alien4cloud-security/, LdapAuthenticationProviderTest,testLdapUserImport,test pass, lun 8 giu 2020, 18:40:22, CEST,lun 8 giu 2020, 18:40:25, CEST
alien4cloud,https://github.com/alien4cloud/alien4cloud, eb57d0feca6c37e0a4aafc3feef494e43e02ecda,./alien4cloud-security/, LdapAuthenticationProviderTest,testLdapUserImport,test pass, lun 8 giu 2020, 18:40:25, CEST,lun 8 giu 2020, 18:40:27, CEST
alien4cloud,https://github.com/alien4cloud/alien4cloud, eb57d0feca6c37e0a4aafc3feef494e43e02ecda,./alien4cloud-security/, LdapAuthenticationProviderTest,testLdapUserImport,test pass, lun 8 giu 2020, 18:40:27, CEST,lun 8 giu 2020, 18:40:29, CEST
alien4cloud,https://github.com/alien4cloud/alien4cloud, eb57d0feca6c37e0a4aafc3feef494e43e02ecda,./alien4cloud-security/, LdapAuthenticationProviderTest,testLdapUserImport,test pass, lun 8 giu 2020, 18:40:29, CEST,lun 8 giu 2020, 18:40:31, CEST
alien4cloud,https://github.com/alien4cloud/alien4cloud, eb57d0feca6c37e0a4aafc3feef494e43e02ecda,./alien4cloud-security/, LdapAuthenticationProviderTest,testLdapUserImport,test pass, lun 8 giu 2020, 18:40:31, CEST,lun 8 giu 2020, 18:40:33, CEST
alien4cloud,https://github.com/alien4cloud/alien4cloud, eb57d0feca6c37e0a4aafc3feef494e43e02ecda,./alien4cloud-security/, LdapAuthenticationProviderTest,testLdapUserImport,test pass, lun 8 giu 2020, 18:40:33, CEST,lun 8 giu 2020, 18:40:35, CEST
alien4cloud,https://github.com/alien4cloud/alien4cloud, eb57d0feca6c37e0a4aafc3feef494e43e02ecda,./alien4cloud-security/, LdapAuthenticationProviderTest,testLdapUserImport,test pass, lun 8 giu 2020, 18:40:35, CEST,lun 8 giu 2020, 18:40:37, CEST
alien4cloud,https://github.com/alien4cloud/alien4cloud, eb57d0feca6c37e0a4aafc3feef494e43e02ecda,./alien4cloud-security/, LdapAuthenticationProviderTest,testLdapUserImport,test pass, lun 8 giu 2020, 18:40:37, CEST,lun 8 giu 2020, 18:40:39, CEST
alien4cloud,https://github.com/alien4cloud/alien4cloud, eb57d0feca6c37e0a4aafc3feef494e43e02ecda,./alien4cloud-security/, LdapAuthenticationProviderTest,testLdapUserImport,test pass, lun 8 giu 2020, 18:40:39, CEST,lun 8 giu 2020, 18:40:41, CEST
alien4cloud,https://github.com/alien4cloud/alien4cloud, eb57d0feca6c37e0a4aafc3feef494e43e02ecda,./alien4cloud-security/, LdapAuthenticationProviderTest,testLdapUserImport,test pass, lun 8 giu 2020, 18:40:41, CEST,lun 8 giu 2020, 18:40:43, CEST
alien4cloud,https://github.com/alien4cloud/alien4cloud, eb57d0feca6c37e0a4aafc3feef494e43e02ecda,./alien4cloud-security/, LdapAuthenticationProviderTest,testLdapUserImport,test pass, lun 8 giu 2020, 18:40:43, CEST,lun 8 giu 2020, 18:40:45, CEST
alien4cloud,https://github.com/alien4cloud/alien4cloud, eb57d0feca6c37e0a4aafc3feef494e43e02ecda,./alien4cloud-security/, LdapAuthenticationProviderTest,testLdapUserImport,test pass, lun 8 giu 2020, 18:40:45, CEST,lun 8 giu 2020, 18:40:47, CEST
alien4cloud,https://github.com/alien4cloud/alien4cloud, eb57d0feca6c37e0a4aafc3feef494e43e02ecda,./alien4cloud-security/, LdapAuthenticationProviderTest,testLdapUserImport,test pass, lun 8 giu 2020, 18:40:47, CEST,lun 8 giu 2020, 18:40:49, CEST
alien4cloud,https://github.com/alien4cloud/alien4cloud, eb57d0feca6c37e0a4aafc3feef494e43e02ecda,./alien4cloud-security/, LdapAuthenticationProviderTest,testLdapUserImport,test pass, lun 8 giu 2020, 18:40:49, CEST,lun 8 giu 2020, 18:40:51, CEST
alien4cloud,https://github.com/alien4cloud/alien4cloud, eb57d0feca6c37e0a4aafc3feef494e43e02ecda,./alien4cloud-security/, LdapAuthenticationProviderTest,testLdapUserImport,test pass, lun 8 giu 2020, 18:40:51, CEST,lun 8 giu 2020, 18:40:53, CEST
alien4cloud,https://github.com/alien4cloud/alien4cloud, eb57d0feca6c37e0a4aafc3feef494e43e02ecda,./alien4cloud-security/, LdapAuthenticationProviderTest,testLdapUserImport,test pass, lun 8 giu 2020, 18:40:53, CEST,lun 8 giu 2020, 18:40:55, CEST
alien4cloud,https://github.com/alien4cloud/alien4cloud, eb57d0feca6c37e0a4aafc3feef494e43e02ecda,./alien4cloud-security/, LdapAuthenticationProviderTest,testLdapUserImport,test pass, lun 8 giu 2020, 18:40:55, CEST,lun 8 giu 2020, 18:40:58, CEST
alien4cloud,https://github.com/alien4cloud/alien4cloud, eb57d0feca6c37e0a4aafc3feef494e43e02ecda,./alien4cloud-security/, LdapAuthenticationProviderTest,testLdapUserImport,test pass, lun 8 giu 2020, 18:40:58, CEST,lun 8 giu 2020, 18:41:00, CEST
alien4cloud,https://github.com/alien4cloud/alien4cloud, eb57d0feca6c37e0a4aafc3feef494e43e02ecda,./alien4cloud-security/, LdapAuthenticationProviderTest,testLdapUserImport,test pass, lun 8 giu 2020, 18:41:00, CEST,lun 8 giu 2020, 18:41:02, CEST
alien4cloud,https://github.com/alien4cloud/alien4cloud, eb57d0feca6c37e0a4aafc3feef494e43e02ecda,./alien4cloud-security/, LdapAuthenticationProviderTest,testLdapUserImport,test pass, lun 8 giu 2020, 18:41:02, CEST,lun 8 giu 2020, 18:41:04, CEST
alien4cloud,https://github.com/alien4cloud/alien4cloud, eb57d0feca6c37e0a4aafc3feef494e43e02ecda,./alien4cloud-security/, LdapAuthenticationProviderTest,testLdapUserImport,test pass, lun 8 giu 2020, 18:41:04, CEST,lun 8 giu 2020, 18:41:06, CEST
alien4cloud,https://github.com/alien4cloud/alien4cloud, eb57d0feca6c37e0a4aafc3feef494e43e02ecda,./alien4cloud-security/, LdapAuthenticationProviderTest,testLdapUserImport,test pass, lun 8 giu 2020, 18:41:06, CEST,lun 8 giu 2020, 18:41:08, CEST
alien4cloud,https://github.com/alien4cloud/alien4cloud, eb57d0feca6c37e0a4aafc3feef494e43e02ecda,./alien4cloud-security/, LdapAuthenticationProviderTest,testLdapUserImport,test pass, lun 8 giu 2020, 18:41:08, CEST,lun 8 giu 2020, 18:41:10, CEST
alien4cloud,https://github.com/alien4cloud/alien4cloud, eb57d0feca6c37e0a4aafc3feef494e43e02ecda,./alien4cloud-security/, LdapAuthenticationProviderTest,testLdapUserImport,test pass, lun 8 giu 2020, 18:41:10, CEST,lun 8 giu 2020, 18:41:13, CEST
alien4cloud,https://github.com/alien4cloud/alien4cloud, eb57d0feca6c37e0a4aafc3feef494e43e02ecda,./alien4cloud-security/, LdapAuthenticationProviderTest,testLdapUserImport,test pass, lun 8 giu 2020, 18:41:13, CEST,lun 8 giu 2020, 18:41:15, CEST
alien4cloud,https://github.com/alien4cloud/alien4cloud, eb57d0feca6c37e0a4aafc3feef494e43e02ecda,./alien4cloud-security/, LdapAuthenticationProviderTest,testLdapUserImport,test pass, lun 8 giu 2020, 18:41:15, CEST,lun 8 giu 2020, 18:41:17, CEST
alien4cloud,https://github.com/alien4cloud/alien4cloud, eb57d0feca6c37e0a4aafc3feef494e43e02ecda,./alien4cloud-security/, LdapAuthenticationProviderTest,testLdapUserImport,test pass, lun 8 giu 2020, 18:41:17, CEST,lun 8 giu 2020, 18:41:19, CEST
alien4cloud,https://github.com/alien4cloud/alien4cloud, eb57d0feca6c37e0a4aafc3feef494e43e02ecda,./alien4cloud-security/, LdapAuthenticationProviderTest,testLdapUserImport,test pass, lun 8 giu 2020, 18:41:19, CEST,lun 8 giu 2020, 18:41:21, CEST
alien4cloud,https://github.com/alien4cloud/alien4cloud, eb57d0feca6c37e0a4aafc3feef494e43e02ecda,./alien4cloud-security/, LdapAuthenticationProviderTest,testLdapUserImport,test pass, lun 8 giu 2020, 18:41:21, CEST,lun 8 giu 2020, 18:41:23, CEST
alien4cloud,https://github.com/alien4cloud/alien4cloud, eb57d0feca6c37e0a4aafc3feef494e43e02ecda,./alien4cloud-security/, LdapAuthenticationProviderTest,testLdapUserImport,test pass, lun 8 giu 2020, 18:41:23, CEST,lun 8 giu 2020, 18:41:25, CEST
alien4cloud,https://github.com/alien4cloud/alien4cloud, eb57d0feca6c37e0a4aafc3feef494e43e02ecda,./alien4cloud-security/, LdapAuthenticationProviderTest,testLdapUserImport,test pass, lun 8 giu 2020, 18:41:25, CEST,lun 8 giu 2020, 18:41:27, CEST
alien4cloud,https://github.com/alien4cloud/alien4cloud, eb57d0feca6c37e0a4aafc3feef494e43e02ecda,./alien4cloud-security/, LdapAuthenticationProviderTest,testLdapUserImport,test pass, lun 8 giu 2020, 18:41:27, CEST,lun 8 giu 2020, 18:41:29, CEST
alien4cloud,https://github.com/alien4cloud/alien4cloud, eb57d0feca6c37e0a4aafc3feef494e43e02ecda,./alien4cloud-security/, LdapAuthenticationProviderTest,testLdapUserImport,test pass, lun 8 giu 2020, 18:41:29, CEST,lun 8 giu 2020, 18:41:31, CEST
alien4cloud,https://github.com/alien4cloud/alien4cloud, eb57d0feca6c37e0a4aafc3feef494e43e02ecda,./alien4cloud-security/, LdapAuthenticationProviderTest,testLdapUserImport,test pass, lun 8 giu 2020, 18:41:31, CEST,lun 8 giu 2020, 18:41:33, CEST
alien4cloud,https://github.com/alien4cloud/alien4cloud, eb57d0feca6c37e0a4aafc3feef494e43e02ecda,./alien4cloud-security/, LdapAuthenticationProviderTest,testLdapUserImport,test pass, lun 8 giu 2020, 18:41:33, CEST,lun 8 giu 2020, 18:41:35, CEST
alien4cloud,https://github.com/alien4cloud/alien4cloud, eb57d0feca6c37e0a4aafc3feef494e43e02ecda,./alien4cloud-security/, LdapAuthenticationProviderTest,testLdapUserImport,test pass, lun 8 giu 2020, 18:41:35, CEST,lun 8 giu 2020, 18:41:37, CEST
alien4cloud,https://github.com/alien4cloud/alien4cloud, eb57d0feca6c37e0a4aafc3feef494e43e02ecda,./alien4cloud-security/, LdapAuthenticationProviderTest,testLdapUserImport,test pass, lun 8 giu 2020, 18:41:37, CEST,lun 8 giu 2020, 18:41:39, CEST
alien4cloud,https://github.com/alien4cloud/alien4cloud, eb57d0feca6c37e0a4aafc3feef494e43e02ecda,./alien4cloud-security/, LdapAuthenticationProviderTest,testLdapUserImport,test pass, lun 8 giu 2020, 18:41:39, CEST,lun 8 giu 2020, 18:41:41, CEST
alien4cloud,https://github.com/alien4cloud/alien4cloud, eb57d0feca6c37e0a4aafc3feef494e43e02ecda,./alien4cloud-security/, LdapAuthenticationProviderTest,testLdapUserImport,test pass, lun 8 giu 2020, 18:41:41, CEST,lun 8 giu 2020, 18:41:44, CEST
alien4cloud,https://github.com/alien4cloud/alien4cloud, eb57d0feca6c37e0a4aafc3feef494e43e02ecda,./alien4cloud-security/, LdapAuthenticationProviderTest,testLdapUserImport,test pass, lun 8 giu 2020, 18:41:44, CEST,lun 8 giu 2020, 18:41:46, CEST
alien4cloud,https://github.com/alien4cloud/alien4cloud, eb57d0feca6c37e0a4aafc3feef494e43e02ecda,./alien4cloud-security/, LdapAuthenticationProviderTest,testLdapUserImport,test pass, lun 8 giu 2020, 18:41:46, CEST,lun 8 giu 2020, 18:41:48, CEST
alien4cloud,https://github.com/alien4cloud/alien4cloud, eb57d0feca6c37e0a4aafc3feef494e43e02ecda,./alien4cloud-security/, LdapAuthenticationProviderTest,testLdapUserImport,test pass, lun 8 giu 2020, 18:41:48, CEST,lun 8 giu 2020, 18:41:50, CEST
alien4cloud,https://github.com/alien4cloud/alien4cloud, eb57d0feca6c37e0a4aafc3feef494e43e02ecda,./alien4cloud-security/, LdapAuthenticationProviderTest,testLdapUserImport,test pass, lun 8 giu 2020, 18:41:50, CEST,lun 8 giu 2020, 18:41:52, CEST
alien4cloud,https://github.com/alien4cloud/alien4cloud, eb57d0feca6c37e0a4aafc3feef494e43e02ecda,./alien4cloud-security/, LdapAuthenticationProviderTest,testLdapUserImport,test pass, lun 8 giu 2020, 18:41:52, CEST,lun 8 giu 2020, 18:41:54, CEST
alien4cloud,https://github.com/alien4cloud/alien4cloud, eb57d0feca6c37e0a4aafc3feef494e43e02ecda,./alien4cloud-security/, LdapAuthenticationProviderTest,testLdapUserImport,test pass, lun 8 giu 2020, 18:41:54, CEST,lun 8 giu 2020, 18:41:56, CEST
alien4cloud,https://github.com/alien4cloud/alien4cloud, eb57d0feca6c37e0a4aafc3feef494e43e02ecda,./alien4cloud-security/, LdapAuthenticationProviderTest,testLdapUserImport,test pass, lun 8 giu 2020, 18:41:56, CEST,lun 8 giu 2020, 18:41:58, CEST
alien4cloud,https://github.com/alien4cloud/alien4cloud, eb57d0feca6c37e0a4aafc3feef494e43e02ecda,./alien4cloud-security/, LdapAuthenticationProviderTest,testLdapUserImport,test pass, lun 8 giu 2020, 18:41:58, CEST,lun 8 giu 2020, 18:42:00, CEST
alien4cloud,https://github.com/alien4cloud/alien4cloud, eb57d0feca6c37e0a4aafc3feef494e43e02ecda,./alien4cloud-security/, LdapAuthenticationProviderTest,testLdapUserImport,test pass, lun 8 giu 2020, 18:42:00, CEST,lun 8 giu 2020, 18:42:02, CEST
alien4cloud,https://github.com/alien4cloud/alien4cloud, eb57d0feca6c37e0a4aafc3feef494e43e02ecda,./alien4cloud-security/, LdapAuthenticationProviderTest,testLdapUserImport,test pass, lun 8 giu 2020, 18:42:02, CEST,lun 8 giu 2020, 18:42:04, CEST
alien4cloud,https://github.com/alien4cloud/alien4cloud, eb57d0feca6c37e0a4aafc3feef494e43e02ecda,./alien4cloud-security/, LdapAuthenticationProviderTest,testLdapUserImport,test pass, lun 8 giu 2020, 18:42:04, CEST,lun 8 giu 2020, 18:42:06, CEST
alien4cloud,https://github.com/alien4cloud/alien4cloud, eb57d0feca6c37e0a4aafc3feef494e43e02ecda,./alien4cloud-security/, LdapAuthenticationProviderTest,testLdapUserImport,test pass, lun 8 giu 2020, 18:42:06, CEST,lun 8 giu 2020, 18:42:08, CEST
alien4cloud,https://github.com/alien4cloud/alien4cloud, eb57d0feca6c37e0a4aafc3feef494e43e02ecda,./alien4cloud-security/, LdapAuthenticationProviderTest,testLdapUserImport,test pass, lun 8 giu 2020, 18:42:08, CEST,lun 8 giu 2020, 18:42:10, CEST
alien4cloud,https://github.com/alien4cloud/alien4cloud, eb57d0feca6c37e0a4aafc3feef494e43e02ecda,./alien4cloud-security/, LdapAuthenticationProviderTest,testLdapUserImport,test pass, lun 8 giu 2020, 18:42:10, CEST,lun 8 giu 2020, 18:42:12, CEST
alien4cloud,https://github.com/alien4cloud/alien4cloud, eb57d0feca6c37e0a4aafc3feef494e43e02ecda,./alien4cloud-security/, LdapAuthenticationProviderTest,testLdapUserImport,test pass, lun 8 giu 2020, 18:42:12, CEST,lun 8 giu 2020, 18:42:14, CEST
alien4cloud,https://github.com/alien4cloud/alien4cloud, eb57d0feca6c37e0a4aafc3feef494e43e02ecda,./alien4cloud-security/, LdapAuthenticationProviderTest,testLdapUserImport,test pass, lun 8 giu 2020, 18:42:14, CEST,lun 8 giu 2020, 18:42:16, CEST
alien4cloud,https://github.com/alien4cloud/alien4cloud, eb57d0feca6c37e0a4aafc3feef494e43e02ecda,./alien4cloud-security/, LdapAuthenticationProviderTest,testLdapUserImport,test pass, lun 8 giu 2020, 18:42:16, CEST,lun 8 giu 2020, 18:42:19, CEST
alien4cloud,https://github.com/alien4cloud/alien4cloud, eb57d0feca6c37e0a4aafc3feef494e43e02ecda,./alien4cloud-security/, LdapAuthenticationProviderTest,testLdapUserImport,test pass, lun 8 giu 2020, 18:42:19, CEST,lun 8 giu 2020, 18:42:21, CEST
alien4cloud,https://github.com/alien4cloud/alien4cloud, eb57d0feca6c37e0a4aafc3feef494e43e02ecda,./alien4cloud-security/, LdapAuthenticationProviderTest,testLdapUserImport,test pass, lun 8 giu 2020, 18:42:21, CEST,lun 8 giu 2020, 18:42:23, CEST
