tyrus,https://github.com/eclipse-ee4j/tyrus, d86e0cb0a4f26ba89daf8668137c156e57fea565,./tests/e2e/non-deployable/, ServerExecutorsManagementTest,testExecutorServicesGetClosed,test pass, mar 9 giu 2020, 15:16:45, CEST,mar 9 giu 2020, 15:16:48, CEST
tyrus,https://github.com/eclipse-ee4j/tyrus, d86e0cb0a4f26ba89daf8668137c156e57fea565,./tests/e2e/non-deployable/, ServerExecutorsManagementTest,testExecutorServicesGetClosed,test pass, mar 9 giu 2020, 15:16:48, CEST,mar 9 giu 2020, 15:16:52, CEST
tyrus,https://github.com/eclipse-ee4j/tyrus, d86e0cb0a4f26ba89daf8668137c156e57fea565,./tests/e2e/non-deployable/, ServerExecutorsManagementTest,testExecutorServicesGetClosed,test pass, mar 9 giu 2020, 15:16:52, CEST,mar 9 giu 2020, 15:16:55, CEST
tyrus,https://github.com/eclipse-ee4j/tyrus, d86e0cb0a4f26ba89daf8668137c156e57fea565,./tests/e2e/non-deployable/, ServerExecutorsManagementTest,testExecutorServicesGetClosed,test pass, mar 9 giu 2020, 15:16:55, CEST,mar 9 giu 2020, 15:16:59, CEST
tyrus,https://github.com/eclipse-ee4j/tyrus, d86e0cb0a4f26ba89daf8668137c156e57fea565,./tests/e2e/non-deployable/, ServerExecutorsManagementTest,testExecutorServicesGetClosed,test pass, mar 9 giu 2020, 15:16:59, CEST,mar 9 giu 2020, 15:17:02, CEST
tyrus,https://github.com/eclipse-ee4j/tyrus, d86e0cb0a4f26ba89daf8668137c156e57fea565,./tests/e2e/non-deployable/, ServerExecutorsManagementTest,testExecutorServicesGetClosed,test pass, mar 9 giu 2020, 15:17:02, CEST,mar 9 giu 2020, 15:17:06, CEST
tyrus,https://github.com/eclipse-ee4j/tyrus, d86e0cb0a4f26ba89daf8668137c156e57fea565,./tests/e2e/non-deployable/, ServerExecutorsManagementTest,testExecutorServicesGetClosed,test pass, mar 9 giu 2020, 15:17:06, CEST,mar 9 giu 2020, 15:17:09, CEST
tyrus,https://github.com/eclipse-ee4j/tyrus, d86e0cb0a4f26ba89daf8668137c156e57fea565,./tests/e2e/non-deployable/, ServerExecutorsManagementTest,testExecutorServicesGetClosed,test pass, mar 9 giu 2020, 15:17:09, CEST,mar 9 giu 2020, 15:17:13, CEST
tyrus,https://github.com/eclipse-ee4j/tyrus, d86e0cb0a4f26ba89daf8668137c156e57fea565,./tests/e2e/non-deployable/, ServerExecutorsManagementTest,testExecutorServicesGetClosed,test pass, mar 9 giu 2020, 15:17:13, CEST,mar 9 giu 2020, 15:17:17, CEST
tyrus,https://github.com/eclipse-ee4j/tyrus, d86e0cb0a4f26ba89daf8668137c156e57fea565,./tests/e2e/non-deployable/, ServerExecutorsManagementTest,testExecutorServicesGetClosed,test pass, mar 9 giu 2020, 15:17:17, CEST,mar 9 giu 2020, 15:17:22, CEST
tyrus,https://github.com/eclipse-ee4j/tyrus, d86e0cb0a4f26ba89daf8668137c156e57fea565,./tests/e2e/non-deployable/, ServerExecutorsManagementTest,testExecutorServicesGetClosed,test pass, mar 9 giu 2020, 15:17:22, CEST,mar 9 giu 2020, 15:17:26, CEST
tyrus,https://github.com/eclipse-ee4j/tyrus, d86e0cb0a4f26ba89daf8668137c156e57fea565,./tests/e2e/non-deployable/, ServerExecutorsManagementTest,testExecutorServicesGetClosed,test pass, mar 9 giu 2020, 15:17:26, CEST,mar 9 giu 2020, 15:17:30, CEST
tyrus,https://github.com/eclipse-ee4j/tyrus, d86e0cb0a4f26ba89daf8668137c156e57fea565,./tests/e2e/non-deployable/, ServerExecutorsManagementTest,testExecutorServicesGetClosed,test pass, mar 9 giu 2020, 15:17:30, CEST,mar 9 giu 2020, 15:17:34, CEST
tyrus,https://github.com/eclipse-ee4j/tyrus, d86e0cb0a4f26ba89daf8668137c156e57fea565,./tests/e2e/non-deployable/, ServerExecutorsManagementTest,testExecutorServicesGetClosed,test pass, mar 9 giu 2020, 15:17:34, CEST,mar 9 giu 2020, 15:17:38, CEST
tyrus,https://github.com/eclipse-ee4j/tyrus, d86e0cb0a4f26ba89daf8668137c156e57fea565,./tests/e2e/non-deployable/, ServerExecutorsManagementTest,testExecutorServicesGetClosed,test pass, mar 9 giu 2020, 15:17:38, CEST,mar 9 giu 2020, 15:17:42, CEST
tyrus,https://github.com/eclipse-ee4j/tyrus, d86e0cb0a4f26ba89daf8668137c156e57fea565,./tests/e2e/non-deployable/, ServerExecutorsManagementTest,testExecutorServicesGetClosed,test pass, mar 9 giu 2020, 15:17:42, CEST,mar 9 giu 2020, 15:17:46, CEST
tyrus,https://github.com/eclipse-ee4j/tyrus, d86e0cb0a4f26ba89daf8668137c156e57fea565,./tests/e2e/non-deployable/, ServerExecutorsManagementTest,testExecutorServicesGetClosed,test pass, mar 9 giu 2020, 15:17:46, CEST,mar 9 giu 2020, 15:17:50, CEST
tyrus,https://github.com/eclipse-ee4j/tyrus, d86e0cb0a4f26ba89daf8668137c156e57fea565,./tests/e2e/non-deployable/, ServerExecutorsManagementTest,testExecutorServicesGetClosed,test pass, mar 9 giu 2020, 15:17:50, CEST,mar 9 giu 2020, 15:17:54, CEST
tyrus,https://github.com/eclipse-ee4j/tyrus, d86e0cb0a4f26ba89daf8668137c156e57fea565,./tests/e2e/non-deployable/, ServerExecutorsManagementTest,testExecutorServicesGetClosed,test pass, mar 9 giu 2020, 15:17:54, CEST,mar 9 giu 2020, 15:17:58, CEST
tyrus,https://github.com/eclipse-ee4j/tyrus, d86e0cb0a4f26ba89daf8668137c156e57fea565,./tests/e2e/non-deployable/, ServerExecutorsManagementTest,testExecutorServicesGetClosed,test pass, mar 9 giu 2020, 15:17:58, CEST,mar 9 giu 2020, 15:18:02, CEST
tyrus,https://github.com/eclipse-ee4j/tyrus, d86e0cb0a4f26ba89daf8668137c156e57fea565,./tests/e2e/non-deployable/, ServerExecutorsManagementTest,testExecutorServicesGetClosed,test pass, mar 9 giu 2020, 15:18:02, CEST,mar 9 giu 2020, 15:18:06, CEST
tyrus,https://github.com/eclipse-ee4j/tyrus, d86e0cb0a4f26ba89daf8668137c156e57fea565,./tests/e2e/non-deployable/, ServerExecutorsManagementTest,testExecutorServicesGetClosed,test pass, mar 9 giu 2020, 15:18:06, CEST,mar 9 giu 2020, 15:18:10, CEST
tyrus,https://github.com/eclipse-ee4j/tyrus, d86e0cb0a4f26ba89daf8668137c156e57fea565,./tests/e2e/non-deployable/, ServerExecutorsManagementTest,testExecutorServicesGetClosed,test pass, mar 9 giu 2020, 15:18:10, CEST,mar 9 giu 2020, 15:18:14, CEST
tyrus,https://github.com/eclipse-ee4j/tyrus, d86e0cb0a4f26ba89daf8668137c156e57fea565,./tests/e2e/non-deployable/, ServerExecutorsManagementTest,testExecutorServicesGetClosed,test pass, mar 9 giu 2020, 15:18:14, CEST,mar 9 giu 2020, 15:18:18, CEST
tyrus,https://github.com/eclipse-ee4j/tyrus, d86e0cb0a4f26ba89daf8668137c156e57fea565,./tests/e2e/non-deployable/, ServerExecutorsManagementTest,testExecutorServicesGetClosed,test pass, mar 9 giu 2020, 15:18:18, CEST,mar 9 giu 2020, 15:18:22, CEST
tyrus,https://github.com/eclipse-ee4j/tyrus, d86e0cb0a4f26ba89daf8668137c156e57fea565,./tests/e2e/non-deployable/, ServerExecutorsManagementTest,testExecutorServicesGetClosed,test pass, mar 9 giu 2020, 15:18:22, CEST,mar 9 giu 2020, 15:18:27, CEST
tyrus,https://github.com/eclipse-ee4j/tyrus, d86e0cb0a4f26ba89daf8668137c156e57fea565,./tests/e2e/non-deployable/, ServerExecutorsManagementTest,testExecutorServicesGetClosed,test pass, mar 9 giu 2020, 15:18:27, CEST,mar 9 giu 2020, 15:18:31, CEST
tyrus,https://github.com/eclipse-ee4j/tyrus, d86e0cb0a4f26ba89daf8668137c156e57fea565,./tests/e2e/non-deployable/, ServerExecutorsManagementTest,testExecutorServicesGetClosed,test pass, mar 9 giu 2020, 15:18:31, CEST,mar 9 giu 2020, 15:18:35, CEST
tyrus,https://github.com/eclipse-ee4j/tyrus, d86e0cb0a4f26ba89daf8668137c156e57fea565,./tests/e2e/non-deployable/, ServerExecutorsManagementTest,testExecutorServicesGetClosed,test pass, mar 9 giu 2020, 15:18:35, CEST,mar 9 giu 2020, 15:18:39, CEST
tyrus,https://github.com/eclipse-ee4j/tyrus, d86e0cb0a4f26ba89daf8668137c156e57fea565,./tests/e2e/non-deployable/, ServerExecutorsManagementTest,testExecutorServicesGetClosed,test pass, mar 9 giu 2020, 15:18:39, CEST,mar 9 giu 2020, 15:18:43, CEST
tyrus,https://github.com/eclipse-ee4j/tyrus, d86e0cb0a4f26ba89daf8668137c156e57fea565,./tests/e2e/non-deployable/, ServerExecutorsManagementTest,testExecutorServicesGetClosed,test pass, mar 9 giu 2020, 15:18:43, CEST,mar 9 giu 2020, 15:18:47, CEST
tyrus,https://github.com/eclipse-ee4j/tyrus, d86e0cb0a4f26ba89daf8668137c156e57fea565,./tests/e2e/non-deployable/, ServerExecutorsManagementTest,testExecutorServicesGetClosed,test pass, mar 9 giu 2020, 15:18:47, CEST,mar 9 giu 2020, 15:18:51, CEST
tyrus,https://github.com/eclipse-ee4j/tyrus, d86e0cb0a4f26ba89daf8668137c156e57fea565,./tests/e2e/non-deployable/, ServerExecutorsManagementTest,testExecutorServicesGetClosed,test pass, mar 9 giu 2020, 15:18:51, CEST,mar 9 giu 2020, 15:18:55, CEST
tyrus,https://github.com/eclipse-ee4j/tyrus, d86e0cb0a4f26ba89daf8668137c156e57fea565,./tests/e2e/non-deployable/, ServerExecutorsManagementTest,testExecutorServicesGetClosed,test pass, mar 9 giu 2020, 15:18:55, CEST,mar 9 giu 2020, 15:18:59, CEST
tyrus,https://github.com/eclipse-ee4j/tyrus, d86e0cb0a4f26ba89daf8668137c156e57fea565,./tests/e2e/non-deployable/, ServerExecutorsManagementTest,testExecutorServicesGetClosed,test pass, mar 9 giu 2020, 15:18:59, CEST,mar 9 giu 2020, 15:19:04, CEST
tyrus,https://github.com/eclipse-ee4j/tyrus, d86e0cb0a4f26ba89daf8668137c156e57fea565,./tests/e2e/non-deployable/, ServerExecutorsManagementTest,testExecutorServicesGetClosed,test pass, mar 9 giu 2020, 15:19:04, CEST,mar 9 giu 2020, 15:19:08, CEST
tyrus,https://github.com/eclipse-ee4j/tyrus, d86e0cb0a4f26ba89daf8668137c156e57fea565,./tests/e2e/non-deployable/, ServerExecutorsManagementTest,testExecutorServicesGetClosed,test pass, mar 9 giu 2020, 15:19:08, CEST,mar 9 giu 2020, 15:19:12, CEST
tyrus,https://github.com/eclipse-ee4j/tyrus, d86e0cb0a4f26ba89daf8668137c156e57fea565,./tests/e2e/non-deployable/, ServerExecutorsManagementTest,testExecutorServicesGetClosed,test pass, mar 9 giu 2020, 15:19:12, CEST,mar 9 giu 2020, 15:19:16, CEST
tyrus,https://github.com/eclipse-ee4j/tyrus, d86e0cb0a4f26ba89daf8668137c156e57fea565,./tests/e2e/non-deployable/, ServerExecutorsManagementTest,testExecutorServicesGetClosed,test pass, mar 9 giu 2020, 15:19:16, CEST,mar 9 giu 2020, 15:19:20, CEST
tyrus,https://github.com/eclipse-ee4j/tyrus, d86e0cb0a4f26ba89daf8668137c156e57fea565,./tests/e2e/non-deployable/, ServerExecutorsManagementTest,testExecutorServicesGetClosed,test pass, mar 9 giu 2020, 15:19:20, CEST,mar 9 giu 2020, 15:19:24, CEST
tyrus,https://github.com/eclipse-ee4j/tyrus, d86e0cb0a4f26ba89daf8668137c156e57fea565,./tests/e2e/non-deployable/, ServerExecutorsManagementTest,testExecutorServicesGetClosed,test pass, mar 9 giu 2020, 15:19:24, CEST,mar 9 giu 2020, 15:19:28, CEST
tyrus,https://github.com/eclipse-ee4j/tyrus, d86e0cb0a4f26ba89daf8668137c156e57fea565,./tests/e2e/non-deployable/, ServerExecutorsManagementTest,testExecutorServicesGetClosed,test pass, mar 9 giu 2020, 15:19:28, CEST,mar 9 giu 2020, 15:19:32, CEST
tyrus,https://github.com/eclipse-ee4j/tyrus, d86e0cb0a4f26ba89daf8668137c156e57fea565,./tests/e2e/non-deployable/, ServerExecutorsManagementTest,testExecutorServicesGetClosed,test pass, mar 9 giu 2020, 15:19:32, CEST,mar 9 giu 2020, 15:19:36, CEST
tyrus,https://github.com/eclipse-ee4j/tyrus, d86e0cb0a4f26ba89daf8668137c156e57fea565,./tests/e2e/non-deployable/, ServerExecutorsManagementTest,testExecutorServicesGetClosed,test pass, mar 9 giu 2020, 15:19:36, CEST,mar 9 giu 2020, 15:19:40, CEST
tyrus,https://github.com/eclipse-ee4j/tyrus, d86e0cb0a4f26ba89daf8668137c156e57fea565,./tests/e2e/non-deployable/, ServerExecutorsManagementTest,testExecutorServicesGetClosed,test pass, mar 9 giu 2020, 15:19:40, CEST,mar 9 giu 2020, 15:19:44, CEST
tyrus,https://github.com/eclipse-ee4j/tyrus, d86e0cb0a4f26ba89daf8668137c156e57fea565,./tests/e2e/non-deployable/, ServerExecutorsManagementTest,testExecutorServicesGetClosed,test pass, mar 9 giu 2020, 15:19:44, CEST,mar 9 giu 2020, 15:19:49, CEST
tyrus,https://github.com/eclipse-ee4j/tyrus, d86e0cb0a4f26ba89daf8668137c156e57fea565,./tests/e2e/non-deployable/, ServerExecutorsManagementTest,testExecutorServicesGetClosed,test pass, mar 9 giu 2020, 15:19:49, CEST,mar 9 giu 2020, 15:19:53, CEST
tyrus,https://github.com/eclipse-ee4j/tyrus, d86e0cb0a4f26ba89daf8668137c156e57fea565,./tests/e2e/non-deployable/, ServerExecutorsManagementTest,testExecutorServicesGetClosed,test pass, mar 9 giu 2020, 15:19:53, CEST,mar 9 giu 2020, 15:19:57, CEST
tyrus,https://github.com/eclipse-ee4j/tyrus, d86e0cb0a4f26ba89daf8668137c156e57fea565,./tests/e2e/non-deployable/, ServerExecutorsManagementTest,testExecutorServicesGetClosed,test pass, mar 9 giu 2020, 15:19:57, CEST,mar 9 giu 2020, 15:20:01, CEST
tyrus,https://github.com/eclipse-ee4j/tyrus, d86e0cb0a4f26ba89daf8668137c156e57fea565,./tests/e2e/non-deployable/, ServerExecutorsManagementTest,testExecutorServicesGetClosed,test pass, mar 9 giu 2020, 15:20:01, CEST,mar 9 giu 2020, 15:20:05, CEST
tyrus,https://github.com/eclipse-ee4j/tyrus, d86e0cb0a4f26ba89daf8668137c156e57fea565,./tests/e2e/non-deployable/, ServerExecutorsManagementTest,testExecutorServicesGetClosed,test pass, mar 9 giu 2020, 15:20:05, CEST,mar 9 giu 2020, 15:20:09, CEST
tyrus,https://github.com/eclipse-ee4j/tyrus, d86e0cb0a4f26ba89daf8668137c156e57fea565,./tests/e2e/non-deployable/, ServerExecutorsManagementTest,testExecutorServicesGetClosed,test pass, mar 9 giu 2020, 15:20:09, CEST,mar 9 giu 2020, 15:20:13, CEST
tyrus,https://github.com/eclipse-ee4j/tyrus, d86e0cb0a4f26ba89daf8668137c156e57fea565,./tests/e2e/non-deployable/, ServerExecutorsManagementTest,testExecutorServicesGetClosed,test pass, mar 9 giu 2020, 15:20:13, CEST,mar 9 giu 2020, 15:20:17, CEST
tyrus,https://github.com/eclipse-ee4j/tyrus, d86e0cb0a4f26ba89daf8668137c156e57fea565,./tests/e2e/non-deployable/, ServerExecutorsManagementTest,testExecutorServicesGetClosed,test pass, mar 9 giu 2020, 15:20:17, CEST,mar 9 giu 2020, 15:20:21, CEST
tyrus,https://github.com/eclipse-ee4j/tyrus, d86e0cb0a4f26ba89daf8668137c156e57fea565,./tests/e2e/non-deployable/, ServerExecutorsManagementTest,testExecutorServicesGetClosed,test pass, mar 9 giu 2020, 15:20:21, CEST,mar 9 giu 2020, 15:20:26, CEST
tyrus,https://github.com/eclipse-ee4j/tyrus, d86e0cb0a4f26ba89daf8668137c156e57fea565,./tests/e2e/non-deployable/, ServerExecutorsManagementTest,testExecutorServicesGetClosed,test pass, mar 9 giu 2020, 15:20:26, CEST,mar 9 giu 2020, 15:20:30, CEST
tyrus,https://github.com/eclipse-ee4j/tyrus, d86e0cb0a4f26ba89daf8668137c156e57fea565,./tests/e2e/non-deployable/, ServerExecutorsManagementTest,testExecutorServicesGetClosed,test pass, mar 9 giu 2020, 15:20:30, CEST,mar 9 giu 2020, 15:20:34, CEST
tyrus,https://github.com/eclipse-ee4j/tyrus, d86e0cb0a4f26ba89daf8668137c156e57fea565,./tests/e2e/non-deployable/, ServerExecutorsManagementTest,testExecutorServicesGetClosed,test pass, mar 9 giu 2020, 15:20:34, CEST,mar 9 giu 2020, 15:20:38, CEST
tyrus,https://github.com/eclipse-ee4j/tyrus, d86e0cb0a4f26ba89daf8668137c156e57fea565,./tests/e2e/non-deployable/, ServerExecutorsManagementTest,testExecutorServicesGetClosed,test pass, mar 9 giu 2020, 15:20:38, CEST,mar 9 giu 2020, 15:20:42, CEST
tyrus,https://github.com/eclipse-ee4j/tyrus, d86e0cb0a4f26ba89daf8668137c156e57fea565,./tests/e2e/non-deployable/, ServerExecutorsManagementTest,testExecutorServicesGetClosed,test pass, mar 9 giu 2020, 15:20:42, CEST,mar 9 giu 2020, 15:20:47, CEST
tyrus,https://github.com/eclipse-ee4j/tyrus, d86e0cb0a4f26ba89daf8668137c156e57fea565,./tests/e2e/non-deployable/, ServerExecutorsManagementTest,testExecutorServicesGetClosed,test pass, mar 9 giu 2020, 15:20:47, CEST,mar 9 giu 2020, 15:20:51, CEST
tyrus,https://github.com/eclipse-ee4j/tyrus, d86e0cb0a4f26ba89daf8668137c156e57fea565,./tests/e2e/non-deployable/, ServerExecutorsManagementTest,testExecutorServicesGetClosed,test pass, mar 9 giu 2020, 15:20:51, CEST,mar 9 giu 2020, 15:20:55, CEST
tyrus,https://github.com/eclipse-ee4j/tyrus, d86e0cb0a4f26ba89daf8668137c156e57fea565,./tests/e2e/non-deployable/, ServerExecutorsManagementTest,testExecutorServicesGetClosed,test pass, mar 9 giu 2020, 15:20:55, CEST,mar 9 giu 2020, 15:20:59, CEST
tyrus,https://github.com/eclipse-ee4j/tyrus, d86e0cb0a4f26ba89daf8668137c156e57fea565,./tests/e2e/non-deployable/, ServerExecutorsManagementTest,testExecutorServicesGetClosed,test pass, mar 9 giu 2020, 15:20:59, CEST,mar 9 giu 2020, 15:21:03, CEST
tyrus,https://github.com/eclipse-ee4j/tyrus, d86e0cb0a4f26ba89daf8668137c156e57fea565,./tests/e2e/non-deployable/, ServerExecutorsManagementTest,testExecutorServicesGetClosed,test pass, mar 9 giu 2020, 15:21:03, CEST,mar 9 giu 2020, 15:21:07, CEST
tyrus,https://github.com/eclipse-ee4j/tyrus, d86e0cb0a4f26ba89daf8668137c156e57fea565,./tests/e2e/non-deployable/, ServerExecutorsManagementTest,testExecutorServicesGetClosed,test pass, mar 9 giu 2020, 15:21:07, CEST,mar 9 giu 2020, 15:21:11, CEST
tyrus,https://github.com/eclipse-ee4j/tyrus, d86e0cb0a4f26ba89daf8668137c156e57fea565,./tests/e2e/non-deployable/, ServerExecutorsManagementTest,testExecutorServicesGetClosed,test pass, mar 9 giu 2020, 15:21:11, CEST,mar 9 giu 2020, 15:21:15, CEST
tyrus,https://github.com/eclipse-ee4j/tyrus, d86e0cb0a4f26ba89daf8668137c156e57fea565,./tests/e2e/non-deployable/, ServerExecutorsManagementTest,testExecutorServicesGetClosed,test pass, mar 9 giu 2020, 15:21:15, CEST,mar 9 giu 2020, 15:21:19, CEST
tyrus,https://github.com/eclipse-ee4j/tyrus, d86e0cb0a4f26ba89daf8668137c156e57fea565,./tests/e2e/non-deployable/, ServerExecutorsManagementTest,testExecutorServicesGetClosed,test pass, mar 9 giu 2020, 15:21:19, CEST,mar 9 giu 2020, 15:21:23, CEST
tyrus,https://github.com/eclipse-ee4j/tyrus, d86e0cb0a4f26ba89daf8668137c156e57fea565,./tests/e2e/non-deployable/, ServerExecutorsManagementTest,testExecutorServicesGetClosed,test pass, mar 9 giu 2020, 15:21:23, CEST,mar 9 giu 2020, 15:21:27, CEST
tyrus,https://github.com/eclipse-ee4j/tyrus, d86e0cb0a4f26ba89daf8668137c156e57fea565,./tests/e2e/non-deployable/, ServerExecutorsManagementTest,testExecutorServicesGetClosed,test pass, mar 9 giu 2020, 15:21:27, CEST,mar 9 giu 2020, 15:21:31, CEST
tyrus,https://github.com/eclipse-ee4j/tyrus, d86e0cb0a4f26ba89daf8668137c156e57fea565,./tests/e2e/non-deployable/, ServerExecutorsManagementTest,testExecutorServicesGetClosed,test pass, mar 9 giu 2020, 15:21:31, CEST,mar 9 giu 2020, 15:21:35, CEST
tyrus,https://github.com/eclipse-ee4j/tyrus, d86e0cb0a4f26ba89daf8668137c156e57fea565,./tests/e2e/non-deployable/, ServerExecutorsManagementTest,testExecutorServicesGetClosed,test pass, mar 9 giu 2020, 15:21:35, CEST,mar 9 giu 2020, 15:21:39, CEST
tyrus,https://github.com/eclipse-ee4j/tyrus, d86e0cb0a4f26ba89daf8668137c156e57fea565,./tests/e2e/non-deployable/, ServerExecutorsManagementTest,testExecutorServicesGetClosed,test pass, mar 9 giu 2020, 15:21:39, CEST,mar 9 giu 2020, 15:21:43, CEST
tyrus,https://github.com/eclipse-ee4j/tyrus, d86e0cb0a4f26ba89daf8668137c156e57fea565,./tests/e2e/non-deployable/, ServerExecutorsManagementTest,testExecutorServicesGetClosed,test pass, mar 9 giu 2020, 15:21:43, CEST,mar 9 giu 2020, 15:21:47, CEST
tyrus,https://github.com/eclipse-ee4j/tyrus, d86e0cb0a4f26ba89daf8668137c156e57fea565,./tests/e2e/non-deployable/, ServerExecutorsManagementTest,testExecutorServicesGetClosed,test pass, mar 9 giu 2020, 15:21:47, CEST,mar 9 giu 2020, 15:21:51, CEST
tyrus,https://github.com/eclipse-ee4j/tyrus, d86e0cb0a4f26ba89daf8668137c156e57fea565,./tests/e2e/non-deployable/, ServerExecutorsManagementTest,testExecutorServicesGetClosed,test pass, mar 9 giu 2020, 15:21:51, CEST,mar 9 giu 2020, 15:21:55, CEST
tyrus,https://github.com/eclipse-ee4j/tyrus, d86e0cb0a4f26ba89daf8668137c156e57fea565,./tests/e2e/non-deployable/, ServerExecutorsManagementTest,testExecutorServicesGetClosed,test pass, mar 9 giu 2020, 15:21:55, CEST,mar 9 giu 2020, 15:22:00, CEST
tyrus,https://github.com/eclipse-ee4j/tyrus, d86e0cb0a4f26ba89daf8668137c156e57fea565,./tests/e2e/non-deployable/, ServerExecutorsManagementTest,testExecutorServicesGetClosed,test pass, mar 9 giu 2020, 15:22:00, CEST,mar 9 giu 2020, 15:22:04, CEST
tyrus,https://github.com/eclipse-ee4j/tyrus, d86e0cb0a4f26ba89daf8668137c156e57fea565,./tests/e2e/non-deployable/, ServerExecutorsManagementTest,testExecutorServicesGetClosed,test pass, mar 9 giu 2020, 15:22:04, CEST,mar 9 giu 2020, 15:22:08, CEST
tyrus,https://github.com/eclipse-ee4j/tyrus, d86e0cb0a4f26ba89daf8668137c156e57fea565,./tests/e2e/non-deployable/, ServerExecutorsManagementTest,testExecutorServicesGetClosed,test pass, mar 9 giu 2020, 15:22:08, CEST,mar 9 giu 2020, 15:22:12, CEST
tyrus,https://github.com/eclipse-ee4j/tyrus, d86e0cb0a4f26ba89daf8668137c156e57fea565,./tests/e2e/non-deployable/, ServerExecutorsManagementTest,testExecutorServicesGetClosed,test pass, mar 9 giu 2020, 15:22:12, CEST,mar 9 giu 2020, 15:22:16, CEST
tyrus,https://github.com/eclipse-ee4j/tyrus, d86e0cb0a4f26ba89daf8668137c156e57fea565,./tests/e2e/non-deployable/, ServerExecutorsManagementTest,testExecutorServicesGetClosed,test pass, mar 9 giu 2020, 15:22:16, CEST,mar 9 giu 2020, 15:22:21, CEST
tyrus,https://github.com/eclipse-ee4j/tyrus, d86e0cb0a4f26ba89daf8668137c156e57fea565,./tests/e2e/non-deployable/, ServerExecutorsManagementTest,testExecutorServicesGetClosed,test pass, mar 9 giu 2020, 15:22:21, CEST,mar 9 giu 2020, 15:22:25, CEST
tyrus,https://github.com/eclipse-ee4j/tyrus, d86e0cb0a4f26ba89daf8668137c156e57fea565,./tests/e2e/non-deployable/, ServerExecutorsManagementTest,testExecutorServicesGetClosed,test pass, mar 9 giu 2020, 15:22:25, CEST,mar 9 giu 2020, 15:22:29, CEST
tyrus,https://github.com/eclipse-ee4j/tyrus, d86e0cb0a4f26ba89daf8668137c156e57fea565,./tests/e2e/non-deployable/, ServerExecutorsManagementTest,testExecutorServicesGetClosed,test pass, mar 9 giu 2020, 15:22:29, CEST,mar 9 giu 2020, 15:22:33, CEST
tyrus,https://github.com/eclipse-ee4j/tyrus, d86e0cb0a4f26ba89daf8668137c156e57fea565,./tests/e2e/non-deployable/, ServerExecutorsManagementTest,testExecutorServicesGetClosed,test pass, mar 9 giu 2020, 15:22:33, CEST,mar 9 giu 2020, 15:22:37, CEST
tyrus,https://github.com/eclipse-ee4j/tyrus, d86e0cb0a4f26ba89daf8668137c156e57fea565,./tests/e2e/non-deployable/, ServerExecutorsManagementTest,testExecutorServicesGetClosed,test pass, mar 9 giu 2020, 15:22:37, CEST,mar 9 giu 2020, 15:22:41, CEST
tyrus,https://github.com/eclipse-ee4j/tyrus, d86e0cb0a4f26ba89daf8668137c156e57fea565,./tests/e2e/non-deployable/, ServerExecutorsManagementTest,testExecutorServicesGetClosed,test pass, mar 9 giu 2020, 15:22:41, CEST,mar 9 giu 2020, 15:22:45, CEST
tyrus,https://github.com/eclipse-ee4j/tyrus, d86e0cb0a4f26ba89daf8668137c156e57fea565,./tests/e2e/non-deployable/, ServerExecutorsManagementTest,testExecutorServicesGetClosed,test pass, mar 9 giu 2020, 15:22:45, CEST,mar 9 giu 2020, 15:22:49, CEST
tyrus,https://github.com/eclipse-ee4j/tyrus, d86e0cb0a4f26ba89daf8668137c156e57fea565,./tests/e2e/non-deployable/, ServerExecutorsManagementTest,testExecutorServicesGetClosed,test pass, mar 9 giu 2020, 15:22:49, CEST,mar 9 giu 2020, 15:22:54, CEST
tyrus,https://github.com/eclipse-ee4j/tyrus, d86e0cb0a4f26ba89daf8668137c156e57fea565,./tests/e2e/non-deployable/, ServerExecutorsManagementTest,testExecutorServicesGetClosed,test pass, mar 9 giu 2020, 15:22:54, CEST,mar 9 giu 2020, 15:22:58, CEST
tyrus,https://github.com/eclipse-ee4j/tyrus, d86e0cb0a4f26ba89daf8668137c156e57fea565,./tests/e2e/non-deployable/, ServerExecutorsManagementTest,testExecutorServicesGetClosed,test pass, mar 9 giu 2020, 15:22:58, CEST,mar 9 giu 2020, 15:23:02, CEST
tyrus,https://github.com/eclipse-ee4j/tyrus, d86e0cb0a4f26ba89daf8668137c156e57fea565,./tests/e2e/non-deployable/, ServerExecutorsManagementTest,testExecutorServicesGetClosed,test pass, mar 9 giu 2020, 15:23:02, CEST,mar 9 giu 2020, 15:23:06, CEST
tyrus,https://github.com/eclipse-ee4j/tyrus, d86e0cb0a4f26ba89daf8668137c156e57fea565,./tests/e2e/non-deployable/, ServerExecutorsManagementTest,testExecutorServicesGetClosed,test pass, mar 9 giu 2020, 15:23:06, CEST,mar 9 giu 2020, 15:23:11, CEST
tyrus,https://github.com/eclipse-ee4j/tyrus, d86e0cb0a4f26ba89daf8668137c156e57fea565,./tests/e2e/non-deployable/, ServerExecutorsManagementTest,testExecutorServicesGetClosed,test pass, mar 9 giu 2020, 15:23:11, CEST,mar 9 giu 2020, 15:23:15, CEST
tyrus,https://github.com/eclipse-ee4j/tyrus, d86e0cb0a4f26ba89daf8668137c156e57fea565,./tests/e2e/non-deployable/, ServerExecutorsManagementTest,testExecutorServicesGetClosed,test pass, mar 9 giu 2020, 15:23:15, CEST,mar 9 giu 2020, 15:23:19, CEST
tyrus,https://github.com/eclipse-ee4j/tyrus, d86e0cb0a4f26ba89daf8668137c156e57fea565,./tests/e2e/non-deployable/, ServerExecutorsManagementTest,testExecutorServicesGetClosed,test pass, mar 9 giu 2020, 15:23:19, CEST,mar 9 giu 2020, 15:23:23, CEST
tyrus,https://github.com/eclipse-ee4j/tyrus, d86e0cb0a4f26ba89daf8668137c156e57fea565,./tests/e2e/non-deployable/, ServerExecutorsManagementTest,testExecutorServicesGetClosed,test pass, mar 9 giu 2020, 15:23:23, CEST,mar 9 giu 2020, 15:23:27, CEST
tyrus,https://github.com/eclipse-ee4j/tyrus, d86e0cb0a4f26ba89daf8668137c156e57fea565,./tests/e2e/non-deployable/, ServerExecutorsManagementTest,testExecutorServicesGetClosed,test pass, mar 9 giu 2020, 15:23:27, CEST,mar 9 giu 2020, 15:23:32, CEST
tyrus,https://github.com/eclipse-ee4j/tyrus, d86e0cb0a4f26ba89daf8668137c156e57fea565,./tests/e2e/non-deployable/, ServerExecutorsManagementTest,testExecutorServicesGetClosed,test pass, mar 9 giu 2020, 15:23:32, CEST,mar 9 giu 2020, 15:23:36, CEST
tyrus,https://github.com/eclipse-ee4j/tyrus, d86e0cb0a4f26ba89daf8668137c156e57fea565,./tests/e2e/non-deployable/, ServerExecutorsManagementTest,testExecutorServicesGetClosed,test pass, mar 9 giu 2020, 15:23:36, CEST,mar 9 giu 2020, 15:23:41, CEST
tyrus,https://github.com/eclipse-ee4j/tyrus, d86e0cb0a4f26ba89daf8668137c156e57fea565,./tests/e2e/non-deployable/, ServerExecutorsManagementTest,testExecutorServicesGetClosed,test pass, mar 9 giu 2020, 15:23:41, CEST,mar 9 giu 2020, 15:23:45, CEST
tyrus,https://github.com/eclipse-ee4j/tyrus, d86e0cb0a4f26ba89daf8668137c156e57fea565,./tests/e2e/non-deployable/, ServerExecutorsManagementTest,testExecutorServicesGetClosed,test pass, mar 9 giu 2020, 15:23:45, CEST,mar 9 giu 2020, 15:23:49, CEST
tyrus,https://github.com/eclipse-ee4j/tyrus, d86e0cb0a4f26ba89daf8668137c156e57fea565,./tests/e2e/non-deployable/, ServerExecutorsManagementTest,testExecutorServicesGetClosed,test pass, mar 9 giu 2020, 15:23:49, CEST,mar 9 giu 2020, 15:23:53, CEST
tyrus,https://github.com/eclipse-ee4j/tyrus, d86e0cb0a4f26ba89daf8668137c156e57fea565,./tests/e2e/non-deployable/, ServerExecutorsManagementTest,testExecutorServicesGetClosed,test pass, mar 9 giu 2020, 15:23:53, CEST,mar 9 giu 2020, 15:23:58, CEST
tyrus,https://github.com/eclipse-ee4j/tyrus, d86e0cb0a4f26ba89daf8668137c156e57fea565,./tests/e2e/non-deployable/, ServerExecutorsManagementTest,testExecutorServicesGetClosed,test pass, mar 9 giu 2020, 15:23:58, CEST,mar 9 giu 2020, 15:24:02, CEST
tyrus,https://github.com/eclipse-ee4j/tyrus, d86e0cb0a4f26ba89daf8668137c156e57fea565,./tests/e2e/non-deployable/, ServerExecutorsManagementTest,testExecutorServicesGetClosed,test pass, mar 9 giu 2020, 15:24:02, CEST,mar 9 giu 2020, 15:24:06, CEST
tyrus,https://github.com/eclipse-ee4j/tyrus, d86e0cb0a4f26ba89daf8668137c156e57fea565,./tests/e2e/non-deployable/, ServerExecutorsManagementTest,testExecutorServicesGetClosed,test pass, mar 9 giu 2020, 15:24:06, CEST,mar 9 giu 2020, 15:24:11, CEST
tyrus,https://github.com/eclipse-ee4j/tyrus, d86e0cb0a4f26ba89daf8668137c156e57fea565,./tests/e2e/non-deployable/, ServerExecutorsManagementTest,testExecutorServicesGetClosed,test pass, mar 9 giu 2020, 15:24:11, CEST,mar 9 giu 2020, 15:24:17, CEST
tyrus,https://github.com/eclipse-ee4j/tyrus, d86e0cb0a4f26ba89daf8668137c156e57fea565,./tests/e2e/non-deployable/, ServerExecutorsManagementTest,testExecutorServicesGetClosed,test pass, mar 9 giu 2020, 15:24:17, CEST,mar 9 giu 2020, 15:24:23, CEST
tyrus,https://github.com/eclipse-ee4j/tyrus, d86e0cb0a4f26ba89daf8668137c156e57fea565,./tests/e2e/non-deployable/, ServerExecutorsManagementTest,testExecutorServicesGetClosed,test pass, mar 9 giu 2020, 15:24:23, CEST,mar 9 giu 2020, 15:24:27, CEST
tyrus,https://github.com/eclipse-ee4j/tyrus, d86e0cb0a4f26ba89daf8668137c156e57fea565,./tests/e2e/non-deployable/, ServerExecutorsManagementTest,testExecutorServicesGetClosed,test pass, mar 9 giu 2020, 15:24:27, CEST,mar 9 giu 2020, 15:24:32, CEST
tyrus,https://github.com/eclipse-ee4j/tyrus, d86e0cb0a4f26ba89daf8668137c156e57fea565,./tests/e2e/non-deployable/, ServerExecutorsManagementTest,testExecutorServicesGetClosed,test pass, mar 9 giu 2020, 15:24:32, CEST,mar 9 giu 2020, 15:24:37, CEST
tyrus,https://github.com/eclipse-ee4j/tyrus, d86e0cb0a4f26ba89daf8668137c156e57fea565,./tests/e2e/non-deployable/, ServerExecutorsManagementTest,testExecutorServicesGetClosed,test pass, mar 9 giu 2020, 15:24:37, CEST,mar 9 giu 2020, 15:24:44, CEST
tyrus,https://github.com/eclipse-ee4j/tyrus, d86e0cb0a4f26ba89daf8668137c156e57fea565,./tests/e2e/non-deployable/, ServerExecutorsManagementTest,testExecutorServicesGetClosed,test pass, mar 9 giu 2020, 15:24:44, CEST,mar 9 giu 2020, 15:24:49, CEST
tyrus,https://github.com/eclipse-ee4j/tyrus, d86e0cb0a4f26ba89daf8668137c156e57fea565,./tests/e2e/non-deployable/, ServerExecutorsManagementTest,testExecutorServicesGetClosed,test pass, mar 9 giu 2020, 15:24:49, CEST,mar 9 giu 2020, 15:24:54, CEST
tyrus,https://github.com/eclipse-ee4j/tyrus, d86e0cb0a4f26ba89daf8668137c156e57fea565,./tests/e2e/non-deployable/, ServerExecutorsManagementTest,testExecutorServicesGetClosed,test pass, mar 9 giu 2020, 15:24:54, CEST,mar 9 giu 2020, 15:24:59, CEST
tyrus,https://github.com/eclipse-ee4j/tyrus, d86e0cb0a4f26ba89daf8668137c156e57fea565,./tests/e2e/non-deployable/, ServerExecutorsManagementTest,testExecutorServicesGetClosed,test pass, mar 9 giu 2020, 15:24:59, CEST,mar 9 giu 2020, 15:25:04, CEST
tyrus,https://github.com/eclipse-ee4j/tyrus, d86e0cb0a4f26ba89daf8668137c156e57fea565,./tests/e2e/non-deployable/, ServerExecutorsManagementTest,testExecutorServicesGetClosed,test pass, mar 9 giu 2020, 15:25:04, CEST,mar 9 giu 2020, 15:25:09, CEST
tyrus,https://github.com/eclipse-ee4j/tyrus, d86e0cb0a4f26ba89daf8668137c156e57fea565,./tests/e2e/non-deployable/, ServerExecutorsManagementTest,testExecutorServicesGetClosed,test pass, mar 9 giu 2020, 15:25:09, CEST,mar 9 giu 2020, 15:25:13, CEST
tyrus,https://github.com/eclipse-ee4j/tyrus, d86e0cb0a4f26ba89daf8668137c156e57fea565,./tests/e2e/non-deployable/, ServerExecutorsManagementTest,testExecutorServicesGetClosed,test pass, mar 9 giu 2020, 15:25:13, CEST,mar 9 giu 2020, 15:25:20, CEST
tyrus,https://github.com/eclipse-ee4j/tyrus, d86e0cb0a4f26ba89daf8668137c156e57fea565,./tests/e2e/non-deployable/, ServerExecutorsManagementTest,testExecutorServicesGetClosed,test pass, mar 9 giu 2020, 15:25:20, CEST,mar 9 giu 2020, 15:25:25, CEST
tyrus,https://github.com/eclipse-ee4j/tyrus, d86e0cb0a4f26ba89daf8668137c156e57fea565,./tests/e2e/non-deployable/, ServerExecutorsManagementTest,testExecutorServicesGetClosed,test pass, mar 9 giu 2020, 15:25:25, CEST,mar 9 giu 2020, 15:25:30, CEST
tyrus,https://github.com/eclipse-ee4j/tyrus, d86e0cb0a4f26ba89daf8668137c156e57fea565,./tests/e2e/non-deployable/, ServerExecutorsManagementTest,testExecutorServicesGetClosed,test pass, mar 9 giu 2020, 15:25:30, CEST,mar 9 giu 2020, 15:25:35, CEST
tyrus,https://github.com/eclipse-ee4j/tyrus, d86e0cb0a4f26ba89daf8668137c156e57fea565,./tests/e2e/non-deployable/, ServerExecutorsManagementTest,testExecutorServicesGetClosed,test pass, mar 9 giu 2020, 15:25:35, CEST,mar 9 giu 2020, 15:25:40, CEST
tyrus,https://github.com/eclipse-ee4j/tyrus, d86e0cb0a4f26ba89daf8668137c156e57fea565,./tests/e2e/non-deployable/, ServerExecutorsManagementTest,testExecutorServicesGetClosed,test pass, mar 9 giu 2020, 15:25:40, CEST,mar 9 giu 2020, 15:25:45, CEST
tyrus,https://github.com/eclipse-ee4j/tyrus, d86e0cb0a4f26ba89daf8668137c156e57fea565,./tests/e2e/non-deployable/, ServerExecutorsManagementTest,testExecutorServicesGetClosed,test pass, mar 9 giu 2020, 15:25:45, CEST,mar 9 giu 2020, 15:25:50, CEST
tyrus,https://github.com/eclipse-ee4j/tyrus, d86e0cb0a4f26ba89daf8668137c156e57fea565,./tests/e2e/non-deployable/, ServerExecutorsManagementTest,testExecutorServicesGetClosed,test pass, mar 9 giu 2020, 15:25:50, CEST,mar 9 giu 2020, 15:25:55, CEST
tyrus,https://github.com/eclipse-ee4j/tyrus, d86e0cb0a4f26ba89daf8668137c156e57fea565,./tests/e2e/non-deployable/, ServerExecutorsManagementTest,testExecutorServicesGetClosed,test pass, mar 9 giu 2020, 15:25:55, CEST,mar 9 giu 2020, 15:26:00, CEST
tyrus,https://github.com/eclipse-ee4j/tyrus, d86e0cb0a4f26ba89daf8668137c156e57fea565,./tests/e2e/non-deployable/, ServerExecutorsManagementTest,testExecutorServicesGetClosed,test pass, mar 9 giu 2020, 15:26:00, CEST,mar 9 giu 2020, 15:26:04, CEST
tyrus,https://github.com/eclipse-ee4j/tyrus, d86e0cb0a4f26ba89daf8668137c156e57fea565,./tests/e2e/non-deployable/, ServerExecutorsManagementTest,testExecutorServicesGetClosed,test pass, mar 9 giu 2020, 15:26:04, CEST,mar 9 giu 2020, 15:26:09, CEST
tyrus,https://github.com/eclipse-ee4j/tyrus, d86e0cb0a4f26ba89daf8668137c156e57fea565,./tests/e2e/non-deployable/, ServerExecutorsManagementTest,testExecutorServicesGetClosed,test pass, mar 9 giu 2020, 15:26:09, CEST,mar 9 giu 2020, 15:26:14, CEST
tyrus,https://github.com/eclipse-ee4j/tyrus, d86e0cb0a4f26ba89daf8668137c156e57fea565,./tests/e2e/non-deployable/, ServerExecutorsManagementTest,testExecutorServicesGetClosed,test pass, mar 9 giu 2020, 15:26:14, CEST,mar 9 giu 2020, 15:26:18, CEST
tyrus,https://github.com/eclipse-ee4j/tyrus, d86e0cb0a4f26ba89daf8668137c156e57fea565,./tests/e2e/non-deployable/, ServerExecutorsManagementTest,testExecutorServicesGetClosed,test pass, mar 9 giu 2020, 15:26:18, CEST,mar 9 giu 2020, 15:26:24, CEST
tyrus,https://github.com/eclipse-ee4j/tyrus, d86e0cb0a4f26ba89daf8668137c156e57fea565,./tests/e2e/non-deployable/, ServerExecutorsManagementTest,testExecutorServicesGetClosed,test pass, mar 9 giu 2020, 15:26:24, CEST,mar 9 giu 2020, 15:26:28, CEST
tyrus,https://github.com/eclipse-ee4j/tyrus, d86e0cb0a4f26ba89daf8668137c156e57fea565,./tests/e2e/non-deployable/, ServerExecutorsManagementTest,testExecutorServicesGetClosed,test pass, mar 9 giu 2020, 15:26:28, CEST,mar 9 giu 2020, 15:26:33, CEST
tyrus,https://github.com/eclipse-ee4j/tyrus, d86e0cb0a4f26ba89daf8668137c156e57fea565,./tests/e2e/non-deployable/, ServerExecutorsManagementTest,testExecutorServicesGetClosed,test pass, mar 9 giu 2020, 15:26:33, CEST,mar 9 giu 2020, 15:26:38, CEST
tyrus,https://github.com/eclipse-ee4j/tyrus, d86e0cb0a4f26ba89daf8668137c156e57fea565,./tests/e2e/non-deployable/, ServerExecutorsManagementTest,testExecutorServicesGetClosed,test pass, mar 9 giu 2020, 15:26:38, CEST,mar 9 giu 2020, 15:26:43, CEST
tyrus,https://github.com/eclipse-ee4j/tyrus, d86e0cb0a4f26ba89daf8668137c156e57fea565,./tests/e2e/non-deployable/, ServerExecutorsManagementTest,testExecutorServicesGetClosed,test pass, mar 9 giu 2020, 15:26:43, CEST,mar 9 giu 2020, 15:26:48, CEST
tyrus,https://github.com/eclipse-ee4j/tyrus, d86e0cb0a4f26ba89daf8668137c156e57fea565,./tests/e2e/non-deployable/, ServerExecutorsManagementTest,testExecutorServicesGetClosed,test pass, mar 9 giu 2020, 15:26:48, CEST,mar 9 giu 2020, 15:26:52, CEST
tyrus,https://github.com/eclipse-ee4j/tyrus, d86e0cb0a4f26ba89daf8668137c156e57fea565,./tests/e2e/non-deployable/, ServerExecutorsManagementTest,testExecutorServicesGetClosed,test pass, mar 9 giu 2020, 15:26:52, CEST,mar 9 giu 2020, 15:26:57, CEST
tyrus,https://github.com/eclipse-ee4j/tyrus, d86e0cb0a4f26ba89daf8668137c156e57fea565,./tests/e2e/non-deployable/, ServerExecutorsManagementTest,testExecutorServicesGetClosed,test pass, mar 9 giu 2020, 15:26:57, CEST,mar 9 giu 2020, 15:27:02, CEST
tyrus,https://github.com/eclipse-ee4j/tyrus, d86e0cb0a4f26ba89daf8668137c156e57fea565,./tests/e2e/non-deployable/, ServerExecutorsManagementTest,testExecutorServicesGetClosed,test pass, mar 9 giu 2020, 15:27:02, CEST,mar 9 giu 2020, 15:27:06, CEST
tyrus,https://github.com/eclipse-ee4j/tyrus, d86e0cb0a4f26ba89daf8668137c156e57fea565,./tests/e2e/non-deployable/, ServerExecutorsManagementTest,testExecutorServicesGetClosed,test pass, mar 9 giu 2020, 15:27:06, CEST,mar 9 giu 2020, 15:27:11, CEST
tyrus,https://github.com/eclipse-ee4j/tyrus, d86e0cb0a4f26ba89daf8668137c156e57fea565,./tests/e2e/non-deployable/, ServerExecutorsManagementTest,testExecutorServicesGetClosed,test pass, mar 9 giu 2020, 15:27:11, CEST,mar 9 giu 2020, 15:27:16, CEST
tyrus,https://github.com/eclipse-ee4j/tyrus, d86e0cb0a4f26ba89daf8668137c156e57fea565,./tests/e2e/non-deployable/, ServerExecutorsManagementTest,testExecutorServicesGetClosed,test pass, mar 9 giu 2020, 15:27:16, CEST,mar 9 giu 2020, 15:27:20, CEST
tyrus,https://github.com/eclipse-ee4j/tyrus, d86e0cb0a4f26ba89daf8668137c156e57fea565,./tests/e2e/non-deployable/, ServerExecutorsManagementTest,testExecutorServicesGetClosed,test pass, mar 9 giu 2020, 15:27:20, CEST,mar 9 giu 2020, 15:27:25, CEST
tyrus,https://github.com/eclipse-ee4j/tyrus, d86e0cb0a4f26ba89daf8668137c156e57fea565,./tests/e2e/non-deployable/, ServerExecutorsManagementTest,testExecutorServicesGetClosed,test pass, mar 9 giu 2020, 15:27:25, CEST,mar 9 giu 2020, 15:27:30, CEST
tyrus,https://github.com/eclipse-ee4j/tyrus, d86e0cb0a4f26ba89daf8668137c156e57fea565,./tests/e2e/non-deployable/, ServerExecutorsManagementTest,testExecutorServicesGetClosed,test pass, mar 9 giu 2020, 15:27:30, CEST,mar 9 giu 2020, 15:27:34, CEST
tyrus,https://github.com/eclipse-ee4j/tyrus, d86e0cb0a4f26ba89daf8668137c156e57fea565,./tests/e2e/non-deployable/, ServerExecutorsManagementTest,testExecutorServicesGetClosed,test pass, mar 9 giu 2020, 15:27:34, CEST,mar 9 giu 2020, 15:27:39, CEST
tyrus,https://github.com/eclipse-ee4j/tyrus, d86e0cb0a4f26ba89daf8668137c156e57fea565,./tests/e2e/non-deployable/, ServerExecutorsManagementTest,testExecutorServicesGetClosed,test pass, mar 9 giu 2020, 15:27:39, CEST,mar 9 giu 2020, 15:27:44, CEST
tyrus,https://github.com/eclipse-ee4j/tyrus, d86e0cb0a4f26ba89daf8668137c156e57fea565,./tests/e2e/non-deployable/, ServerExecutorsManagementTest,testExecutorServicesGetClosed,test pass, mar 9 giu 2020, 15:27:44, CEST,mar 9 giu 2020, 15:27:48, CEST
tyrus,https://github.com/eclipse-ee4j/tyrus, d86e0cb0a4f26ba89daf8668137c156e57fea565,./tests/e2e/non-deployable/, ServerExecutorsManagementTest,testExecutorServicesGetClosed,test pass, mar 9 giu 2020, 15:27:48, CEST,mar 9 giu 2020, 15:27:53, CEST
tyrus,https://github.com/eclipse-ee4j/tyrus, d86e0cb0a4f26ba89daf8668137c156e57fea565,./tests/e2e/non-deployable/, ServerExecutorsManagementTest,testExecutorServicesGetClosed,test pass, mar 9 giu 2020, 15:27:53, CEST,mar 9 giu 2020, 15:27:58, CEST
tyrus,https://github.com/eclipse-ee4j/tyrus, d86e0cb0a4f26ba89daf8668137c156e57fea565,./tests/e2e/non-deployable/, ServerExecutorsManagementTest,testExecutorServicesGetClosed,test pass, mar 9 giu 2020, 15:27:58, CEST,mar 9 giu 2020, 15:28:02, CEST
tyrus,https://github.com/eclipse-ee4j/tyrus, d86e0cb0a4f26ba89daf8668137c156e57fea565,./tests/e2e/non-deployable/, ServerExecutorsManagementTest,testExecutorServicesGetClosed,test pass, mar 9 giu 2020, 15:28:02, CEST,mar 9 giu 2020, 15:28:07, CEST
tyrus,https://github.com/eclipse-ee4j/tyrus, d86e0cb0a4f26ba89daf8668137c156e57fea565,./tests/e2e/non-deployable/, ServerExecutorsManagementTest,testExecutorServicesGetClosed,test pass, mar 9 giu 2020, 15:28:07, CEST,mar 9 giu 2020, 15:28:12, CEST
tyrus,https://github.com/eclipse-ee4j/tyrus, d86e0cb0a4f26ba89daf8668137c156e57fea565,./tests/e2e/non-deployable/, ServerExecutorsManagementTest,testExecutorServicesGetClosed,test pass, mar 9 giu 2020, 15:28:12, CEST,mar 9 giu 2020, 15:28:16, CEST
tyrus,https://github.com/eclipse-ee4j/tyrus, d86e0cb0a4f26ba89daf8668137c156e57fea565,./tests/e2e/non-deployable/, ServerExecutorsManagementTest,testExecutorServicesGetClosed,test pass, mar 9 giu 2020, 15:28:16, CEST,mar 9 giu 2020, 15:28:21, CEST
tyrus,https://github.com/eclipse-ee4j/tyrus, d86e0cb0a4f26ba89daf8668137c156e57fea565,./tests/e2e/non-deployable/, ServerExecutorsManagementTest,testExecutorServicesGetClosed,test pass, mar 9 giu 2020, 15:28:21, CEST,mar 9 giu 2020, 15:28:26, CEST
tyrus,https://github.com/eclipse-ee4j/tyrus, d86e0cb0a4f26ba89daf8668137c156e57fea565,./tests/e2e/non-deployable/, ServerExecutorsManagementTest,testExecutorServicesGetClosed,test pass, mar 9 giu 2020, 15:28:26, CEST,mar 9 giu 2020, 15:28:31, CEST
tyrus,https://github.com/eclipse-ee4j/tyrus, d86e0cb0a4f26ba89daf8668137c156e57fea565,./tests/e2e/non-deployable/, ServerExecutorsManagementTest,testExecutorServicesGetClosed,test pass, mar 9 giu 2020, 15:28:31, CEST,mar 9 giu 2020, 15:28:35, CEST
tyrus,https://github.com/eclipse-ee4j/tyrus, d86e0cb0a4f26ba89daf8668137c156e57fea565,./tests/e2e/non-deployable/, ServerExecutorsManagementTest,testExecutorServicesGetClosed,test pass, mar 9 giu 2020, 15:28:35, CEST,mar 9 giu 2020, 15:28:40, CEST
tyrus,https://github.com/eclipse-ee4j/tyrus, d86e0cb0a4f26ba89daf8668137c156e57fea565,./tests/e2e/non-deployable/, ServerExecutorsManagementTest,testExecutorServicesGetClosed,test pass, mar 9 giu 2020, 15:28:40, CEST,mar 9 giu 2020, 15:28:44, CEST
tyrus,https://github.com/eclipse-ee4j/tyrus, d86e0cb0a4f26ba89daf8668137c156e57fea565,./tests/e2e/non-deployable/, ServerExecutorsManagementTest,testExecutorServicesGetClosed,test pass, mar 9 giu 2020, 15:28:44, CEST,mar 9 giu 2020, 15:28:49, CEST
tyrus,https://github.com/eclipse-ee4j/tyrus, d86e0cb0a4f26ba89daf8668137c156e57fea565,./tests/e2e/non-deployable/, ServerExecutorsManagementTest,testExecutorServicesGetClosed,test pass, mar 9 giu 2020, 15:28:49, CEST,mar 9 giu 2020, 15:28:54, CEST
tyrus,https://github.com/eclipse-ee4j/tyrus, d86e0cb0a4f26ba89daf8668137c156e57fea565,./tests/e2e/non-deployable/, ServerExecutorsManagementTest,testExecutorServicesGetClosed,test pass, mar 9 giu 2020, 15:28:54, CEST,mar 9 giu 2020, 15:28:58, CEST
tyrus,https://github.com/eclipse-ee4j/tyrus, d86e0cb0a4f26ba89daf8668137c156e57fea565,./tests/e2e/non-deployable/, ServerExecutorsManagementTest,testExecutorServicesGetClosed,test pass, mar 9 giu 2020, 15:28:58, CEST,mar 9 giu 2020, 15:29:03, CEST
tyrus,https://github.com/eclipse-ee4j/tyrus, d86e0cb0a4f26ba89daf8668137c156e57fea565,./tests/e2e/non-deployable/, ServerExecutorsManagementTest,testExecutorServicesGetClosed,test pass, mar 9 giu 2020, 15:29:03, CEST,mar 9 giu 2020, 15:29:08, CEST
tyrus,https://github.com/eclipse-ee4j/tyrus, d86e0cb0a4f26ba89daf8668137c156e57fea565,./tests/e2e/non-deployable/, ServerExecutorsManagementTest,testExecutorServicesGetClosed,test pass, mar 9 giu 2020, 15:29:08, CEST,mar 9 giu 2020, 15:29:13, CEST
tyrus,https://github.com/eclipse-ee4j/tyrus, d86e0cb0a4f26ba89daf8668137c156e57fea565,./tests/e2e/non-deployable/, ServerExecutorsManagementTest,testExecutorServicesGetClosed,test pass, mar 9 giu 2020, 15:29:13, CEST,mar 9 giu 2020, 15:29:17, CEST
tyrus,https://github.com/eclipse-ee4j/tyrus, d86e0cb0a4f26ba89daf8668137c156e57fea565,./tests/e2e/non-deployable/, ServerExecutorsManagementTest,testExecutorServicesGetClosed,test pass, mar 9 giu 2020, 15:29:17, CEST,mar 9 giu 2020, 15:29:22, CEST
tyrus,https://github.com/eclipse-ee4j/tyrus, d86e0cb0a4f26ba89daf8668137c156e57fea565,./tests/e2e/non-deployable/, ServerExecutorsManagementTest,testExecutorServicesGetClosed,test pass, mar 9 giu 2020, 15:29:22, CEST,mar 9 giu 2020, 15:29:27, CEST
tyrus,https://github.com/eclipse-ee4j/tyrus, d86e0cb0a4f26ba89daf8668137c156e57fea565,./tests/e2e/non-deployable/, ServerExecutorsManagementTest,testExecutorServicesGetClosed,test pass, mar 9 giu 2020, 15:29:27, CEST,mar 9 giu 2020, 15:29:32, CEST
tyrus,https://github.com/eclipse-ee4j/tyrus, d86e0cb0a4f26ba89daf8668137c156e57fea565,./tests/e2e/non-deployable/, ServerExecutorsManagementTest,testExecutorServicesGetClosed,test pass, mar 9 giu 2020, 15:29:32, CEST,mar 9 giu 2020, 15:29:36, CEST
tyrus,https://github.com/eclipse-ee4j/tyrus, d86e0cb0a4f26ba89daf8668137c156e57fea565,./tests/e2e/non-deployable/, ServerExecutorsManagementTest,testExecutorServicesGetClosed,test pass, mar 9 giu 2020, 15:29:36, CEST,mar 9 giu 2020, 15:29:41, CEST
tyrus,https://github.com/eclipse-ee4j/tyrus, d86e0cb0a4f26ba89daf8668137c156e57fea565,./tests/e2e/non-deployable/, ServerExecutorsManagementTest,testExecutorServicesGetClosed,test pass, mar 9 giu 2020, 15:29:41, CEST,mar 9 giu 2020, 15:29:46, CEST
tyrus,https://github.com/eclipse-ee4j/tyrus, d86e0cb0a4f26ba89daf8668137c156e57fea565,./tests/e2e/non-deployable/, ServerExecutorsManagementTest,testExecutorServicesGetClosed,test pass, mar 9 giu 2020, 15:29:46, CEST,mar 9 giu 2020, 15:29:50, CEST
tyrus,https://github.com/eclipse-ee4j/tyrus, d86e0cb0a4f26ba89daf8668137c156e57fea565,./tests/e2e/non-deployable/, ServerExecutorsManagementTest,testExecutorServicesGetClosed,test pass, mar 9 giu 2020, 15:29:50, CEST,mar 9 giu 2020, 15:29:55, CEST
tyrus,https://github.com/eclipse-ee4j/tyrus, d86e0cb0a4f26ba89daf8668137c156e57fea565,./tests/e2e/non-deployable/, ServerExecutorsManagementTest,testExecutorServicesGetClosed,test pass, mar 9 giu 2020, 15:29:55, CEST,mar 9 giu 2020, 15:30:00, CEST
tyrus,https://github.com/eclipse-ee4j/tyrus, d86e0cb0a4f26ba89daf8668137c156e57fea565,./tests/e2e/non-deployable/, ServerExecutorsManagementTest,testExecutorServicesGetClosed,test pass, mar 9 giu 2020, 15:30:00, CEST,mar 9 giu 2020, 15:30:04, CEST
tyrus,https://github.com/eclipse-ee4j/tyrus, d86e0cb0a4f26ba89daf8668137c156e57fea565,./tests/e2e/non-deployable/, ServerExecutorsManagementTest,testExecutorServicesGetClosed,test pass, mar 9 giu 2020, 15:30:04, CEST,mar 9 giu 2020, 15:30:09, CEST
tyrus,https://github.com/eclipse-ee4j/tyrus, d86e0cb0a4f26ba89daf8668137c156e57fea565,./tests/e2e/non-deployable/, ServerExecutorsManagementTest,testExecutorServicesGetClosed,test pass, mar 9 giu 2020, 15:30:09, CEST,mar 9 giu 2020, 15:30:14, CEST
tyrus,https://github.com/eclipse-ee4j/tyrus, d86e0cb0a4f26ba89daf8668137c156e57fea565,./tests/e2e/non-deployable/, ServerExecutorsManagementTest,testExecutorServicesGetClosed,test pass, mar 9 giu 2020, 15:30:14, CEST,mar 9 giu 2020, 15:30:19, CEST
tyrus,https://github.com/eclipse-ee4j/tyrus, d86e0cb0a4f26ba89daf8668137c156e57fea565,./tests/e2e/non-deployable/, ServerExecutorsManagementTest,testExecutorServicesGetClosed,test pass, mar 9 giu 2020, 15:30:19, CEST,mar 9 giu 2020, 15:30:23, CEST
tyrus,https://github.com/eclipse-ee4j/tyrus, d86e0cb0a4f26ba89daf8668137c156e57fea565,./tests/e2e/non-deployable/, ServerExecutorsManagementTest,testExecutorServicesGetClosed,test pass, mar 9 giu 2020, 15:30:23, CEST,mar 9 giu 2020, 15:30:28, CEST
tyrus,https://github.com/eclipse-ee4j/tyrus, d86e0cb0a4f26ba89daf8668137c156e57fea565,./tests/e2e/non-deployable/, ServerExecutorsManagementTest,testExecutorServicesGetClosed,test pass, mar 9 giu 2020, 15:30:28, CEST,mar 9 giu 2020, 15:30:33, CEST
tyrus,https://github.com/eclipse-ee4j/tyrus, d86e0cb0a4f26ba89daf8668137c156e57fea565,./tests/e2e/non-deployable/, ServerExecutorsManagementTest,testExecutorServicesGetClosed,test pass, mar 9 giu 2020, 15:30:33, CEST,mar 9 giu 2020, 15:30:38, CEST
tyrus,https://github.com/eclipse-ee4j/tyrus, d86e0cb0a4f26ba89daf8668137c156e57fea565,./tests/e2e/non-deployable/, ServerExecutorsManagementTest,testExecutorServicesGetClosed,test pass, mar 9 giu 2020, 15:30:38, CEST,mar 9 giu 2020, 15:30:42, CEST
tyrus,https://github.com/eclipse-ee4j/tyrus, d86e0cb0a4f26ba89daf8668137c156e57fea565,./tests/e2e/non-deployable/, ServerExecutorsManagementTest,testExecutorServicesGetClosed,test pass, mar 9 giu 2020, 15:30:43, CEST,mar 9 giu 2020, 15:30:47, CEST
tyrus,https://github.com/eclipse-ee4j/tyrus, d86e0cb0a4f26ba89daf8668137c156e57fea565,./tests/e2e/non-deployable/, ServerExecutorsManagementTest,testExecutorServicesGetClosed,test pass, mar 9 giu 2020, 15:30:47, CEST,mar 9 giu 2020, 15:30:52, CEST
tyrus,https://github.com/eclipse-ee4j/tyrus, d86e0cb0a4f26ba89daf8668137c156e57fea565,./tests/e2e/non-deployable/, ServerExecutorsManagementTest,testExecutorServicesGetClosed,test pass, mar 9 giu 2020, 15:30:52, CEST,mar 9 giu 2020, 15:30:57, CEST
tyrus,https://github.com/eclipse-ee4j/tyrus, d86e0cb0a4f26ba89daf8668137c156e57fea565,./tests/e2e/non-deployable/, ServerExecutorsManagementTest,testExecutorServicesGetClosed,test pass, mar 9 giu 2020, 15:30:57, CEST,mar 9 giu 2020, 15:31:01, CEST
tyrus,https://github.com/eclipse-ee4j/tyrus, d86e0cb0a4f26ba89daf8668137c156e57fea565,./tests/e2e/non-deployable/, ServerExecutorsManagementTest,testExecutorServicesGetClosed,test pass, mar 9 giu 2020, 15:31:01, CEST,mar 9 giu 2020, 15:31:06, CEST
tyrus,https://github.com/eclipse-ee4j/tyrus, d86e0cb0a4f26ba89daf8668137c156e57fea565,./tests/e2e/non-deployable/, ServerExecutorsManagementTest,testExecutorServicesGetClosed,test pass, mar 9 giu 2020, 15:31:06, CEST,mar 9 giu 2020, 15:31:10, CEST
tyrus,https://github.com/eclipse-ee4j/tyrus, d86e0cb0a4f26ba89daf8668137c156e57fea565,./tests/e2e/non-deployable/, ServerExecutorsManagementTest,testExecutorServicesGetClosed,test pass, mar 9 giu 2020, 15:31:10, CEST,mar 9 giu 2020, 15:31:14, CEST
tyrus,https://github.com/eclipse-ee4j/tyrus, d86e0cb0a4f26ba89daf8668137c156e57fea565,./tests/e2e/non-deployable/, ServerExecutorsManagementTest,testExecutorServicesGetClosed,test pass, mar 9 giu 2020, 15:31:14, CEST,mar 9 giu 2020, 15:31:19, CEST
tyrus,https://github.com/eclipse-ee4j/tyrus, d86e0cb0a4f26ba89daf8668137c156e57fea565,./tests/e2e/non-deployable/, ServerExecutorsManagementTest,testExecutorServicesGetClosed,test pass, mar 9 giu 2020, 15:31:19, CEST,mar 9 giu 2020, 15:31:23, CEST
tyrus,https://github.com/eclipse-ee4j/tyrus, d86e0cb0a4f26ba89daf8668137c156e57fea565,./tests/e2e/non-deployable/, ServerExecutorsManagementTest,testExecutorServicesGetClosed,test pass, mar 9 giu 2020, 15:31:23, CEST,mar 9 giu 2020, 15:31:27, CEST
