excelastic,https://github.com/codingchili/excelastic, 6bb7884b1e70f9e588d75bdaf132a84f6e896a7a,./, TestWriter,shouldWriteToElasticPort,test pass, mar 9 giu 2020, 13:32:48, CEST,mar 9 giu 2020, 13:32:51, CEST
excelastic,https://github.com/codingchili/excelastic, 6bb7884b1e70f9e588d75bdaf132a84f6e896a7a,./, TestWriter,shouldWriteToElasticPort,test pass, mar 9 giu 2020, 13:32:51, CEST,mar 9 giu 2020, 13:32:53, CEST
excelastic,https://github.com/codingchili/excelastic, 6bb7884b1e70f9e588d75bdaf132a84f6e896a7a,./, TestWriter,shouldWriteToElasticPort,test pass, mar 9 giu 2020, 13:32:53, CEST,mar 9 giu 2020, 13:32:56, CEST
excelastic,https://github.com/codingchili/excelastic, 6bb7884b1e70f9e588d75bdaf132a84f6e896a7a,./, TestWriter,shouldWriteToElasticPort,test pass, mar 9 giu 2020, 13:32:56, CEST,mar 9 giu 2020, 13:32:58, CEST
excelastic,https://github.com/codingchili/excelastic, 6bb7884b1e70f9e588d75bdaf132a84f6e896a7a,./, TestWriter,shouldWriteToElasticPort,test pass, mar 9 giu 2020, 13:32:58, CEST,mar 9 giu 2020, 13:33:01, CEST
excelastic,https://github.com/codingchili/excelastic, 6bb7884b1e70f9e588d75bdaf132a84f6e896a7a,./, TestWriter,shouldWriteToElasticPort,test pass, mar 9 giu 2020, 13:33:01, CEST,mar 9 giu 2020, 13:33:04, CEST
excelastic,https://github.com/codingchili/excelastic, 6bb7884b1e70f9e588d75bdaf132a84f6e896a7a,./, TestWriter,shouldWriteToElasticPort,test pass, mar 9 giu 2020, 13:33:04, CEST,mar 9 giu 2020, 13:33:07, CEST
excelastic,https://github.com/codingchili/excelastic, 6bb7884b1e70f9e588d75bdaf132a84f6e896a7a,./, TestWriter,shouldWriteToElasticPort,test pass, mar 9 giu 2020, 13:33:07, CEST,mar 9 giu 2020, 13:33:09, CEST
excelastic,https://github.com/codingchili/excelastic, 6bb7884b1e70f9e588d75bdaf132a84f6e896a7a,./, TestWriter,shouldWriteToElasticPort,test pass, mar 9 giu 2020, 13:33:09, CEST,mar 9 giu 2020, 13:33:12, CEST
excelastic,https://github.com/codingchili/excelastic, 6bb7884b1e70f9e588d75bdaf132a84f6e896a7a,./, TestWriter,shouldWriteToElasticPort,test pass, mar 9 giu 2020, 13:33:12, CEST,mar 9 giu 2020, 13:33:15, CEST
excelastic,https://github.com/codingchili/excelastic, 6bb7884b1e70f9e588d75bdaf132a84f6e896a7a,./, TestWriter,shouldWriteToElasticPort,test pass, mar 9 giu 2020, 13:33:15, CEST,mar 9 giu 2020, 13:33:18, CEST
excelastic,https://github.com/codingchili/excelastic, 6bb7884b1e70f9e588d75bdaf132a84f6e896a7a,./, TestWriter,shouldWriteToElasticPort,test pass, mar 9 giu 2020, 13:33:18, CEST,mar 9 giu 2020, 13:33:21, CEST
excelastic,https://github.com/codingchili/excelastic, 6bb7884b1e70f9e588d75bdaf132a84f6e896a7a,./, TestWriter,shouldWriteToElasticPort,test pass, mar 9 giu 2020, 13:33:21, CEST,mar 9 giu 2020, 13:33:24, CEST
excelastic,https://github.com/codingchili/excelastic, 6bb7884b1e70f9e588d75bdaf132a84f6e896a7a,./, TestWriter,shouldWriteToElasticPort,test pass, mar 9 giu 2020, 13:33:24, CEST,mar 9 giu 2020, 13:33:27, CEST
excelastic,https://github.com/codingchili/excelastic, 6bb7884b1e70f9e588d75bdaf132a84f6e896a7a,./, TestWriter,shouldWriteToElasticPort,test pass, mar 9 giu 2020, 13:33:27, CEST,mar 9 giu 2020, 13:33:30, CEST
excelastic,https://github.com/codingchili/excelastic, 6bb7884b1e70f9e588d75bdaf132a84f6e896a7a,./, TestWriter,shouldWriteToElasticPort,test pass, mar 9 giu 2020, 13:33:30, CEST,mar 9 giu 2020, 13:33:33, CEST
excelastic,https://github.com/codingchili/excelastic, 6bb7884b1e70f9e588d75bdaf132a84f6e896a7a,./, TestWriter,shouldWriteToElasticPort,test pass, mar 9 giu 2020, 13:33:33, CEST,mar 9 giu 2020, 13:33:36, CEST
excelastic,https://github.com/codingchili/excelastic, 6bb7884b1e70f9e588d75bdaf132a84f6e896a7a,./, TestWriter,shouldWriteToElasticPort,test pass, mar 9 giu 2020, 13:33:36, CEST,mar 9 giu 2020, 13:33:39, CEST
excelastic,https://github.com/codingchili/excelastic, 6bb7884b1e70f9e588d75bdaf132a84f6e896a7a,./, TestWriter,shouldWriteToElasticPort,test pass, mar 9 giu 2020, 13:33:39, CEST,mar 9 giu 2020, 13:33:43, CEST
excelastic,https://github.com/codingchili/excelastic, 6bb7884b1e70f9e588d75bdaf132a84f6e896a7a,./, TestWriter,shouldWriteToElasticPort,test pass, mar 9 giu 2020, 13:33:43, CEST,mar 9 giu 2020, 13:33:46, CEST
excelastic,https://github.com/codingchili/excelastic, 6bb7884b1e70f9e588d75bdaf132a84f6e896a7a,./, TestWriter,shouldWriteToElasticPort,test pass, mar 9 giu 2020, 13:33:46, CEST,mar 9 giu 2020, 13:33:49, CEST
excelastic,https://github.com/codingchili/excelastic, 6bb7884b1e70f9e588d75bdaf132a84f6e896a7a,./, TestWriter,shouldWriteToElasticPort,test pass, mar 9 giu 2020, 13:33:49, CEST,mar 9 giu 2020, 13:33:52, CEST
excelastic,https://github.com/codingchili/excelastic, 6bb7884b1e70f9e588d75bdaf132a84f6e896a7a,./, TestWriter,shouldWriteToElasticPort,test pass, mar 9 giu 2020, 13:33:52, CEST,mar 9 giu 2020, 13:33:55, CEST
excelastic,https://github.com/codingchili/excelastic, 6bb7884b1e70f9e588d75bdaf132a84f6e896a7a,./, TestWriter,shouldWriteToElasticPort,test pass, mar 9 giu 2020, 13:33:55, CEST,mar 9 giu 2020, 13:33:58, CEST
excelastic,https://github.com/codingchili/excelastic, 6bb7884b1e70f9e588d75bdaf132a84f6e896a7a,./, TestWriter,shouldWriteToElasticPort,test pass, mar 9 giu 2020, 13:33:58, CEST,mar 9 giu 2020, 13:34:01, CEST
excelastic,https://github.com/codingchili/excelastic, 6bb7884b1e70f9e588d75bdaf132a84f6e896a7a,./, TestWriter,shouldWriteToElasticPort,test pass, mar 9 giu 2020, 13:34:01, CEST,mar 9 giu 2020, 13:34:04, CEST
excelastic,https://github.com/codingchili/excelastic, 6bb7884b1e70f9e588d75bdaf132a84f6e896a7a,./, TestWriter,shouldWriteToElasticPort,test pass, mar 9 giu 2020, 13:34:04, CEST,mar 9 giu 2020, 13:34:07, CEST
excelastic,https://github.com/codingchili/excelastic, 6bb7884b1e70f9e588d75bdaf132a84f6e896a7a,./, TestWriter,shouldWriteToElasticPort,test pass, mar 9 giu 2020, 13:34:07, CEST,mar 9 giu 2020, 13:34:10, CEST
excelastic,https://github.com/codingchili/excelastic, 6bb7884b1e70f9e588d75bdaf132a84f6e896a7a,./, TestWriter,shouldWriteToElasticPort,test pass, mar 9 giu 2020, 13:34:10, CEST,mar 9 giu 2020, 13:34:13, CEST
excelastic,https://github.com/codingchili/excelastic, 6bb7884b1e70f9e588d75bdaf132a84f6e896a7a,./, TestWriter,shouldWriteToElasticPort,test pass, mar 9 giu 2020, 13:34:13, CEST,mar 9 giu 2020, 13:34:16, CEST
excelastic,https://github.com/codingchili/excelastic, 6bb7884b1e70f9e588d75bdaf132a84f6e896a7a,./, TestWriter,shouldWriteToElasticPort,test pass, mar 9 giu 2020, 13:34:16, CEST,mar 9 giu 2020, 13:34:19, CEST
excelastic,https://github.com/codingchili/excelastic, 6bb7884b1e70f9e588d75bdaf132a84f6e896a7a,./, TestWriter,shouldWriteToElasticPort,test pass, mar 9 giu 2020, 13:34:19, CEST,mar 9 giu 2020, 13:34:22, CEST
excelastic,https://github.com/codingchili/excelastic, 6bb7884b1e70f9e588d75bdaf132a84f6e896a7a,./, TestWriter,shouldWriteToElasticPort,test pass, mar 9 giu 2020, 13:34:22, CEST,mar 9 giu 2020, 13:34:25, CEST
excelastic,https://github.com/codingchili/excelastic, 6bb7884b1e70f9e588d75bdaf132a84f6e896a7a,./, TestWriter,shouldWriteToElasticPort,test pass, mar 9 giu 2020, 13:34:25, CEST,mar 9 giu 2020, 13:34:28, CEST
excelastic,https://github.com/codingchili/excelastic, 6bb7884b1e70f9e588d75bdaf132a84f6e896a7a,./, TestWriter,shouldWriteToElasticPort,test pass, mar 9 giu 2020, 13:34:28, CEST,mar 9 giu 2020, 13:34:32, CEST
excelastic,https://github.com/codingchili/excelastic, 6bb7884b1e70f9e588d75bdaf132a84f6e896a7a,./, TestWriter,shouldWriteToElasticPort,test pass, mar 9 giu 2020, 13:34:32, CEST,mar 9 giu 2020, 13:34:34, CEST
excelastic,https://github.com/codingchili/excelastic, 6bb7884b1e70f9e588d75bdaf132a84f6e896a7a,./, TestWriter,shouldWriteToElasticPort,test pass, mar 9 giu 2020, 13:34:34, CEST,mar 9 giu 2020, 13:34:38, CEST
excelastic,https://github.com/codingchili/excelastic, 6bb7884b1e70f9e588d75bdaf132a84f6e896a7a,./, TestWriter,shouldWriteToElasticPort,test pass, mar 9 giu 2020, 13:34:38, CEST,mar 9 giu 2020, 13:34:41, CEST
excelastic,https://github.com/codingchili/excelastic, 6bb7884b1e70f9e588d75bdaf132a84f6e896a7a,./, TestWriter,shouldWriteToElasticPort,test pass, mar 9 giu 2020, 13:34:41, CEST,mar 9 giu 2020, 13:34:44, CEST
excelastic,https://github.com/codingchili/excelastic, 6bb7884b1e70f9e588d75bdaf132a84f6e896a7a,./, TestWriter,shouldWriteToElasticPort,test pass, mar 9 giu 2020, 13:34:44, CEST,mar 9 giu 2020, 13:34:47, CEST
excelastic,https://github.com/codingchili/excelastic, 6bb7884b1e70f9e588d75bdaf132a84f6e896a7a,./, TestWriter,shouldWriteToElasticPort,test pass, mar 9 giu 2020, 13:34:47, CEST,mar 9 giu 2020, 13:34:50, CEST
excelastic,https://github.com/codingchili/excelastic, 6bb7884b1e70f9e588d75bdaf132a84f6e896a7a,./, TestWriter,shouldWriteToElasticPort,test pass, mar 9 giu 2020, 13:34:50, CEST,mar 9 giu 2020, 13:34:53, CEST
excelastic,https://github.com/codingchili/excelastic, 6bb7884b1e70f9e588d75bdaf132a84f6e896a7a,./, TestWriter,shouldWriteToElasticPort,test pass, mar 9 giu 2020, 13:34:53, CEST,mar 9 giu 2020, 13:34:56, CEST
excelastic,https://github.com/codingchili/excelastic, 6bb7884b1e70f9e588d75bdaf132a84f6e896a7a,./, TestWriter,shouldWriteToElasticPort,test pass, mar 9 giu 2020, 13:34:56, CEST,mar 9 giu 2020, 13:34:59, CEST
excelastic,https://github.com/codingchili/excelastic, 6bb7884b1e70f9e588d75bdaf132a84f6e896a7a,./, TestWriter,shouldWriteToElasticPort,test pass, mar 9 giu 2020, 13:34:59, CEST,mar 9 giu 2020, 13:35:02, CEST
excelastic,https://github.com/codingchili/excelastic, 6bb7884b1e70f9e588d75bdaf132a84f6e896a7a,./, TestWriter,shouldWriteToElasticPort,test pass, mar 9 giu 2020, 13:35:02, CEST,mar 9 giu 2020, 13:35:05, CEST
excelastic,https://github.com/codingchili/excelastic, 6bb7884b1e70f9e588d75bdaf132a84f6e896a7a,./, TestWriter,shouldWriteToElasticPort,test pass, mar 9 giu 2020, 13:35:05, CEST,mar 9 giu 2020, 13:35:08, CEST
excelastic,https://github.com/codingchili/excelastic, 6bb7884b1e70f9e588d75bdaf132a84f6e896a7a,./, TestWriter,shouldWriteToElasticPort,test pass, mar 9 giu 2020, 13:35:08, CEST,mar 9 giu 2020, 13:35:11, CEST
excelastic,https://github.com/codingchili/excelastic, 6bb7884b1e70f9e588d75bdaf132a84f6e896a7a,./, TestWriter,shouldWriteToElasticPort,test pass, mar 9 giu 2020, 13:35:11, CEST,mar 9 giu 2020, 13:35:14, CEST
excelastic,https://github.com/codingchili/excelastic, 6bb7884b1e70f9e588d75bdaf132a84f6e896a7a,./, TestWriter,shouldWriteToElasticPort,test pass, mar 9 giu 2020, 13:35:14, CEST,mar 9 giu 2020, 13:35:17, CEST
excelastic,https://github.com/codingchili/excelastic, 6bb7884b1e70f9e588d75bdaf132a84f6e896a7a,./, TestWriter,shouldWriteToElasticPort,test pass, mar 9 giu 2020, 13:35:17, CEST,mar 9 giu 2020, 13:35:20, CEST
excelastic,https://github.com/codingchili/excelastic, 6bb7884b1e70f9e588d75bdaf132a84f6e896a7a,./, TestWriter,shouldWriteToElasticPort,test pass, mar 9 giu 2020, 13:35:20, CEST,mar 9 giu 2020, 13:35:23, CEST
excelastic,https://github.com/codingchili/excelastic, 6bb7884b1e70f9e588d75bdaf132a84f6e896a7a,./, TestWriter,shouldWriteToElasticPort,test pass, mar 9 giu 2020, 13:35:23, CEST,mar 9 giu 2020, 13:35:26, CEST
excelastic,https://github.com/codingchili/excelastic, 6bb7884b1e70f9e588d75bdaf132a84f6e896a7a,./, TestWriter,shouldWriteToElasticPort,test pass, mar 9 giu 2020, 13:35:26, CEST,mar 9 giu 2020, 13:35:29, CEST
excelastic,https://github.com/codingchili/excelastic, 6bb7884b1e70f9e588d75bdaf132a84f6e896a7a,./, TestWriter,shouldWriteToElasticPort,test pass, mar 9 giu 2020, 13:35:29, CEST,mar 9 giu 2020, 13:35:32, CEST
excelastic,https://github.com/codingchili/excelastic, 6bb7884b1e70f9e588d75bdaf132a84f6e896a7a,./, TestWriter,shouldWriteToElasticPort,test pass, mar 9 giu 2020, 13:35:32, CEST,mar 9 giu 2020, 13:35:36, CEST
excelastic,https://github.com/codingchili/excelastic, 6bb7884b1e70f9e588d75bdaf132a84f6e896a7a,./, TestWriter,shouldWriteToElasticPort,test pass, mar 9 giu 2020, 13:35:36, CEST,mar 9 giu 2020, 13:35:39, CEST
excelastic,https://github.com/codingchili/excelastic, 6bb7884b1e70f9e588d75bdaf132a84f6e896a7a,./, TestWriter,shouldWriteToElasticPort,test pass, mar 9 giu 2020, 13:35:39, CEST,mar 9 giu 2020, 13:35:42, CEST
excelastic,https://github.com/codingchili/excelastic, 6bb7884b1e70f9e588d75bdaf132a84f6e896a7a,./, TestWriter,shouldWriteToElasticPort,test pass, mar 9 giu 2020, 13:35:42, CEST,mar 9 giu 2020, 13:35:45, CEST
excelastic,https://github.com/codingchili/excelastic, 6bb7884b1e70f9e588d75bdaf132a84f6e896a7a,./, TestWriter,shouldWriteToElasticPort,test pass, mar 9 giu 2020, 13:35:45, CEST,mar 9 giu 2020, 13:35:48, CEST
excelastic,https://github.com/codingchili/excelastic, 6bb7884b1e70f9e588d75bdaf132a84f6e896a7a,./, TestWriter,shouldWriteToElasticPort,test pass, mar 9 giu 2020, 13:35:48, CEST,mar 9 giu 2020, 13:35:51, CEST
excelastic,https://github.com/codingchili/excelastic, 6bb7884b1e70f9e588d75bdaf132a84f6e896a7a,./, TestWriter,shouldWriteToElasticPort,test pass, mar 9 giu 2020, 13:35:51, CEST,mar 9 giu 2020, 13:35:54, CEST
excelastic,https://github.com/codingchili/excelastic, 6bb7884b1e70f9e588d75bdaf132a84f6e896a7a,./, TestWriter,shouldWriteToElasticPort,test pass, mar 9 giu 2020, 13:35:54, CEST,mar 9 giu 2020, 13:35:57, CEST
excelastic,https://github.com/codingchili/excelastic, 6bb7884b1e70f9e588d75bdaf132a84f6e896a7a,./, TestWriter,shouldWriteToElasticPort,test pass, mar 9 giu 2020, 13:35:57, CEST,mar 9 giu 2020, 13:36:00, CEST
excelastic,https://github.com/codingchili/excelastic, 6bb7884b1e70f9e588d75bdaf132a84f6e896a7a,./, TestWriter,shouldWriteToElasticPort,test pass, mar 9 giu 2020, 13:36:00, CEST,mar 9 giu 2020, 13:36:03, CEST
excelastic,https://github.com/codingchili/excelastic, 6bb7884b1e70f9e588d75bdaf132a84f6e896a7a,./, TestWriter,shouldWriteToElasticPort,test pass, mar 9 giu 2020, 13:36:03, CEST,mar 9 giu 2020, 13:36:07, CEST
excelastic,https://github.com/codingchili/excelastic, 6bb7884b1e70f9e588d75bdaf132a84f6e896a7a,./, TestWriter,shouldWriteToElasticPort,test pass, mar 9 giu 2020, 13:36:07, CEST,mar 9 giu 2020, 13:36:10, CEST
excelastic,https://github.com/codingchili/excelastic, 6bb7884b1e70f9e588d75bdaf132a84f6e896a7a,./, TestWriter,shouldWriteToElasticPort,test pass, mar 9 giu 2020, 13:36:10, CEST,mar 9 giu 2020, 13:36:13, CEST
excelastic,https://github.com/codingchili/excelastic, 6bb7884b1e70f9e588d75bdaf132a84f6e896a7a,./, TestWriter,shouldWriteToElasticPort,test pass, mar 9 giu 2020, 13:36:13, CEST,mar 9 giu 2020, 13:36:16, CEST
excelastic,https://github.com/codingchili/excelastic, 6bb7884b1e70f9e588d75bdaf132a84f6e896a7a,./, TestWriter,shouldWriteToElasticPort,test pass, mar 9 giu 2020, 13:36:16, CEST,mar 9 giu 2020, 13:36:19, CEST
excelastic,https://github.com/codingchili/excelastic, 6bb7884b1e70f9e588d75bdaf132a84f6e896a7a,./, TestWriter,shouldWriteToElasticPort,test pass, mar 9 giu 2020, 13:36:19, CEST,mar 9 giu 2020, 13:36:22, CEST
excelastic,https://github.com/codingchili/excelastic, 6bb7884b1e70f9e588d75bdaf132a84f6e896a7a,./, TestWriter,shouldWriteToElasticPort,test pass, mar 9 giu 2020, 13:36:22, CEST,mar 9 giu 2020, 13:36:25, CEST
excelastic,https://github.com/codingchili/excelastic, 6bb7884b1e70f9e588d75bdaf132a84f6e896a7a,./, TestWriter,shouldWriteToElasticPort,test pass, mar 9 giu 2020, 13:36:25, CEST,mar 9 giu 2020, 13:36:28, CEST
excelastic,https://github.com/codingchili/excelastic, 6bb7884b1e70f9e588d75bdaf132a84f6e896a7a,./, TestWriter,shouldWriteToElasticPort,test pass, mar 9 giu 2020, 13:36:28, CEST,mar 9 giu 2020, 13:36:32, CEST
excelastic,https://github.com/codingchili/excelastic, 6bb7884b1e70f9e588d75bdaf132a84f6e896a7a,./, TestWriter,shouldWriteToElasticPort,test pass, mar 9 giu 2020, 13:36:32, CEST,mar 9 giu 2020, 13:36:35, CEST
excelastic,https://github.com/codingchili/excelastic, 6bb7884b1e70f9e588d75bdaf132a84f6e896a7a,./, TestWriter,shouldWriteToElasticPort,test pass, mar 9 giu 2020, 13:36:35, CEST,mar 9 giu 2020, 13:36:37, CEST
excelastic,https://github.com/codingchili/excelastic, 6bb7884b1e70f9e588d75bdaf132a84f6e896a7a,./, TestWriter,shouldWriteToElasticPort,test pass, mar 9 giu 2020, 13:36:37, CEST,mar 9 giu 2020, 13:36:40, CEST
excelastic,https://github.com/codingchili/excelastic, 6bb7884b1e70f9e588d75bdaf132a84f6e896a7a,./, TestWriter,shouldWriteToElasticPort,test pass, mar 9 giu 2020, 13:36:40, CEST,mar 9 giu 2020, 13:36:44, CEST
excelastic,https://github.com/codingchili/excelastic, 6bb7884b1e70f9e588d75bdaf132a84f6e896a7a,./, TestWriter,shouldWriteToElasticPort,test pass, mar 9 giu 2020, 13:36:44, CEST,mar 9 giu 2020, 13:36:47, CEST
excelastic,https://github.com/codingchili/excelastic, 6bb7884b1e70f9e588d75bdaf132a84f6e896a7a,./, TestWriter,shouldWriteToElasticPort,test pass, mar 9 giu 2020, 13:36:47, CEST,mar 9 giu 2020, 13:36:50, CEST
excelastic,https://github.com/codingchili/excelastic, 6bb7884b1e70f9e588d75bdaf132a84f6e896a7a,./, TestWriter,shouldWriteToElasticPort,test pass, mar 9 giu 2020, 13:36:50, CEST,mar 9 giu 2020, 13:36:53, CEST
excelastic,https://github.com/codingchili/excelastic, 6bb7884b1e70f9e588d75bdaf132a84f6e896a7a,./, TestWriter,shouldWriteToElasticPort,test pass, mar 9 giu 2020, 13:36:53, CEST,mar 9 giu 2020, 13:36:56, CEST
excelastic,https://github.com/codingchili/excelastic, 6bb7884b1e70f9e588d75bdaf132a84f6e896a7a,./, TestWriter,shouldWriteToElasticPort,test pass, mar 9 giu 2020, 13:36:56, CEST,mar 9 giu 2020, 13:36:59, CEST
excelastic,https://github.com/codingchili/excelastic, 6bb7884b1e70f9e588d75bdaf132a84f6e896a7a,./, TestWriter,shouldWriteToElasticPort,test pass, mar 9 giu 2020, 13:36:59, CEST,mar 9 giu 2020, 13:37:02, CEST
excelastic,https://github.com/codingchili/excelastic, 6bb7884b1e70f9e588d75bdaf132a84f6e896a7a,./, TestWriter,shouldWriteToElasticPort,test pass, mar 9 giu 2020, 13:37:02, CEST,mar 9 giu 2020, 13:37:05, CEST
excelastic,https://github.com/codingchili/excelastic, 6bb7884b1e70f9e588d75bdaf132a84f6e896a7a,./, TestWriter,shouldWriteToElasticPort,test pass, mar 9 giu 2020, 13:37:05, CEST,mar 9 giu 2020, 13:37:08, CEST
excelastic,https://github.com/codingchili/excelastic, 6bb7884b1e70f9e588d75bdaf132a84f6e896a7a,./, TestWriter,shouldWriteToElasticPort,test pass, mar 9 giu 2020, 13:37:08, CEST,mar 9 giu 2020, 13:37:11, CEST
excelastic,https://github.com/codingchili/excelastic, 6bb7884b1e70f9e588d75bdaf132a84f6e896a7a,./, TestWriter,shouldWriteToElasticPort,test pass, mar 9 giu 2020, 13:37:11, CEST,mar 9 giu 2020, 13:37:14, CEST
excelastic,https://github.com/codingchili/excelastic, 6bb7884b1e70f9e588d75bdaf132a84f6e896a7a,./, TestWriter,shouldWriteToElasticPort,test pass, mar 9 giu 2020, 13:37:14, CEST,mar 9 giu 2020, 13:37:17, CEST
excelastic,https://github.com/codingchili/excelastic, 6bb7884b1e70f9e588d75bdaf132a84f6e896a7a,./, TestWriter,shouldWriteToElasticPort,test pass, mar 9 giu 2020, 13:37:17, CEST,mar 9 giu 2020, 13:37:20, CEST
excelastic,https://github.com/codingchili/excelastic, 6bb7884b1e70f9e588d75bdaf132a84f6e896a7a,./, TestWriter,shouldWriteToElasticPort,test pass, mar 9 giu 2020, 13:37:20, CEST,mar 9 giu 2020, 13:37:23, CEST
excelastic,https://github.com/codingchili/excelastic, 6bb7884b1e70f9e588d75bdaf132a84f6e896a7a,./, TestWriter,shouldWriteToElasticPort,test pass, mar 9 giu 2020, 13:37:23, CEST,mar 9 giu 2020, 13:37:26, CEST
excelastic,https://github.com/codingchili/excelastic, 6bb7884b1e70f9e588d75bdaf132a84f6e896a7a,./, TestWriter,shouldWriteToElasticPort,test pass, mar 9 giu 2020, 13:37:26, CEST,mar 9 giu 2020, 13:37:29, CEST
excelastic,https://github.com/codingchili/excelastic, 6bb7884b1e70f9e588d75bdaf132a84f6e896a7a,./, TestWriter,shouldWriteToElasticPort,test pass, mar 9 giu 2020, 13:37:29, CEST,mar 9 giu 2020, 13:37:32, CEST
excelastic,https://github.com/codingchili/excelastic, 6bb7884b1e70f9e588d75bdaf132a84f6e896a7a,./, TestWriter,shouldWriteToElasticPort,test pass, mar 9 giu 2020, 13:37:32, CEST,mar 9 giu 2020, 13:37:35, CEST
excelastic,https://github.com/codingchili/excelastic, 6bb7884b1e70f9e588d75bdaf132a84f6e896a7a,./, TestWriter,shouldWriteToElasticPort,test pass, mar 9 giu 2020, 13:37:35, CEST,mar 9 giu 2020, 13:37:38, CEST
excelastic,https://github.com/codingchili/excelastic, 6bb7884b1e70f9e588d75bdaf132a84f6e896a7a,./, TestWriter,shouldWriteToElasticPort,test pass, mar 9 giu 2020, 13:37:38, CEST,mar 9 giu 2020, 13:37:41, CEST
excelastic,https://github.com/codingchili/excelastic, 6bb7884b1e70f9e588d75bdaf132a84f6e896a7a,./, TestWriter,shouldWriteToElasticPort,test pass, mar 9 giu 2020, 13:37:41, CEST,mar 9 giu 2020, 13:37:44, CEST
excelastic,https://github.com/codingchili/excelastic, 6bb7884b1e70f9e588d75bdaf132a84f6e896a7a,./, TestWriter,shouldWriteToElasticPort,test pass, mar 9 giu 2020, 13:37:44, CEST,mar 9 giu 2020, 13:37:47, CEST
excelastic,https://github.com/codingchili/excelastic, 6bb7884b1e70f9e588d75bdaf132a84f6e896a7a,./, TestWriter,shouldWriteToElasticPort,test pass, mar 9 giu 2020, 13:37:47, CEST,mar 9 giu 2020, 13:37:50, CEST
excelastic,https://github.com/codingchili/excelastic, 6bb7884b1e70f9e588d75bdaf132a84f6e896a7a,./, TestWriter,shouldWriteToElasticPort,test pass, mar 9 giu 2020, 13:37:50, CEST,mar 9 giu 2020, 13:37:53, CEST
excelastic,https://github.com/codingchili/excelastic, 6bb7884b1e70f9e588d75bdaf132a84f6e896a7a,./, TestWriter,shouldWriteToElasticPort,test pass, mar 9 giu 2020, 13:37:53, CEST,mar 9 giu 2020, 13:37:56, CEST
excelastic,https://github.com/codingchili/excelastic, 6bb7884b1e70f9e588d75bdaf132a84f6e896a7a,./, TestWriter,shouldWriteToElasticPort,test pass, mar 9 giu 2020, 13:37:56, CEST,mar 9 giu 2020, 13:37:59, CEST
excelastic,https://github.com/codingchili/excelastic, 6bb7884b1e70f9e588d75bdaf132a84f6e896a7a,./, TestWriter,shouldWriteToElasticPort,test pass, mar 9 giu 2020, 13:37:59, CEST,mar 9 giu 2020, 13:38:02, CEST
excelastic,https://github.com/codingchili/excelastic, 6bb7884b1e70f9e588d75bdaf132a84f6e896a7a,./, TestWriter,shouldWriteToElasticPort,test pass, mar 9 giu 2020, 13:38:02, CEST,mar 9 giu 2020, 13:38:05, CEST
excelastic,https://github.com/codingchili/excelastic, 6bb7884b1e70f9e588d75bdaf132a84f6e896a7a,./, TestWriter,shouldWriteToElasticPort,test pass, mar 9 giu 2020, 13:38:05, CEST,mar 9 giu 2020, 13:38:09, CEST
excelastic,https://github.com/codingchili/excelastic, 6bb7884b1e70f9e588d75bdaf132a84f6e896a7a,./, TestWriter,shouldWriteToElasticPort,test pass, mar 9 giu 2020, 13:38:09, CEST,mar 9 giu 2020, 13:38:12, CEST
excelastic,https://github.com/codingchili/excelastic, 6bb7884b1e70f9e588d75bdaf132a84f6e896a7a,./, TestWriter,shouldWriteToElasticPort,test pass, mar 9 giu 2020, 13:38:12, CEST,mar 9 giu 2020, 13:38:15, CEST
excelastic,https://github.com/codingchili/excelastic, 6bb7884b1e70f9e588d75bdaf132a84f6e896a7a,./, TestWriter,shouldWriteToElasticPort,test pass, mar 9 giu 2020, 13:38:15, CEST,mar 9 giu 2020, 13:38:18, CEST
excelastic,https://github.com/codingchili/excelastic, 6bb7884b1e70f9e588d75bdaf132a84f6e896a7a,./, TestWriter,shouldWriteToElasticPort,test pass, mar 9 giu 2020, 13:38:18, CEST,mar 9 giu 2020, 13:38:21, CEST
excelastic,https://github.com/codingchili/excelastic, 6bb7884b1e70f9e588d75bdaf132a84f6e896a7a,./, TestWriter,shouldWriteToElasticPort,test pass, mar 9 giu 2020, 13:38:21, CEST,mar 9 giu 2020, 13:38:24, CEST
excelastic,https://github.com/codingchili/excelastic, 6bb7884b1e70f9e588d75bdaf132a84f6e896a7a,./, TestWriter,shouldWriteToElasticPort,test pass, mar 9 giu 2020, 13:38:24, CEST,mar 9 giu 2020, 13:38:27, CEST
excelastic,https://github.com/codingchili/excelastic, 6bb7884b1e70f9e588d75bdaf132a84f6e896a7a,./, TestWriter,shouldWriteToElasticPort,test pass, mar 9 giu 2020, 13:38:27, CEST,mar 9 giu 2020, 13:38:30, CEST
excelastic,https://github.com/codingchili/excelastic, 6bb7884b1e70f9e588d75bdaf132a84f6e896a7a,./, TestWriter,shouldWriteToElasticPort,test pass, mar 9 giu 2020, 13:38:30, CEST,mar 9 giu 2020, 13:38:33, CEST
excelastic,https://github.com/codingchili/excelastic, 6bb7884b1e70f9e588d75bdaf132a84f6e896a7a,./, TestWriter,shouldWriteToElasticPort,test pass, mar 9 giu 2020, 13:38:33, CEST,mar 9 giu 2020, 13:38:36, CEST
excelastic,https://github.com/codingchili/excelastic, 6bb7884b1e70f9e588d75bdaf132a84f6e896a7a,./, TestWriter,shouldWriteToElasticPort,test pass, mar 9 giu 2020, 13:38:36, CEST,mar 9 giu 2020, 13:38:39, CEST
excelastic,https://github.com/codingchili/excelastic, 6bb7884b1e70f9e588d75bdaf132a84f6e896a7a,./, TestWriter,shouldWriteToElasticPort,test pass, mar 9 giu 2020, 13:38:39, CEST,mar 9 giu 2020, 13:38:42, CEST
excelastic,https://github.com/codingchili/excelastic, 6bb7884b1e70f9e588d75bdaf132a84f6e896a7a,./, TestWriter,shouldWriteToElasticPort,test pass, mar 9 giu 2020, 13:38:42, CEST,mar 9 giu 2020, 13:38:45, CEST
excelastic,https://github.com/codingchili/excelastic, 6bb7884b1e70f9e588d75bdaf132a84f6e896a7a,./, TestWriter,shouldWriteToElasticPort,test pass, mar 9 giu 2020, 13:38:45, CEST,mar 9 giu 2020, 13:38:48, CEST
excelastic,https://github.com/codingchili/excelastic, 6bb7884b1e70f9e588d75bdaf132a84f6e896a7a,./, TestWriter,shouldWriteToElasticPort,test pass, mar 9 giu 2020, 13:38:48, CEST,mar 9 giu 2020, 13:38:51, CEST
excelastic,https://github.com/codingchili/excelastic, 6bb7884b1e70f9e588d75bdaf132a84f6e896a7a,./, TestWriter,shouldWriteToElasticPort,test pass, mar 9 giu 2020, 13:38:51, CEST,mar 9 giu 2020, 13:38:55, CEST
excelastic,https://github.com/codingchili/excelastic, 6bb7884b1e70f9e588d75bdaf132a84f6e896a7a,./, TestWriter,shouldWriteToElasticPort,test pass, mar 9 giu 2020, 13:38:55, CEST,mar 9 giu 2020, 13:38:58, CEST
excelastic,https://github.com/codingchili/excelastic, 6bb7884b1e70f9e588d75bdaf132a84f6e896a7a,./, TestWriter,shouldWriteToElasticPort,test pass, mar 9 giu 2020, 13:38:58, CEST,mar 9 giu 2020, 13:39:01, CEST
excelastic,https://github.com/codingchili/excelastic, 6bb7884b1e70f9e588d75bdaf132a84f6e896a7a,./, TestWriter,shouldWriteToElasticPort,test pass, mar 9 giu 2020, 13:39:01, CEST,mar 9 giu 2020, 13:39:04, CEST
excelastic,https://github.com/codingchili/excelastic, 6bb7884b1e70f9e588d75bdaf132a84f6e896a7a,./, TestWriter,shouldWriteToElasticPort,test pass, mar 9 giu 2020, 13:39:04, CEST,mar 9 giu 2020, 13:39:07, CEST
excelastic,https://github.com/codingchili/excelastic, 6bb7884b1e70f9e588d75bdaf132a84f6e896a7a,./, TestWriter,shouldWriteToElasticPort,test pass, mar 9 giu 2020, 13:39:07, CEST,mar 9 giu 2020, 13:39:10, CEST
excelastic,https://github.com/codingchili/excelastic, 6bb7884b1e70f9e588d75bdaf132a84f6e896a7a,./, TestWriter,shouldWriteToElasticPort,test pass, mar 9 giu 2020, 13:39:10, CEST,mar 9 giu 2020, 13:39:13, CEST
excelastic,https://github.com/codingchili/excelastic, 6bb7884b1e70f9e588d75bdaf132a84f6e896a7a,./, TestWriter,shouldWriteToElasticPort,test pass, mar 9 giu 2020, 13:39:13, CEST,mar 9 giu 2020, 13:39:16, CEST
excelastic,https://github.com/codingchili/excelastic, 6bb7884b1e70f9e588d75bdaf132a84f6e896a7a,./, TestWriter,shouldWriteToElasticPort,test pass, mar 9 giu 2020, 13:39:16, CEST,mar 9 giu 2020, 13:39:20, CEST
excelastic,https://github.com/codingchili/excelastic, 6bb7884b1e70f9e588d75bdaf132a84f6e896a7a,./, TestWriter,shouldWriteToElasticPort,test pass, mar 9 giu 2020, 13:39:20, CEST,mar 9 giu 2020, 13:39:23, CEST
excelastic,https://github.com/codingchili/excelastic, 6bb7884b1e70f9e588d75bdaf132a84f6e896a7a,./, TestWriter,shouldWriteToElasticPort,test pass, mar 9 giu 2020, 13:39:23, CEST,mar 9 giu 2020, 13:39:25, CEST
excelastic,https://github.com/codingchili/excelastic, 6bb7884b1e70f9e588d75bdaf132a84f6e896a7a,./, TestWriter,shouldWriteToElasticPort,test pass, mar 9 giu 2020, 13:39:25, CEST,mar 9 giu 2020, 13:39:29, CEST
excelastic,https://github.com/codingchili/excelastic, 6bb7884b1e70f9e588d75bdaf132a84f6e896a7a,./, TestWriter,shouldWriteToElasticPort,test pass, mar 9 giu 2020, 13:39:29, CEST,mar 9 giu 2020, 13:39:32, CEST
excelastic,https://github.com/codingchili/excelastic, 6bb7884b1e70f9e588d75bdaf132a84f6e896a7a,./, TestWriter,shouldWriteToElasticPort,test pass, mar 9 giu 2020, 13:39:32, CEST,mar 9 giu 2020, 13:39:35, CEST
excelastic,https://github.com/codingchili/excelastic, 6bb7884b1e70f9e588d75bdaf132a84f6e896a7a,./, TestWriter,shouldWriteToElasticPort,test pass, mar 9 giu 2020, 13:39:35, CEST,mar 9 giu 2020, 13:39:38, CEST
excelastic,https://github.com/codingchili/excelastic, 6bb7884b1e70f9e588d75bdaf132a84f6e896a7a,./, TestWriter,shouldWriteToElasticPort,test pass, mar 9 giu 2020, 13:39:38, CEST,mar 9 giu 2020, 13:39:41, CEST
excelastic,https://github.com/codingchili/excelastic, 6bb7884b1e70f9e588d75bdaf132a84f6e896a7a,./, TestWriter,shouldWriteToElasticPort,test pass, mar 9 giu 2020, 13:39:41, CEST,mar 9 giu 2020, 13:39:44, CEST
excelastic,https://github.com/codingchili/excelastic, 6bb7884b1e70f9e588d75bdaf132a84f6e896a7a,./, TestWriter,shouldWriteToElasticPort,test pass, mar 9 giu 2020, 13:39:44, CEST,mar 9 giu 2020, 13:39:47, CEST
excelastic,https://github.com/codingchili/excelastic, 6bb7884b1e70f9e588d75bdaf132a84f6e896a7a,./, TestWriter,shouldWriteToElasticPort,test pass, mar 9 giu 2020, 13:39:47, CEST,mar 9 giu 2020, 13:39:50, CEST
excelastic,https://github.com/codingchili/excelastic, 6bb7884b1e70f9e588d75bdaf132a84f6e896a7a,./, TestWriter,shouldWriteToElasticPort,test pass, mar 9 giu 2020, 13:39:50, CEST,mar 9 giu 2020, 13:39:53, CEST
excelastic,https://github.com/codingchili/excelastic, 6bb7884b1e70f9e588d75bdaf132a84f6e896a7a,./, TestWriter,shouldWriteToElasticPort,test pass, mar 9 giu 2020, 13:39:53, CEST,mar 9 giu 2020, 13:39:56, CEST
excelastic,https://github.com/codingchili/excelastic, 6bb7884b1e70f9e588d75bdaf132a84f6e896a7a,./, TestWriter,shouldWriteToElasticPort,test pass, mar 9 giu 2020, 13:39:56, CEST,mar 9 giu 2020, 13:39:59, CEST
excelastic,https://github.com/codingchili/excelastic, 6bb7884b1e70f9e588d75bdaf132a84f6e896a7a,./, TestWriter,shouldWriteToElasticPort,test pass, mar 9 giu 2020, 13:39:59, CEST,mar 9 giu 2020, 13:40:03, CEST
excelastic,https://github.com/codingchili/excelastic, 6bb7884b1e70f9e588d75bdaf132a84f6e896a7a,./, TestWriter,shouldWriteToElasticPort,test pass, mar 9 giu 2020, 13:40:03, CEST,mar 9 giu 2020, 13:40:06, CEST
excelastic,https://github.com/codingchili/excelastic, 6bb7884b1e70f9e588d75bdaf132a84f6e896a7a,./, TestWriter,shouldWriteToElasticPort,test pass, mar 9 giu 2020, 13:40:06, CEST,mar 9 giu 2020, 13:40:09, CEST
excelastic,https://github.com/codingchili/excelastic, 6bb7884b1e70f9e588d75bdaf132a84f6e896a7a,./, TestWriter,shouldWriteToElasticPort,test pass, mar 9 giu 2020, 13:40:09, CEST,mar 9 giu 2020, 13:40:12, CEST
excelastic,https://github.com/codingchili/excelastic, 6bb7884b1e70f9e588d75bdaf132a84f6e896a7a,./, TestWriter,shouldWriteToElasticPort,test pass, mar 9 giu 2020, 13:40:12, CEST,mar 9 giu 2020, 13:40:15, CEST
excelastic,https://github.com/codingchili/excelastic, 6bb7884b1e70f9e588d75bdaf132a84f6e896a7a,./, TestWriter,shouldWriteToElasticPort,test pass, mar 9 giu 2020, 13:40:15, CEST,mar 9 giu 2020, 13:40:18, CEST
excelastic,https://github.com/codingchili/excelastic, 6bb7884b1e70f9e588d75bdaf132a84f6e896a7a,./, TestWriter,shouldWriteToElasticPort,test pass, mar 9 giu 2020, 13:40:18, CEST,mar 9 giu 2020, 13:40:21, CEST
excelastic,https://github.com/codingchili/excelastic, 6bb7884b1e70f9e588d75bdaf132a84f6e896a7a,./, TestWriter,shouldWriteToElasticPort,test pass, mar 9 giu 2020, 13:40:21, CEST,mar 9 giu 2020, 13:40:24, CEST
excelastic,https://github.com/codingchili/excelastic, 6bb7884b1e70f9e588d75bdaf132a84f6e896a7a,./, TestWriter,shouldWriteToElasticPort,test pass, mar 9 giu 2020, 13:40:24, CEST,mar 9 giu 2020, 13:40:27, CEST
excelastic,https://github.com/codingchili/excelastic, 6bb7884b1e70f9e588d75bdaf132a84f6e896a7a,./, TestWriter,shouldWriteToElasticPort,test pass, mar 9 giu 2020, 13:40:27, CEST,mar 9 giu 2020, 13:40:30, CEST
excelastic,https://github.com/codingchili/excelastic, 6bb7884b1e70f9e588d75bdaf132a84f6e896a7a,./, TestWriter,shouldWriteToElasticPort,test pass, mar 9 giu 2020, 13:40:30, CEST,mar 9 giu 2020, 13:40:33, CEST
excelastic,https://github.com/codingchili/excelastic, 6bb7884b1e70f9e588d75bdaf132a84f6e896a7a,./, TestWriter,shouldWriteToElasticPort,test pass, mar 9 giu 2020, 13:40:33, CEST,mar 9 giu 2020, 13:40:36, CEST
excelastic,https://github.com/codingchili/excelastic, 6bb7884b1e70f9e588d75bdaf132a84f6e896a7a,./, TestWriter,shouldWriteToElasticPort,test pass, mar 9 giu 2020, 13:40:36, CEST,mar 9 giu 2020, 13:40:39, CEST
excelastic,https://github.com/codingchili/excelastic, 6bb7884b1e70f9e588d75bdaf132a84f6e896a7a,./, TestWriter,shouldWriteToElasticPort,test pass, mar 9 giu 2020, 13:40:39, CEST,mar 9 giu 2020, 13:40:42, CEST
excelastic,https://github.com/codingchili/excelastic, 6bb7884b1e70f9e588d75bdaf132a84f6e896a7a,./, TestWriter,shouldWriteToElasticPort,test pass, mar 9 giu 2020, 13:40:42, CEST,mar 9 giu 2020, 13:40:46, CEST
excelastic,https://github.com/codingchili/excelastic, 6bb7884b1e70f9e588d75bdaf132a84f6e896a7a,./, TestWriter,shouldWriteToElasticPort,test pass, mar 9 giu 2020, 13:40:46, CEST,mar 9 giu 2020, 13:40:49, CEST
excelastic,https://github.com/codingchili/excelastic, 6bb7884b1e70f9e588d75bdaf132a84f6e896a7a,./, TestWriter,shouldWriteToElasticPort,test pass, mar 9 giu 2020, 13:40:49, CEST,mar 9 giu 2020, 13:40:52, CEST
excelastic,https://github.com/codingchili/excelastic, 6bb7884b1e70f9e588d75bdaf132a84f6e896a7a,./, TestWriter,shouldWriteToElasticPort,test pass, mar 9 giu 2020, 13:40:52, CEST,mar 9 giu 2020, 13:40:55, CEST
excelastic,https://github.com/codingchili/excelastic, 6bb7884b1e70f9e588d75bdaf132a84f6e896a7a,./, TestWriter,shouldWriteToElasticPort,test pass, mar 9 giu 2020, 13:40:55, CEST,mar 9 giu 2020, 13:40:58, CEST
excelastic,https://github.com/codingchili/excelastic, 6bb7884b1e70f9e588d75bdaf132a84f6e896a7a,./, TestWriter,shouldWriteToElasticPort,test pass, mar 9 giu 2020, 13:40:58, CEST,mar 9 giu 2020, 13:41:01, CEST
excelastic,https://github.com/codingchili/excelastic, 6bb7884b1e70f9e588d75bdaf132a84f6e896a7a,./, TestWriter,shouldWriteToElasticPort,test pass, mar 9 giu 2020, 13:41:01, CEST,mar 9 giu 2020, 13:41:04, CEST
excelastic,https://github.com/codingchili/excelastic, 6bb7884b1e70f9e588d75bdaf132a84f6e896a7a,./, TestWriter,shouldWriteToElasticPort,test pass, mar 9 giu 2020, 13:41:04, CEST,mar 9 giu 2020, 13:41:07, CEST
excelastic,https://github.com/codingchili/excelastic, 6bb7884b1e70f9e588d75bdaf132a84f6e896a7a,./, TestWriter,shouldWriteToElasticPort,test pass, mar 9 giu 2020, 13:41:07, CEST,mar 9 giu 2020, 13:41:10, CEST
excelastic,https://github.com/codingchili/excelastic, 6bb7884b1e70f9e588d75bdaf132a84f6e896a7a,./, TestWriter,shouldWriteToElasticPort,test pass, mar 9 giu 2020, 13:41:10, CEST,mar 9 giu 2020, 13:41:13, CEST
excelastic,https://github.com/codingchili/excelastic, 6bb7884b1e70f9e588d75bdaf132a84f6e896a7a,./, TestWriter,shouldWriteToElasticPort,test pass, mar 9 giu 2020, 13:41:13, CEST,mar 9 giu 2020, 13:41:17, CEST
excelastic,https://github.com/codingchili/excelastic, 6bb7884b1e70f9e588d75bdaf132a84f6e896a7a,./, TestWriter,shouldWriteToElasticPort,test pass, mar 9 giu 2020, 13:41:17, CEST,mar 9 giu 2020, 13:41:19, CEST
excelastic,https://github.com/codingchili/excelastic, 6bb7884b1e70f9e588d75bdaf132a84f6e896a7a,./, TestWriter,shouldWriteToElasticPort,test pass, mar 9 giu 2020, 13:41:19, CEST,mar 9 giu 2020, 13:41:22, CEST
excelastic,https://github.com/codingchili/excelastic, 6bb7884b1e70f9e588d75bdaf132a84f6e896a7a,./, TestWriter,shouldWriteToElasticPort,test pass, mar 9 giu 2020, 13:41:22, CEST,mar 9 giu 2020, 13:41:26, CEST
excelastic,https://github.com/codingchili/excelastic, 6bb7884b1e70f9e588d75bdaf132a84f6e896a7a,./, TestWriter,shouldWriteToElasticPort,test pass, mar 9 giu 2020, 13:41:26, CEST,mar 9 giu 2020, 13:41:29, CEST
excelastic,https://github.com/codingchili/excelastic, 6bb7884b1e70f9e588d75bdaf132a84f6e896a7a,./, TestWriter,shouldWriteToElasticPort,test pass, mar 9 giu 2020, 13:41:29, CEST,mar 9 giu 2020, 13:41:32, CEST
excelastic,https://github.com/codingchili/excelastic, 6bb7884b1e70f9e588d75bdaf132a84f6e896a7a,./, TestWriter,shouldWriteToElasticPort,test pass, mar 9 giu 2020, 13:41:32, CEST,mar 9 giu 2020, 13:41:35, CEST
excelastic,https://github.com/codingchili/excelastic, 6bb7884b1e70f9e588d75bdaf132a84f6e896a7a,./, TestWriter,shouldWriteToElasticPort,test pass, mar 9 giu 2020, 13:41:35, CEST,mar 9 giu 2020, 13:41:38, CEST
excelastic,https://github.com/codingchili/excelastic, 6bb7884b1e70f9e588d75bdaf132a84f6e896a7a,./, TestWriter,shouldWriteToElasticPort,test pass, mar 9 giu 2020, 13:41:38, CEST,mar 9 giu 2020, 13:41:41, CEST
excelastic,https://github.com/codingchili/excelastic, 6bb7884b1e70f9e588d75bdaf132a84f6e896a7a,./, TestWriter,shouldWriteToElasticPort,test pass, mar 9 giu 2020, 13:41:41, CEST,mar 9 giu 2020, 13:41:44, CEST
excelastic,https://github.com/codingchili/excelastic, 6bb7884b1e70f9e588d75bdaf132a84f6e896a7a,./, TestWriter,shouldWriteToElasticPort,test pass, mar 9 giu 2020, 13:41:44, CEST,mar 9 giu 2020, 13:41:47, CEST
excelastic,https://github.com/codingchili/excelastic, 6bb7884b1e70f9e588d75bdaf132a84f6e896a7a,./, TestWriter,shouldWriteToElasticPort,test pass, mar 9 giu 2020, 13:41:47, CEST,mar 9 giu 2020, 13:41:50, CEST
excelastic,https://github.com/codingchili/excelastic, 6bb7884b1e70f9e588d75bdaf132a84f6e896a7a,./, TestWriter,shouldWriteToElasticPort,test pass, mar 9 giu 2020, 13:41:50, CEST,mar 9 giu 2020, 13:41:53, CEST
excelastic,https://github.com/codingchili/excelastic, 6bb7884b1e70f9e588d75bdaf132a84f6e896a7a,./, TestWriter,shouldWriteToElasticPort,test pass, mar 9 giu 2020, 13:41:53, CEST,mar 9 giu 2020, 13:41:56, CEST
excelastic,https://github.com/codingchili/excelastic, 6bb7884b1e70f9e588d75bdaf132a84f6e896a7a,./, TestWriter,shouldWriteToElasticPort,test pass, mar 9 giu 2020, 13:41:56, CEST,mar 9 giu 2020, 13:41:59, CEST
excelastic,https://github.com/codingchili/excelastic, 6bb7884b1e70f9e588d75bdaf132a84f6e896a7a,./, TestWriter,shouldWriteToElasticPort,test pass, mar 9 giu 2020, 13:41:59, CEST,mar 9 giu 2020, 13:42:02, CEST
excelastic,https://github.com/codingchili/excelastic, 6bb7884b1e70f9e588d75bdaf132a84f6e896a7a,./, TestWriter,shouldWriteToElasticPort,test pass, mar 9 giu 2020, 13:42:02, CEST,mar 9 giu 2020, 13:42:05, CEST
excelastic,https://github.com/codingchili/excelastic, 6bb7884b1e70f9e588d75bdaf132a84f6e896a7a,./, TestWriter,shouldWriteToElasticPort,test pass, mar 9 giu 2020, 13:42:05, CEST,mar 9 giu 2020, 13:42:08, CEST
excelastic,https://github.com/codingchili/excelastic, 6bb7884b1e70f9e588d75bdaf132a84f6e896a7a,./, TestWriter,shouldWriteToElasticPort,test pass, mar 9 giu 2020, 13:42:08, CEST,mar 9 giu 2020, 13:42:11, CEST
excelastic,https://github.com/codingchili/excelastic, 6bb7884b1e70f9e588d75bdaf132a84f6e896a7a,./, TestWriter,shouldWriteToElasticPort,test pass, mar 9 giu 2020, 13:42:11, CEST,mar 9 giu 2020, 13:42:14, CEST
excelastic,https://github.com/codingchili/excelastic, 6bb7884b1e70f9e588d75bdaf132a84f6e896a7a,./, TestWriter,shouldWriteToElasticPort,test pass, mar 9 giu 2020, 13:42:14, CEST,mar 9 giu 2020, 13:42:17, CEST
excelastic,https://github.com/codingchili/excelastic, 6bb7884b1e70f9e588d75bdaf132a84f6e896a7a,./, TestWriter,shouldWriteToElasticPort,test pass, mar 9 giu 2020, 13:42:17, CEST,mar 9 giu 2020, 13:42:20, CEST
excelastic,https://github.com/codingchili/excelastic, 6bb7884b1e70f9e588d75bdaf132a84f6e896a7a,./, TestWriter,shouldWriteToElasticPort,test pass, mar 9 giu 2020, 13:42:20, CEST,mar 9 giu 2020, 13:42:23, CEST
excelastic,https://github.com/codingchili/excelastic, 6bb7884b1e70f9e588d75bdaf132a84f6e896a7a,./, TestWriter,shouldWriteToElasticPort,test pass, mar 9 giu 2020, 13:42:23, CEST,mar 9 giu 2020, 13:42:27, CEST
excelastic,https://github.com/codingchili/excelastic, 6bb7884b1e70f9e588d75bdaf132a84f6e896a7a,./, TestWriter,shouldWriteToElasticPort,test pass, mar 9 giu 2020, 13:42:27, CEST,mar 9 giu 2020, 13:42:30, CEST
excelastic,https://github.com/codingchili/excelastic, 6bb7884b1e70f9e588d75bdaf132a84f6e896a7a,./, TestWriter,shouldWriteToElasticPort,test pass, mar 9 giu 2020, 13:42:30, CEST,mar 9 giu 2020, 13:42:33, CEST
excelastic,https://github.com/codingchili/excelastic, 6bb7884b1e70f9e588d75bdaf132a84f6e896a7a,./, TestWriter,shouldWriteToElasticPort,test pass, mar 9 giu 2020, 13:42:33, CEST,mar 9 giu 2020, 13:42:36, CEST
excelastic,https://github.com/codingchili/excelastic, 6bb7884b1e70f9e588d75bdaf132a84f6e896a7a,./, TestWriter,shouldWriteToElasticPort,test pass, mar 9 giu 2020, 13:42:36, CEST,mar 9 giu 2020, 13:42:39, CEST
excelastic,https://github.com/codingchili/excelastic, 6bb7884b1e70f9e588d75bdaf132a84f6e896a7a,./, TestWriter,shouldWriteToElasticPort,test pass, mar 9 giu 2020, 13:42:39, CEST,mar 9 giu 2020, 13:42:43, CEST
excelastic,https://github.com/codingchili/excelastic, 6bb7884b1e70f9e588d75bdaf132a84f6e896a7a,./, TestWriter,shouldWriteToElasticPort,test pass, mar 9 giu 2020, 13:42:43, CEST,mar 9 giu 2020, 13:42:46, CEST
excelastic,https://github.com/codingchili/excelastic, 6bb7884b1e70f9e588d75bdaf132a84f6e896a7a,./, TestWriter,shouldWriteToElasticPort,test pass, mar 9 giu 2020, 13:42:46, CEST,mar 9 giu 2020, 13:42:49, CEST
excelastic,https://github.com/codingchili/excelastic, 6bb7884b1e70f9e588d75bdaf132a84f6e896a7a,./, TestWriter,shouldWriteToElasticPort,test pass, mar 9 giu 2020, 13:42:49, CEST,mar 9 giu 2020, 13:42:52, CEST
excelastic,https://github.com/codingchili/excelastic, 6bb7884b1e70f9e588d75bdaf132a84f6e896a7a,./, TestWriter,shouldWriteToElasticPort,test pass, mar 9 giu 2020, 13:42:52, CEST,mar 9 giu 2020, 13:42:55, CEST
excelastic,https://github.com/codingchili/excelastic, 6bb7884b1e70f9e588d75bdaf132a84f6e896a7a,./, TestWriter,shouldWriteToElasticPort,test pass, mar 9 giu 2020, 13:42:55, CEST,mar 9 giu 2020, 13:42:58, CEST
