oozie,https://github.com/apache/oozie.git, 72dfa8906ebab4dcec5bcd4600e5d9d486870968,./core/, TestCoordRerunXCommand,testCoordRerunDate4,test fail, Wed May 13 10:59:09 UTC 2020,Wed May 13 10:59:19 UTC 2020
oozie,https://github.com/apache/oozie.git, 72dfa8906ebab4dcec5bcd4600e5d9d486870968,./core/, TestCoordRerunXCommand,testCoordRerunDate4,test fail, Wed May 13 10:59:19 UTC 2020,Wed May 13 10:59:28 UTC 2020
oozie,https://github.com/apache/oozie.git, 72dfa8906ebab4dcec5bcd4600e5d9d486870968,./core/, TestCoordRerunXCommand,testCoordRerunDate4,test fail, Wed May 13 10:59:28 UTC 2020,Wed May 13 10:59:38 UTC 2020
oozie,https://github.com/apache/oozie.git, 72dfa8906ebab4dcec5bcd4600e5d9d486870968,./core/, TestCoordRerunXCommand,testCoordRerunDate4,test fail, Wed May 13 10:59:38 UTC 2020,Wed May 13 10:59:48 UTC 2020
oozie,https://github.com/apache/oozie.git, 72dfa8906ebab4dcec5bcd4600e5d9d486870968,./core/, TestCoordRerunXCommand,testCoordRerunDate4,test fail, Wed May 13 10:59:48 UTC 2020,Wed May 13 10:59:58 UTC 2020
oozie,https://github.com/apache/oozie.git, 72dfa8906ebab4dcec5bcd4600e5d9d486870968,./core/, TestCoordRerunXCommand,testCoordRerunDate4,test fail, Wed May 13 10:59:58 UTC 2020,Wed May 13 11:00:08 UTC 2020
oozie,https://github.com/apache/oozie.git, 72dfa8906ebab4dcec5bcd4600e5d9d486870968,./core/, TestCoordRerunXCommand,testCoordRerunDate4,test fail, Wed May 13 11:00:08 UTC 2020,Wed May 13 11:00:18 UTC 2020
oozie,https://github.com/apache/oozie.git, 72dfa8906ebab4dcec5bcd4600e5d9d486870968,./core/, TestCoordRerunXCommand,testCoordRerunDate4,test fail, Wed May 13 11:00:18 UTC 2020,Wed May 13 11:00:28 UTC 2020
oozie,https://github.com/apache/oozie.git, 72dfa8906ebab4dcec5bcd4600e5d9d486870968,./core/, TestCoordRerunXCommand,testCoordRerunDate4,test fail, Wed May 13 11:00:28 UTC 2020,Wed May 13 11:00:38 UTC 2020
oozie,https://github.com/apache/oozie.git, 72dfa8906ebab4dcec5bcd4600e5d9d486870968,./core/, TestCoordRerunXCommand,testCoordRerunDate4,test fail, Wed May 13 11:00:38 UTC 2020,Wed May 13 11:00:49 UTC 2020
oozie,https://github.com/apache/oozie.git, 72dfa8906ebab4dcec5bcd4600e5d9d486870968,./core/, TestCoordRerunXCommand,testCoordRerunDate4,test fail, Wed May 13 11:00:49 UTC 2020,Wed May 13 11:00:59 UTC 2020
oozie,https://github.com/apache/oozie.git, 72dfa8906ebab4dcec5bcd4600e5d9d486870968,./core/, TestCoordRerunXCommand,testCoordRerunDate4,test fail, Wed May 13 11:00:59 UTC 2020,Wed May 13 11:01:10 UTC 2020
oozie,https://github.com/apache/oozie.git, 72dfa8906ebab4dcec5bcd4600e5d9d486870968,./core/, TestCoordRerunXCommand,testCoordRerunDate4,test fail, Wed May 13 11:01:10 UTC 2020,Wed May 13 11:01:20 UTC 2020
oozie,https://github.com/apache/oozie.git, 72dfa8906ebab4dcec5bcd4600e5d9d486870968,./core/, TestCoordRerunXCommand,testCoordRerunDate4,test fail, Wed May 13 11:01:20 UTC 2020,Wed May 13 11:01:31 UTC 2020
oozie,https://github.com/apache/oozie.git, 72dfa8906ebab4dcec5bcd4600e5d9d486870968,./core/, TestCoordRerunXCommand,testCoordRerunDate4,test fail, Wed May 13 11:01:31 UTC 2020,Wed May 13 11:01:41 UTC 2020
oozie,https://github.com/apache/oozie.git, 72dfa8906ebab4dcec5bcd4600e5d9d486870968,./core/, TestCoordRerunXCommand,testCoordRerunDate4,test fail, Wed May 13 11:01:41 UTC 2020,Wed May 13 11:01:51 UTC 2020
oozie,https://github.com/apache/oozie.git, 72dfa8906ebab4dcec5bcd4600e5d9d486870968,./core/, TestCoordRerunXCommand,testCoordRerunDate4,test fail, Wed May 13 11:01:51 UTC 2020,Wed May 13 11:02:01 UTC 2020
oozie,https://github.com/apache/oozie.git, 72dfa8906ebab4dcec5bcd4600e5d9d486870968,./core/, TestCoordRerunXCommand,testCoordRerunDate4,test fail, Wed May 13 11:02:01 UTC 2020,Wed May 13 11:02:11 UTC 2020
oozie,https://github.com/apache/oozie.git, 72dfa8906ebab4dcec5bcd4600e5d9d486870968,./core/, TestCoordRerunXCommand,testCoordRerunDate4,test fail, Wed May 13 11:02:11 UTC 2020,Wed May 13 11:02:21 UTC 2020
oozie,https://github.com/apache/oozie.git, 72dfa8906ebab4dcec5bcd4600e5d9d486870968,./core/, TestCoordRerunXCommand,testCoordRerunDate4,test fail, Wed May 13 11:02:21 UTC 2020,Wed May 13 11:02:31 UTC 2020
oozie,https://github.com/apache/oozie.git, 72dfa8906ebab4dcec5bcd4600e5d9d486870968,./core/, TestCoordRerunXCommand,testCoordRerunDate4,test fail, Wed May 13 11:02:31 UTC 2020,Wed May 13 11:02:41 UTC 2020
oozie,https://github.com/apache/oozie.git, 72dfa8906ebab4dcec5bcd4600e5d9d486870968,./core/, TestCoordRerunXCommand,testCoordRerunDate4,test fail, Wed May 13 11:02:41 UTC 2020,Wed May 13 11:02:51 UTC 2020
oozie,https://github.com/apache/oozie.git, 72dfa8906ebab4dcec5bcd4600e5d9d486870968,./core/, TestCoordRerunXCommand,testCoordRerunDate4,test fail, Wed May 13 11:02:51 UTC 2020,Wed May 13 11:03:02 UTC 2020
oozie,https://github.com/apache/oozie.git, 72dfa8906ebab4dcec5bcd4600e5d9d486870968,./core/, TestCoordRerunXCommand,testCoordRerunDate4,test fail, Wed May 13 11:03:02 UTC 2020,Wed May 13 11:03:12 UTC 2020
oozie,https://github.com/apache/oozie.git, 72dfa8906ebab4dcec5bcd4600e5d9d486870968,./core/, TestCoordRerunXCommand,testCoordRerunDate4,test fail, Wed May 13 11:03:12 UTC 2020,Wed May 13 11:03:23 UTC 2020
oozie,https://github.com/apache/oozie.git, 72dfa8906ebab4dcec5bcd4600e5d9d486870968,./core/, TestCoordRerunXCommand,testCoordRerunDate4,test fail, Wed May 13 11:03:23 UTC 2020,Wed May 13 11:03:33 UTC 2020
oozie,https://github.com/apache/oozie.git, 72dfa8906ebab4dcec5bcd4600e5d9d486870968,./core/, TestCoordRerunXCommand,testCoordRerunDate4,test fail, Wed May 13 11:03:33 UTC 2020,Wed May 13 11:03:43 UTC 2020
oozie,https://github.com/apache/oozie.git, 72dfa8906ebab4dcec5bcd4600e5d9d486870968,./core/, TestCoordRerunXCommand,testCoordRerunDate4,test fail, Wed May 13 11:03:43 UTC 2020,Wed May 13 11:03:53 UTC 2020
oozie,https://github.com/apache/oozie.git, 72dfa8906ebab4dcec5bcd4600e5d9d486870968,./core/, TestCoordRerunXCommand,testCoordRerunDate4,test fail, Wed May 13 11:03:53 UTC 2020,Wed May 13 11:04:02 UTC 2020
oozie,https://github.com/apache/oozie.git, 72dfa8906ebab4dcec5bcd4600e5d9d486870968,./core/, TestCoordRerunXCommand,testCoordRerunDate4,test fail, Wed May 13 11:04:02 UTC 2020,Wed May 13 11:04:13 UTC 2020
oozie,https://github.com/apache/oozie.git, 72dfa8906ebab4dcec5bcd4600e5d9d486870968,./core/, TestCoordRerunXCommand,testCoordRerunDate4,test fail, Wed May 13 11:04:13 UTC 2020,Wed May 13 11:04:23 UTC 2020
oozie,https://github.com/apache/oozie.git, 72dfa8906ebab4dcec5bcd4600e5d9d486870968,./core/, TestCoordRerunXCommand,testCoordRerunDate4,test fail, Wed May 13 11:04:23 UTC 2020,Wed May 13 11:04:33 UTC 2020
oozie,https://github.com/apache/oozie.git, 72dfa8906ebab4dcec5bcd4600e5d9d486870968,./core/, TestCoordRerunXCommand,testCoordRerunDate4,test fail, Wed May 13 11:04:33 UTC 2020,Wed May 13 11:04:43 UTC 2020
oozie,https://github.com/apache/oozie.git, 72dfa8906ebab4dcec5bcd4600e5d9d486870968,./core/, TestCoordRerunXCommand,testCoordRerunDate4,test fail, Wed May 13 11:04:43 UTC 2020,Wed May 13 11:04:53 UTC 2020
oozie,https://github.com/apache/oozie.git, 72dfa8906ebab4dcec5bcd4600e5d9d486870968,./core/, TestCoordRerunXCommand,testCoordRerunDate4,test fail, Wed May 13 11:04:53 UTC 2020,Wed May 13 11:05:03 UTC 2020
oozie,https://github.com/apache/oozie.git, 72dfa8906ebab4dcec5bcd4600e5d9d486870968,./core/, TestCoordRerunXCommand,testCoordRerunDate4,test fail, Wed May 13 11:05:03 UTC 2020,Wed May 13 11:05:13 UTC 2020
oozie,https://github.com/apache/oozie.git, 72dfa8906ebab4dcec5bcd4600e5d9d486870968,./core/, TestCoordRerunXCommand,testCoordRerunDate4,test fail, Wed May 13 11:05:13 UTC 2020,Wed May 13 11:05:23 UTC 2020
oozie,https://github.com/apache/oozie.git, 72dfa8906ebab4dcec5bcd4600e5d9d486870968,./core/, TestCoordRerunXCommand,testCoordRerunDate4,test fail, Wed May 13 11:05:23 UTC 2020,Wed May 13 11:05:33 UTC 2020
oozie,https://github.com/apache/oozie.git, 72dfa8906ebab4dcec5bcd4600e5d9d486870968,./core/, TestCoordRerunXCommand,testCoordRerunDate4,test fail, Wed May 13 11:05:33 UTC 2020,Wed May 13 11:05:43 UTC 2020
oozie,https://github.com/apache/oozie.git, 72dfa8906ebab4dcec5bcd4600e5d9d486870968,./core/, TestCoordRerunXCommand,testCoordRerunDate4,test fail, Wed May 13 11:05:43 UTC 2020,Wed May 13 11:05:53 UTC 2020
oozie,https://github.com/apache/oozie.git, 72dfa8906ebab4dcec5bcd4600e5d9d486870968,./core/, TestCoordRerunXCommand,testCoordRerunDate4,test fail, Wed May 13 11:05:53 UTC 2020,Wed May 13 11:06:02 UTC 2020
oozie,https://github.com/apache/oozie.git, 72dfa8906ebab4dcec5bcd4600e5d9d486870968,./core/, TestCoordRerunXCommand,testCoordRerunDate4,test fail, Wed May 13 11:06:02 UTC 2020,Wed May 13 11:06:12 UTC 2020
oozie,https://github.com/apache/oozie.git, 72dfa8906ebab4dcec5bcd4600e5d9d486870968,./core/, TestCoordRerunXCommand,testCoordRerunDate4,test fail, Wed May 13 11:06:12 UTC 2020,Wed May 13 11:06:22 UTC 2020
oozie,https://github.com/apache/oozie.git, 72dfa8906ebab4dcec5bcd4600e5d9d486870968,./core/, TestCoordRerunXCommand,testCoordRerunDate4,test fail, Wed May 13 11:06:22 UTC 2020,Wed May 13 11:06:32 UTC 2020
oozie,https://github.com/apache/oozie.git, 72dfa8906ebab4dcec5bcd4600e5d9d486870968,./core/, TestCoordRerunXCommand,testCoordRerunDate4,test fail, Wed May 13 11:06:32 UTC 2020,Wed May 13 11:06:42 UTC 2020
oozie,https://github.com/apache/oozie.git, 72dfa8906ebab4dcec5bcd4600e5d9d486870968,./core/, TestCoordRerunXCommand,testCoordRerunDate4,test fail, Wed May 13 11:06:42 UTC 2020,Wed May 13 11:06:52 UTC 2020
oozie,https://github.com/apache/oozie.git, 72dfa8906ebab4dcec5bcd4600e5d9d486870968,./core/, TestCoordRerunXCommand,testCoordRerunDate4,test fail, Wed May 13 11:06:52 UTC 2020,Wed May 13 11:07:02 UTC 2020
oozie,https://github.com/apache/oozie.git, 72dfa8906ebab4dcec5bcd4600e5d9d486870968,./core/, TestCoordRerunXCommand,testCoordRerunDate4,test fail, Wed May 13 11:07:02 UTC 2020,Wed May 13 11:07:12 UTC 2020
oozie,https://github.com/apache/oozie.git, 72dfa8906ebab4dcec5bcd4600e5d9d486870968,./core/, TestCoordRerunXCommand,testCoordRerunDate4,test fail, Wed May 13 11:07:12 UTC 2020,Wed May 13 11:07:22 UTC 2020
oozie,https://github.com/apache/oozie.git, 72dfa8906ebab4dcec5bcd4600e5d9d486870968,./core/, TestCoordRerunXCommand,testCoordRerunDate4,test fail, Wed May 13 11:07:22 UTC 2020,Wed May 13 11:07:32 UTC 2020
oozie,https://github.com/apache/oozie.git, 72dfa8906ebab4dcec5bcd4600e5d9d486870968,./core/, TestCoordRerunXCommand,testCoordRerunDate4,test fail, Wed May 13 11:07:32 UTC 2020,Wed May 13 11:07:42 UTC 2020
oozie,https://github.com/apache/oozie.git, 72dfa8906ebab4dcec5bcd4600e5d9d486870968,./core/, TestCoordRerunXCommand,testCoordRerunDate4,test fail, Wed May 13 11:07:42 UTC 2020,Wed May 13 11:07:52 UTC 2020
oozie,https://github.com/apache/oozie.git, 72dfa8906ebab4dcec5bcd4600e5d9d486870968,./core/, TestCoordRerunXCommand,testCoordRerunDate4,test fail, Wed May 13 11:07:52 UTC 2020,Wed May 13 11:08:02 UTC 2020
oozie,https://github.com/apache/oozie.git, 72dfa8906ebab4dcec5bcd4600e5d9d486870968,./core/, TestCoordRerunXCommand,testCoordRerunDate4,test fail, Wed May 13 11:08:02 UTC 2020,Wed May 13 11:08:12 UTC 2020
oozie,https://github.com/apache/oozie.git, 72dfa8906ebab4dcec5bcd4600e5d9d486870968,./core/, TestCoordRerunXCommand,testCoordRerunDate4,test fail, Wed May 13 11:08:12 UTC 2020,Wed May 13 11:08:22 UTC 2020
oozie,https://github.com/apache/oozie.git, 72dfa8906ebab4dcec5bcd4600e5d9d486870968,./core/, TestCoordRerunXCommand,testCoordRerunDate4,test fail, Wed May 13 11:08:22 UTC 2020,Wed May 13 11:08:32 UTC 2020
oozie,https://github.com/apache/oozie.git, 72dfa8906ebab4dcec5bcd4600e5d9d486870968,./core/, TestCoordRerunXCommand,testCoordRerunDate4,test fail, Wed May 13 11:08:32 UTC 2020,Wed May 13 11:08:42 UTC 2020
oozie,https://github.com/apache/oozie.git, 72dfa8906ebab4dcec5bcd4600e5d9d486870968,./core/, TestCoordRerunXCommand,testCoordRerunDate4,test fail, Wed May 13 11:08:42 UTC 2020,Wed May 13 11:08:52 UTC 2020
oozie,https://github.com/apache/oozie.git, 72dfa8906ebab4dcec5bcd4600e5d9d486870968,./core/, TestCoordRerunXCommand,testCoordRerunDate4,test fail, Wed May 13 11:08:52 UTC 2020,Wed May 13 11:09:02 UTC 2020
oozie,https://github.com/apache/oozie.git, 72dfa8906ebab4dcec5bcd4600e5d9d486870968,./core/, TestCoordRerunXCommand,testCoordRerunDate4,test fail, Wed May 13 11:09:02 UTC 2020,Wed May 13 11:09:12 UTC 2020
oozie,https://github.com/apache/oozie.git, 72dfa8906ebab4dcec5bcd4600e5d9d486870968,./core/, TestCoordRerunXCommand,testCoordRerunDate4,test fail, Wed May 13 11:09:12 UTC 2020,Wed May 13 11:09:22 UTC 2020
oozie,https://github.com/apache/oozie.git, 72dfa8906ebab4dcec5bcd4600e5d9d486870968,./core/, TestCoordRerunXCommand,testCoordRerunDate4,test fail, Wed May 13 11:09:22 UTC 2020,Wed May 13 11:09:32 UTC 2020
oozie,https://github.com/apache/oozie.git, 72dfa8906ebab4dcec5bcd4600e5d9d486870968,./core/, TestCoordRerunXCommand,testCoordRerunDate4,test fail, Wed May 13 11:09:32 UTC 2020,Wed May 13 11:09:42 UTC 2020
oozie,https://github.com/apache/oozie.git, 72dfa8906ebab4dcec5bcd4600e5d9d486870968,./core/, TestCoordRerunXCommand,testCoordRerunDate4,test fail, Wed May 13 11:09:42 UTC 2020,Wed May 13 11:09:52 UTC 2020
oozie,https://github.com/apache/oozie.git, 72dfa8906ebab4dcec5bcd4600e5d9d486870968,./core/, TestCoordRerunXCommand,testCoordRerunDate4,test fail, Wed May 13 11:09:52 UTC 2020,Wed May 13 11:10:02 UTC 2020
oozie,https://github.com/apache/oozie.git, 72dfa8906ebab4dcec5bcd4600e5d9d486870968,./core/, TestCoordRerunXCommand,testCoordRerunDate4,test fail, Wed May 13 11:10:02 UTC 2020,Wed May 13 11:10:12 UTC 2020
oozie,https://github.com/apache/oozie.git, 72dfa8906ebab4dcec5bcd4600e5d9d486870968,./core/, TestCoordRerunXCommand,testCoordRerunDate4,test fail, Wed May 13 11:10:12 UTC 2020,Wed May 13 11:10:22 UTC 2020
oozie,https://github.com/apache/oozie.git, 72dfa8906ebab4dcec5bcd4600e5d9d486870968,./core/, TestCoordRerunXCommand,testCoordRerunDate4,test fail, Wed May 13 11:10:22 UTC 2020,Wed May 13 11:10:32 UTC 2020
oozie,https://github.com/apache/oozie.git, 72dfa8906ebab4dcec5bcd4600e5d9d486870968,./core/, TestCoordRerunXCommand,testCoordRerunDate4,test fail, Wed May 13 11:10:32 UTC 2020,Wed May 13 11:10:42 UTC 2020
oozie,https://github.com/apache/oozie.git, 72dfa8906ebab4dcec5bcd4600e5d9d486870968,./core/, TestCoordRerunXCommand,testCoordRerunDate4,test fail, Wed May 13 11:10:42 UTC 2020,Wed May 13 11:10:53 UTC 2020
oozie,https://github.com/apache/oozie.git, 72dfa8906ebab4dcec5bcd4600e5d9d486870968,./core/, TestCoordRerunXCommand,testCoordRerunDate4,test fail, Wed May 13 11:10:53 UTC 2020,Wed May 13 11:11:03 UTC 2020
oozie,https://github.com/apache/oozie.git, 72dfa8906ebab4dcec5bcd4600e5d9d486870968,./core/, TestCoordRerunXCommand,testCoordRerunDate4,test fail, Wed May 13 11:11:03 UTC 2020,Wed May 13 11:11:13 UTC 2020
oozie,https://github.com/apache/oozie.git, 72dfa8906ebab4dcec5bcd4600e5d9d486870968,./core/, TestCoordRerunXCommand,testCoordRerunDate4,test fail, Wed May 13 11:11:13 UTC 2020,Wed May 13 11:11:23 UTC 2020
oozie,https://github.com/apache/oozie.git, 72dfa8906ebab4dcec5bcd4600e5d9d486870968,./core/, TestCoordRerunXCommand,testCoordRerunDate4,test fail, Wed May 13 11:11:23 UTC 2020,Wed May 13 11:11:33 UTC 2020
oozie,https://github.com/apache/oozie.git, 72dfa8906ebab4dcec5bcd4600e5d9d486870968,./core/, TestCoordRerunXCommand,testCoordRerunDate4,test fail, Wed May 13 11:11:33 UTC 2020,Wed May 13 11:11:43 UTC 2020
oozie,https://github.com/apache/oozie.git, 72dfa8906ebab4dcec5bcd4600e5d9d486870968,./core/, TestCoordRerunXCommand,testCoordRerunDate4,test fail, Wed May 13 11:11:43 UTC 2020,Wed May 13 11:11:53 UTC 2020
oozie,https://github.com/apache/oozie.git, 72dfa8906ebab4dcec5bcd4600e5d9d486870968,./core/, TestCoordRerunXCommand,testCoordRerunDate4,test fail, Wed May 13 11:11:53 UTC 2020,Wed May 13 11:12:03 UTC 2020
oozie,https://github.com/apache/oozie.git, 72dfa8906ebab4dcec5bcd4600e5d9d486870968,./core/, TestCoordRerunXCommand,testCoordRerunDate4,test fail, Wed May 13 11:12:03 UTC 2020,Wed May 13 11:12:13 UTC 2020
oozie,https://github.com/apache/oozie.git, 72dfa8906ebab4dcec5bcd4600e5d9d486870968,./core/, TestCoordRerunXCommand,testCoordRerunDate4,test fail, Wed May 13 11:12:13 UTC 2020,Wed May 13 11:12:23 UTC 2020
oozie,https://github.com/apache/oozie.git, 72dfa8906ebab4dcec5bcd4600e5d9d486870968,./core/, TestCoordRerunXCommand,testCoordRerunDate4,test fail, Wed May 13 11:12:23 UTC 2020,Wed May 13 11:12:33 UTC 2020
oozie,https://github.com/apache/oozie.git, 72dfa8906ebab4dcec5bcd4600e5d9d486870968,./core/, TestCoordRerunXCommand,testCoordRerunDate4,test fail, Wed May 13 11:12:34 UTC 2020,Wed May 13 11:12:44 UTC 2020
oozie,https://github.com/apache/oozie.git, 72dfa8906ebab4dcec5bcd4600e5d9d486870968,./core/, TestCoordRerunXCommand,testCoordRerunDate4,test fail, Wed May 13 11:12:44 UTC 2020,Wed May 13 11:12:54 UTC 2020
oozie,https://github.com/apache/oozie.git, 72dfa8906ebab4dcec5bcd4600e5d9d486870968,./core/, TestCoordRerunXCommand,testCoordRerunDate4,test fail, Wed May 13 11:12:54 UTC 2020,Wed May 13 11:13:04 UTC 2020
oozie,https://github.com/apache/oozie.git, 72dfa8906ebab4dcec5bcd4600e5d9d486870968,./core/, TestCoordRerunXCommand,testCoordRerunDate4,test fail, Wed May 13 11:13:04 UTC 2020,Wed May 13 11:13:15 UTC 2020
oozie,https://github.com/apache/oozie.git, 72dfa8906ebab4dcec5bcd4600e5d9d486870968,./core/, TestCoordRerunXCommand,testCoordRerunDate4,test fail, Wed May 13 11:13:15 UTC 2020,Wed May 13 11:13:25 UTC 2020
oozie,https://github.com/apache/oozie.git, 72dfa8906ebab4dcec5bcd4600e5d9d486870968,./core/, TestCoordRerunXCommand,testCoordRerunDate4,test fail, Wed May 13 11:13:25 UTC 2020,Wed May 13 11:13:35 UTC 2020
oozie,https://github.com/apache/oozie.git, 72dfa8906ebab4dcec5bcd4600e5d9d486870968,./core/, TestCoordRerunXCommand,testCoordRerunDate4,test fail, Wed May 13 11:13:35 UTC 2020,Wed May 13 11:13:45 UTC 2020
oozie,https://github.com/apache/oozie.git, 72dfa8906ebab4dcec5bcd4600e5d9d486870968,./core/, TestCoordRerunXCommand,testCoordRerunDate4,test fail, Wed May 13 11:13:45 UTC 2020,Wed May 13 11:13:55 UTC 2020
oozie,https://github.com/apache/oozie.git, 72dfa8906ebab4dcec5bcd4600e5d9d486870968,./core/, TestCoordRerunXCommand,testCoordRerunDate4,test fail, Wed May 13 11:13:55 UTC 2020,Wed May 13 11:14:05 UTC 2020
oozie,https://github.com/apache/oozie.git, 72dfa8906ebab4dcec5bcd4600e5d9d486870968,./core/, TestCoordRerunXCommand,testCoordRerunDate4,test fail, Wed May 13 11:14:05 UTC 2020,Wed May 13 11:14:15 UTC 2020
oozie,https://github.com/apache/oozie.git, 72dfa8906ebab4dcec5bcd4600e5d9d486870968,./core/, TestCoordRerunXCommand,testCoordRerunDate4,test fail, Wed May 13 11:14:15 UTC 2020,Wed May 13 11:14:25 UTC 2020
oozie,https://github.com/apache/oozie.git, 72dfa8906ebab4dcec5bcd4600e5d9d486870968,./core/, TestCoordRerunXCommand,testCoordRerunDate4,test fail, Wed May 13 11:14:25 UTC 2020,Wed May 13 11:14:35 UTC 2020
oozie,https://github.com/apache/oozie.git, 72dfa8906ebab4dcec5bcd4600e5d9d486870968,./core/, TestCoordRerunXCommand,testCoordRerunDate4,test fail, Wed May 13 11:14:35 UTC 2020,Wed May 13 11:14:45 UTC 2020
oozie,https://github.com/apache/oozie.git, 72dfa8906ebab4dcec5bcd4600e5d9d486870968,./core/, TestCoordRerunXCommand,testCoordRerunDate4,test fail, Wed May 13 11:14:45 UTC 2020,Wed May 13 11:14:55 UTC 2020
oozie,https://github.com/apache/oozie.git, 72dfa8906ebab4dcec5bcd4600e5d9d486870968,./core/, TestCoordRerunXCommand,testCoordRerunDate4,test fail, Wed May 13 11:14:55 UTC 2020,Wed May 13 11:15:05 UTC 2020
oozie,https://github.com/apache/oozie.git, 72dfa8906ebab4dcec5bcd4600e5d9d486870968,./core/, TestCoordRerunXCommand,testCoordRerunDate4,test fail, Wed May 13 11:15:05 UTC 2020,Wed May 13 11:15:15 UTC 2020
oozie,https://github.com/apache/oozie.git, 72dfa8906ebab4dcec5bcd4600e5d9d486870968,./core/, TestCoordRerunXCommand,testCoordRerunDate4,test fail, Wed May 13 11:15:15 UTC 2020,Wed May 13 11:15:25 UTC 2020
oozie,https://github.com/apache/oozie.git, 72dfa8906ebab4dcec5bcd4600e5d9d486870968,./core/, TestCoordRerunXCommand,testCoordRerunDate4,test fail, Wed May 13 11:15:25 UTC 2020,Wed May 13 11:15:35 UTC 2020
oozie,https://github.com/apache/oozie.git, 72dfa8906ebab4dcec5bcd4600e5d9d486870968,./core/, TestCoordRerunXCommand,testCoordRerunDate4,test fail, Wed May 13 11:15:35 UTC 2020,Wed May 13 11:15:45 UTC 2020
oozie,https://github.com/apache/oozie.git, 72dfa8906ebab4dcec5bcd4600e5d9d486870968,./core/, TestCoordRerunXCommand,testCoordRerunDate4,test fail, Wed May 13 11:15:45 UTC 2020,Wed May 13 11:15:55 UTC 2020
oozie,https://github.com/apache/oozie.git, 72dfa8906ebab4dcec5bcd4600e5d9d486870968,./core/, TestCoordRerunXCommand,testCoordRerunDate4,test fail, Wed May 13 11:15:55 UTC 2020,Wed May 13 11:16:05 UTC 2020
oozie,https://github.com/apache/oozie.git, 72dfa8906ebab4dcec5bcd4600e5d9d486870968,./core/, TestCoordRerunXCommand,testCoordRerunDate4,test fail, Wed May 13 11:16:05 UTC 2020,Wed May 13 11:16:15 UTC 2020
oozie,https://github.com/apache/oozie.git, 72dfa8906ebab4dcec5bcd4600e5d9d486870968,./core/, TestCoordRerunXCommand,testCoordRerunDate4,test fail, Wed May 13 11:16:15 UTC 2020,Wed May 13 11:16:25 UTC 2020
oozie,https://github.com/apache/oozie.git, 72dfa8906ebab4dcec5bcd4600e5d9d486870968,./core/, TestCoordRerunXCommand,testCoordRerunDate4,test fail, Wed May 13 11:16:25 UTC 2020,Wed May 13 11:16:35 UTC 2020
oozie,https://github.com/apache/oozie.git, 72dfa8906ebab4dcec5bcd4600e5d9d486870968,./core/, TestCoordRerunXCommand,testCoordRerunDate4,test fail, Wed May 13 11:16:35 UTC 2020,Wed May 13 11:16:45 UTC 2020
oozie,https://github.com/apache/oozie.git, 72dfa8906ebab4dcec5bcd4600e5d9d486870968,./core/, TestCoordRerunXCommand,testCoordRerunDate4,test fail, Wed May 13 11:16:45 UTC 2020,Wed May 13 11:16:55 UTC 2020
oozie,https://github.com/apache/oozie.git, 72dfa8906ebab4dcec5bcd4600e5d9d486870968,./core/, TestCoordRerunXCommand,testCoordRerunDate4,test fail, Wed May 13 11:16:55 UTC 2020,Wed May 13 11:17:05 UTC 2020
oozie,https://github.com/apache/oozie.git, 72dfa8906ebab4dcec5bcd4600e5d9d486870968,./core/, TestCoordRerunXCommand,testCoordRerunDate4,test fail, Wed May 13 11:17:05 UTC 2020,Wed May 13 11:17:15 UTC 2020
oozie,https://github.com/apache/oozie.git, 72dfa8906ebab4dcec5bcd4600e5d9d486870968,./core/, TestCoordRerunXCommand,testCoordRerunDate4,test fail, Wed May 13 11:17:15 UTC 2020,Wed May 13 11:17:25 UTC 2020
oozie,https://github.com/apache/oozie.git, 72dfa8906ebab4dcec5bcd4600e5d9d486870968,./core/, TestCoordRerunXCommand,testCoordRerunDate4,test fail, Wed May 13 11:17:25 UTC 2020,Wed May 13 11:17:35 UTC 2020
oozie,https://github.com/apache/oozie.git, 72dfa8906ebab4dcec5bcd4600e5d9d486870968,./core/, TestCoordRerunXCommand,testCoordRerunDate4,test fail, Wed May 13 11:17:35 UTC 2020,Wed May 13 11:17:45 UTC 2020
oozie,https://github.com/apache/oozie.git, 72dfa8906ebab4dcec5bcd4600e5d9d486870968,./core/, TestCoordRerunXCommand,testCoordRerunDate4,test fail, Wed May 13 11:17:45 UTC 2020,Wed May 13 11:17:55 UTC 2020
oozie,https://github.com/apache/oozie.git, 72dfa8906ebab4dcec5bcd4600e5d9d486870968,./core/, TestCoordRerunXCommand,testCoordRerunDate4,test fail, Wed May 13 11:17:55 UTC 2020,Wed May 13 11:18:05 UTC 2020
oozie,https://github.com/apache/oozie.git, 72dfa8906ebab4dcec5bcd4600e5d9d486870968,./core/, TestCoordRerunXCommand,testCoordRerunDate4,test fail, Wed May 13 11:18:05 UTC 2020,Wed May 13 11:18:15 UTC 2020
oozie,https://github.com/apache/oozie.git, 72dfa8906ebab4dcec5bcd4600e5d9d486870968,./core/, TestCoordRerunXCommand,testCoordRerunDate4,test fail, Wed May 13 11:18:15 UTC 2020,Wed May 13 11:18:25 UTC 2020
oozie,https://github.com/apache/oozie.git, 72dfa8906ebab4dcec5bcd4600e5d9d486870968,./core/, TestCoordRerunXCommand,testCoordRerunDate4,test fail, Wed May 13 11:18:25 UTC 2020,Wed May 13 11:18:35 UTC 2020
oozie,https://github.com/apache/oozie.git, 72dfa8906ebab4dcec5bcd4600e5d9d486870968,./core/, TestCoordRerunXCommand,testCoordRerunDate4,test fail, Wed May 13 11:18:35 UTC 2020,Wed May 13 11:18:45 UTC 2020
oozie,https://github.com/apache/oozie.git, 72dfa8906ebab4dcec5bcd4600e5d9d486870968,./core/, TestCoordRerunXCommand,testCoordRerunDate4,test fail, Wed May 13 11:18:45 UTC 2020,Wed May 13 11:18:55 UTC 2020
oozie,https://github.com/apache/oozie.git, 72dfa8906ebab4dcec5bcd4600e5d9d486870968,./core/, TestCoordRerunXCommand,testCoordRerunDate4,test fail, Wed May 13 11:18:55 UTC 2020,Wed May 13 11:19:05 UTC 2020
oozie,https://github.com/apache/oozie.git, 72dfa8906ebab4dcec5bcd4600e5d9d486870968,./core/, TestCoordRerunXCommand,testCoordRerunDate4,test fail, Wed May 13 11:19:05 UTC 2020,Wed May 13 11:19:15 UTC 2020
oozie,https://github.com/apache/oozie.git, 72dfa8906ebab4dcec5bcd4600e5d9d486870968,./core/, TestCoordRerunXCommand,testCoordRerunDate4,test fail, Wed May 13 11:19:15 UTC 2020,Wed May 13 11:19:25 UTC 2020
oozie,https://github.com/apache/oozie.git, 72dfa8906ebab4dcec5bcd4600e5d9d486870968,./core/, TestCoordRerunXCommand,testCoordRerunDate4,test fail, Wed May 13 11:19:25 UTC 2020,Wed May 13 11:19:35 UTC 2020
oozie,https://github.com/apache/oozie.git, 72dfa8906ebab4dcec5bcd4600e5d9d486870968,./core/, TestCoordRerunXCommand,testCoordRerunDate4,test fail, Wed May 13 11:19:35 UTC 2020,Wed May 13 11:19:45 UTC 2020
oozie,https://github.com/apache/oozie.git, 72dfa8906ebab4dcec5bcd4600e5d9d486870968,./core/, TestCoordRerunXCommand,testCoordRerunDate4,test fail, Wed May 13 11:19:45 UTC 2020,Wed May 13 11:19:55 UTC 2020
oozie,https://github.com/apache/oozie.git, 72dfa8906ebab4dcec5bcd4600e5d9d486870968,./core/, TestCoordRerunXCommand,testCoordRerunDate4,test fail, Wed May 13 11:19:55 UTC 2020,Wed May 13 11:20:05 UTC 2020
oozie,https://github.com/apache/oozie.git, 72dfa8906ebab4dcec5bcd4600e5d9d486870968,./core/, TestCoordRerunXCommand,testCoordRerunDate4,test fail, Wed May 13 11:20:05 UTC 2020,Wed May 13 11:20:15 UTC 2020
oozie,https://github.com/apache/oozie.git, 72dfa8906ebab4dcec5bcd4600e5d9d486870968,./core/, TestCoordRerunXCommand,testCoordRerunDate4,test fail, Wed May 13 11:20:15 UTC 2020,Wed May 13 11:20:25 UTC 2020
oozie,https://github.com/apache/oozie.git, 72dfa8906ebab4dcec5bcd4600e5d9d486870968,./core/, TestCoordRerunXCommand,testCoordRerunDate4,test fail, Wed May 13 11:20:25 UTC 2020,Wed May 13 11:20:35 UTC 2020
oozie,https://github.com/apache/oozie.git, 72dfa8906ebab4dcec5bcd4600e5d9d486870968,./core/, TestCoordRerunXCommand,testCoordRerunDate4,test fail, Wed May 13 11:20:35 UTC 2020,Wed May 13 11:20:45 UTC 2020
oozie,https://github.com/apache/oozie.git, 72dfa8906ebab4dcec5bcd4600e5d9d486870968,./core/, TestCoordRerunXCommand,testCoordRerunDate4,test fail, Wed May 13 11:20:45 UTC 2020,Wed May 13 11:20:55 UTC 2020
oozie,https://github.com/apache/oozie.git, 72dfa8906ebab4dcec5bcd4600e5d9d486870968,./core/, TestCoordRerunXCommand,testCoordRerunDate4,test fail, Wed May 13 11:20:55 UTC 2020,Wed May 13 11:21:05 UTC 2020
oozie,https://github.com/apache/oozie.git, 72dfa8906ebab4dcec5bcd4600e5d9d486870968,./core/, TestCoordRerunXCommand,testCoordRerunDate4,test fail, Wed May 13 11:21:05 UTC 2020,Wed May 13 11:21:15 UTC 2020
oozie,https://github.com/apache/oozie.git, 72dfa8906ebab4dcec5bcd4600e5d9d486870968,./core/, TestCoordRerunXCommand,testCoordRerunDate4,test fail, Wed May 13 11:21:15 UTC 2020,Wed May 13 11:21:25 UTC 2020
oozie,https://github.com/apache/oozie.git, 72dfa8906ebab4dcec5bcd4600e5d9d486870968,./core/, TestCoordRerunXCommand,testCoordRerunDate4,test fail, Wed May 13 11:21:25 UTC 2020,Wed May 13 11:21:35 UTC 2020
oozie,https://github.com/apache/oozie.git, 72dfa8906ebab4dcec5bcd4600e5d9d486870968,./core/, TestCoordRerunXCommand,testCoordRerunDate4,test fail, Wed May 13 11:21:35 UTC 2020,Wed May 13 11:21:44 UTC 2020
oozie,https://github.com/apache/oozie.git, 72dfa8906ebab4dcec5bcd4600e5d9d486870968,./core/, TestCoordRerunXCommand,testCoordRerunDate4,test fail, Wed May 13 11:21:44 UTC 2020,Wed May 13 11:21:54 UTC 2020
oozie,https://github.com/apache/oozie.git, 72dfa8906ebab4dcec5bcd4600e5d9d486870968,./core/, TestCoordRerunXCommand,testCoordRerunDate4,test fail, Wed May 13 11:21:54 UTC 2020,Wed May 13 11:22:04 UTC 2020
oozie,https://github.com/apache/oozie.git, 72dfa8906ebab4dcec5bcd4600e5d9d486870968,./core/, TestCoordRerunXCommand,testCoordRerunDate4,test fail, Wed May 13 11:22:04 UTC 2020,Wed May 13 11:22:14 UTC 2020
oozie,https://github.com/apache/oozie.git, 72dfa8906ebab4dcec5bcd4600e5d9d486870968,./core/, TestCoordRerunXCommand,testCoordRerunDate4,test fail, Wed May 13 11:22:14 UTC 2020,Wed May 13 11:22:24 UTC 2020
oozie,https://github.com/apache/oozie.git, 72dfa8906ebab4dcec5bcd4600e5d9d486870968,./core/, TestCoordRerunXCommand,testCoordRerunDate4,test fail, Wed May 13 11:22:24 UTC 2020,Wed May 13 11:22:34 UTC 2020
oozie,https://github.com/apache/oozie.git, 72dfa8906ebab4dcec5bcd4600e5d9d486870968,./core/, TestCoordRerunXCommand,testCoordRerunDate4,test fail, Wed May 13 11:22:34 UTC 2020,Wed May 13 11:22:44 UTC 2020
oozie,https://github.com/apache/oozie.git, 72dfa8906ebab4dcec5bcd4600e5d9d486870968,./core/, TestCoordRerunXCommand,testCoordRerunDate4,test fail, Wed May 13 11:22:44 UTC 2020,Wed May 13 11:22:54 UTC 2020
oozie,https://github.com/apache/oozie.git, 72dfa8906ebab4dcec5bcd4600e5d9d486870968,./core/, TestCoordRerunXCommand,testCoordRerunDate4,test fail, Wed May 13 11:22:54 UTC 2020,Wed May 13 11:23:04 UTC 2020
oozie,https://github.com/apache/oozie.git, 72dfa8906ebab4dcec5bcd4600e5d9d486870968,./core/, TestCoordRerunXCommand,testCoordRerunDate4,test fail, Wed May 13 11:23:04 UTC 2020,Wed May 13 11:23:15 UTC 2020
oozie,https://github.com/apache/oozie.git, 72dfa8906ebab4dcec5bcd4600e5d9d486870968,./core/, TestCoordRerunXCommand,testCoordRerunDate4,test fail, Wed May 13 11:23:15 UTC 2020,Wed May 13 11:23:25 UTC 2020
oozie,https://github.com/apache/oozie.git, 72dfa8906ebab4dcec5bcd4600e5d9d486870968,./core/, TestCoordRerunXCommand,testCoordRerunDate4,test fail, Wed May 13 11:23:25 UTC 2020,Wed May 13 11:23:36 UTC 2020
oozie,https://github.com/apache/oozie.git, 72dfa8906ebab4dcec5bcd4600e5d9d486870968,./core/, TestCoordRerunXCommand,testCoordRerunDate4,test fail, Wed May 13 11:23:36 UTC 2020,Wed May 13 11:23:46 UTC 2020
oozie,https://github.com/apache/oozie.git, 72dfa8906ebab4dcec5bcd4600e5d9d486870968,./core/, TestCoordRerunXCommand,testCoordRerunDate4,test fail, Wed May 13 11:23:46 UTC 2020,Wed May 13 11:23:56 UTC 2020
oozie,https://github.com/apache/oozie.git, 72dfa8906ebab4dcec5bcd4600e5d9d486870968,./core/, TestCoordRerunXCommand,testCoordRerunDate4,test fail, Wed May 13 11:23:56 UTC 2020,Wed May 13 11:24:06 UTC 2020
oozie,https://github.com/apache/oozie.git, 72dfa8906ebab4dcec5bcd4600e5d9d486870968,./core/, TestCoordRerunXCommand,testCoordRerunDate4,test fail, Wed May 13 11:24:06 UTC 2020,Wed May 13 11:24:15 UTC 2020
oozie,https://github.com/apache/oozie.git, 72dfa8906ebab4dcec5bcd4600e5d9d486870968,./core/, TestCoordRerunXCommand,testCoordRerunDate4,test fail, Wed May 13 11:24:16 UTC 2020,Wed May 13 11:24:25 UTC 2020
oozie,https://github.com/apache/oozie.git, 72dfa8906ebab4dcec5bcd4600e5d9d486870968,./core/, TestCoordRerunXCommand,testCoordRerunDate4,test fail, Wed May 13 11:24:25 UTC 2020,Wed May 13 11:24:35 UTC 2020
oozie,https://github.com/apache/oozie.git, 72dfa8906ebab4dcec5bcd4600e5d9d486870968,./core/, TestCoordRerunXCommand,testCoordRerunDate4,test fail, Wed May 13 11:24:35 UTC 2020,Wed May 13 11:24:45 UTC 2020
oozie,https://github.com/apache/oozie.git, 72dfa8906ebab4dcec5bcd4600e5d9d486870968,./core/, TestCoordRerunXCommand,testCoordRerunDate4,test fail, Wed May 13 11:24:45 UTC 2020,Wed May 13 11:24:55 UTC 2020
oozie,https://github.com/apache/oozie.git, 72dfa8906ebab4dcec5bcd4600e5d9d486870968,./core/, TestCoordRerunXCommand,testCoordRerunDate4,test fail, Wed May 13 11:24:55 UTC 2020,Wed May 13 11:25:05 UTC 2020
oozie,https://github.com/apache/oozie.git, 72dfa8906ebab4dcec5bcd4600e5d9d486870968,./core/, TestCoordRerunXCommand,testCoordRerunDate4,test fail, Wed May 13 11:25:05 UTC 2020,Wed May 13 11:25:15 UTC 2020
oozie,https://github.com/apache/oozie.git, 72dfa8906ebab4dcec5bcd4600e5d9d486870968,./core/, TestCoordRerunXCommand,testCoordRerunDate4,test fail, Wed May 13 11:25:15 UTC 2020,Wed May 13 11:25:25 UTC 2020
oozie,https://github.com/apache/oozie.git, 72dfa8906ebab4dcec5bcd4600e5d9d486870968,./core/, TestCoordRerunXCommand,testCoordRerunDate4,test fail, Wed May 13 11:25:25 UTC 2020,Wed May 13 11:25:35 UTC 2020
oozie,https://github.com/apache/oozie.git, 72dfa8906ebab4dcec5bcd4600e5d9d486870968,./core/, TestCoordRerunXCommand,testCoordRerunDate4,test fail, Wed May 13 11:25:35 UTC 2020,Wed May 13 11:25:46 UTC 2020
oozie,https://github.com/apache/oozie.git, 72dfa8906ebab4dcec5bcd4600e5d9d486870968,./core/, TestCoordRerunXCommand,testCoordRerunDate4,test fail, Wed May 13 11:25:46 UTC 2020,Wed May 13 11:25:56 UTC 2020
oozie,https://github.com/apache/oozie.git, 72dfa8906ebab4dcec5bcd4600e5d9d486870968,./core/, TestCoordRerunXCommand,testCoordRerunDate4,test fail, Wed May 13 11:25:56 UTC 2020,Wed May 13 11:26:06 UTC 2020
oozie,https://github.com/apache/oozie.git, 72dfa8906ebab4dcec5bcd4600e5d9d486870968,./core/, TestCoordRerunXCommand,testCoordRerunDate4,test fail, Wed May 13 11:26:06 UTC 2020,Wed May 13 11:26:16 UTC 2020
oozie,https://github.com/apache/oozie.git, 72dfa8906ebab4dcec5bcd4600e5d9d486870968,./core/, TestCoordRerunXCommand,testCoordRerunDate4,test fail, Wed May 13 11:26:16 UTC 2020,Wed May 13 11:26:26 UTC 2020
oozie,https://github.com/apache/oozie.git, 72dfa8906ebab4dcec5bcd4600e5d9d486870968,./core/, TestCoordRerunXCommand,testCoordRerunDate4,test fail, Wed May 13 11:26:26 UTC 2020,Wed May 13 11:26:36 UTC 2020
oozie,https://github.com/apache/oozie.git, 72dfa8906ebab4dcec5bcd4600e5d9d486870968,./core/, TestCoordRerunXCommand,testCoordRerunDate4,test fail, Wed May 13 11:26:36 UTC 2020,Wed May 13 11:26:46 UTC 2020
oozie,https://github.com/apache/oozie.git, 72dfa8906ebab4dcec5bcd4600e5d9d486870968,./core/, TestCoordRerunXCommand,testCoordRerunDate4,test fail, Wed May 13 11:26:46 UTC 2020,Wed May 13 11:26:56 UTC 2020
oozie,https://github.com/apache/oozie.git, 72dfa8906ebab4dcec5bcd4600e5d9d486870968,./core/, TestCoordRerunXCommand,testCoordRerunDate4,test fail, Wed May 13 11:26:56 UTC 2020,Wed May 13 11:27:06 UTC 2020
oozie,https://github.com/apache/oozie.git, 72dfa8906ebab4dcec5bcd4600e5d9d486870968,./core/, TestCoordRerunXCommand,testCoordRerunDate4,test fail, Wed May 13 11:27:06 UTC 2020,Wed May 13 11:27:16 UTC 2020
oozie,https://github.com/apache/oozie.git, 72dfa8906ebab4dcec5bcd4600e5d9d486870968,./core/, TestCoordRerunXCommand,testCoordRerunDate4,test fail, Wed May 13 11:27:16 UTC 2020,Wed May 13 11:27:26 UTC 2020
oozie,https://github.com/apache/oozie.git, 72dfa8906ebab4dcec5bcd4600e5d9d486870968,./core/, TestCoordRerunXCommand,testCoordRerunDate4,test fail, Wed May 13 11:27:26 UTC 2020,Wed May 13 11:27:36 UTC 2020
oozie,https://github.com/apache/oozie.git, 72dfa8906ebab4dcec5bcd4600e5d9d486870968,./core/, TestCoordRerunXCommand,testCoordRerunDate4,test fail, Wed May 13 11:27:36 UTC 2020,Wed May 13 11:27:46 UTC 2020
oozie,https://github.com/apache/oozie.git, 72dfa8906ebab4dcec5bcd4600e5d9d486870968,./core/, TestCoordRerunXCommand,testCoordRerunDate4,test fail, Wed May 13 11:27:46 UTC 2020,Wed May 13 11:27:56 UTC 2020
oozie,https://github.com/apache/oozie.git, 72dfa8906ebab4dcec5bcd4600e5d9d486870968,./core/, TestCoordRerunXCommand,testCoordRerunDate4,test fail, Wed May 13 11:27:56 UTC 2020,Wed May 13 11:28:06 UTC 2020
oozie,https://github.com/apache/oozie.git, 72dfa8906ebab4dcec5bcd4600e5d9d486870968,./core/, TestCoordRerunXCommand,testCoordRerunDate4,test fail, Wed May 13 11:28:06 UTC 2020,Wed May 13 11:28:16 UTC 2020
oozie,https://github.com/apache/oozie.git, 72dfa8906ebab4dcec5bcd4600e5d9d486870968,./core/, TestCoordRerunXCommand,testCoordRerunDate4,test fail, Wed May 13 11:28:16 UTC 2020,Wed May 13 11:28:26 UTC 2020
oozie,https://github.com/apache/oozie.git, 72dfa8906ebab4dcec5bcd4600e5d9d486870968,./core/, TestCoordRerunXCommand,testCoordRerunDate4,test fail, Wed May 13 11:28:26 UTC 2020,Wed May 13 11:28:36 UTC 2020
oozie,https://github.com/apache/oozie.git, 72dfa8906ebab4dcec5bcd4600e5d9d486870968,./core/, TestCoordRerunXCommand,testCoordRerunDate4,test fail, Wed May 13 11:28:36 UTC 2020,Wed May 13 11:28:46 UTC 2020
oozie,https://github.com/apache/oozie.git, 72dfa8906ebab4dcec5bcd4600e5d9d486870968,./core/, TestCoordRerunXCommand,testCoordRerunDate4,test fail, Wed May 13 11:28:46 UTC 2020,Wed May 13 11:28:56 UTC 2020
oozie,https://github.com/apache/oozie.git, 72dfa8906ebab4dcec5bcd4600e5d9d486870968,./core/, TestCoordRerunXCommand,testCoordRerunDate4,test fail, Wed May 13 11:28:56 UTC 2020,Wed May 13 11:29:06 UTC 2020
oozie,https://github.com/apache/oozie.git, 72dfa8906ebab4dcec5bcd4600e5d9d486870968,./core/, TestCoordRerunXCommand,testCoordRerunDate4,test fail, Wed May 13 11:29:06 UTC 2020,Wed May 13 11:29:16 UTC 2020
oozie,https://github.com/apache/oozie.git, 72dfa8906ebab4dcec5bcd4600e5d9d486870968,./core/, TestCoordRerunXCommand,testCoordRerunDate4,test fail, Wed May 13 11:29:16 UTC 2020,Wed May 13 11:29:27 UTC 2020
oozie,https://github.com/apache/oozie.git, 72dfa8906ebab4dcec5bcd4600e5d9d486870968,./core/, TestCoordRerunXCommand,testCoordRerunDate4,test fail, Wed May 13 11:29:27 UTC 2020,Wed May 13 11:29:37 UTC 2020
oozie,https://github.com/apache/oozie.git, 72dfa8906ebab4dcec5bcd4600e5d9d486870968,./core/, TestCoordRerunXCommand,testCoordRerunDate4,test fail, Wed May 13 11:29:37 UTC 2020,Wed May 13 11:29:48 UTC 2020
oozie,https://github.com/apache/oozie.git, 72dfa8906ebab4dcec5bcd4600e5d9d486870968,./core/, TestCoordRerunXCommand,testCoordRerunDate4,test fail, Wed May 13 11:29:48 UTC 2020,Wed May 13 11:29:57 UTC 2020
oozie,https://github.com/apache/oozie.git, 72dfa8906ebab4dcec5bcd4600e5d9d486870968,./core/, TestCoordRerunXCommand,testCoordRerunDate4,test fail, Wed May 13 11:29:57 UTC 2020,Wed May 13 11:30:07 UTC 2020
oozie,https://github.com/apache/oozie.git, 72dfa8906ebab4dcec5bcd4600e5d9d486870968,./core/, TestCoordRerunXCommand,testCoordRerunDate4,test fail, Wed May 13 11:30:07 UTC 2020,Wed May 13 11:30:17 UTC 2020
oozie,https://github.com/apache/oozie.git, 72dfa8906ebab4dcec5bcd4600e5d9d486870968,./core/, TestCoordRerunXCommand,testCoordRerunDate4,test fail, Wed May 13 11:30:17 UTC 2020,Wed May 13 11:30:27 UTC 2020
oozie,https://github.com/apache/oozie.git, 72dfa8906ebab4dcec5bcd4600e5d9d486870968,./core/, TestCoordRerunXCommand,testCoordRerunDate4,test fail, Wed May 13 11:30:27 UTC 2020,Wed May 13 11:30:37 UTC 2020
oozie,https://github.com/apache/oozie.git, 72dfa8906ebab4dcec5bcd4600e5d9d486870968,./core/, TestCoordRerunXCommand,testCoordRerunDate4,test fail, Wed May 13 11:30:37 UTC 2020,Wed May 13 11:30:47 UTC 2020
oozie,https://github.com/apache/oozie.git, 72dfa8906ebab4dcec5bcd4600e5d9d486870968,./core/, TestCoordRerunXCommand,testCoordRerunDate4,test fail, Wed May 13 11:30:48 UTC 2020,Wed May 13 11:30:57 UTC 2020
oozie,https://github.com/apache/oozie.git, 72dfa8906ebab4dcec5bcd4600e5d9d486870968,./core/, TestCoordRerunXCommand,testCoordRerunDate4,test fail, Wed May 13 11:30:57 UTC 2020,Wed May 13 11:31:07 UTC 2020
oozie,https://github.com/apache/oozie.git, 72dfa8906ebab4dcec5bcd4600e5d9d486870968,./core/, TestCoordRerunXCommand,testCoordRerunDate4,test fail, Wed May 13 11:31:07 UTC 2020,Wed May 13 11:31:17 UTC 2020
oozie,https://github.com/apache/oozie.git, 72dfa8906ebab4dcec5bcd4600e5d9d486870968,./core/, TestCoordRerunXCommand,testCoordRerunDate4,test fail, Wed May 13 11:31:17 UTC 2020,Wed May 13 11:31:27 UTC 2020
oozie,https://github.com/apache/oozie.git, 72dfa8906ebab4dcec5bcd4600e5d9d486870968,./core/, TestCoordRerunXCommand,testCoordRerunDate4,test fail, Wed May 13 11:31:27 UTC 2020,Wed May 13 11:31:37 UTC 2020
oozie,https://github.com/apache/oozie.git, 72dfa8906ebab4dcec5bcd4600e5d9d486870968,./core/, TestCoordRerunXCommand,testCoordRerunDate4,test fail, Wed May 13 11:31:37 UTC 2020,Wed May 13 11:31:47 UTC 2020
oozie,https://github.com/apache/oozie.git, 72dfa8906ebab4dcec5bcd4600e5d9d486870968,./core/, TestCoordRerunXCommand,testCoordRerunDate4,test fail, Wed May 13 11:31:47 UTC 2020,Wed May 13 11:31:57 UTC 2020
oozie,https://github.com/apache/oozie.git, 72dfa8906ebab4dcec5bcd4600e5d9d486870968,./core/, TestCoordRerunXCommand,testCoordRerunDate4,test fail, Wed May 13 11:31:57 UTC 2020,Wed May 13 11:32:07 UTC 2020
oozie,https://github.com/apache/oozie.git, 72dfa8906ebab4dcec5bcd4600e5d9d486870968,./core/, TestCoordRerunXCommand,testCoordRerunDate4,test fail, Wed May 13 11:32:07 UTC 2020,Wed May 13 11:32:18 UTC 2020
oozie,https://github.com/apache/oozie.git, 72dfa8906ebab4dcec5bcd4600e5d9d486870968,./core/, TestCoordRerunXCommand,testCoordRerunDate4,test fail, Wed May 13 11:32:18 UTC 2020,Wed May 13 11:32:28 UTC 2020
oozie,https://github.com/apache/oozie.git, 72dfa8906ebab4dcec5bcd4600e5d9d486870968,./core/, TestCoordRerunXCommand,testCoordRerunDate4,test fail, Wed May 13 11:32:28 UTC 2020,Wed May 13 11:32:38 UTC 2020
oozie,https://github.com/apache/oozie.git, 72dfa8906ebab4dcec5bcd4600e5d9d486870968,./core/, TestCoordRerunXCommand,testCoordRerunDate4,test fail, Wed May 13 11:32:38 UTC 2020,Wed May 13 11:32:48 UTC 2020
oozie,https://github.com/apache/oozie.git, 72dfa8906ebab4dcec5bcd4600e5d9d486870968,./core/, TestCoordRerunXCommand,testCoordRerunDate4,test fail, Wed May 13 11:32:48 UTC 2020,Wed May 13 11:32:58 UTC 2020
oozie,https://github.com/apache/oozie.git, 72dfa8906ebab4dcec5bcd4600e5d9d486870968,./core/, TestCoordRerunXCommand,testCoordRerunDate4,test fail, Wed May 13 11:32:58 UTC 2020,Wed May 13 11:33:08 UTC 2020
oozie,https://github.com/apache/oozie.git, 72dfa8906ebab4dcec5bcd4600e5d9d486870968,./core/, TestCoordRerunXCommand,testCoordRerunDate4,test fail, Wed May 13 11:33:08 UTC 2020,Wed May 13 11:33:18 UTC 2020
oozie,https://github.com/apache/oozie.git, 72dfa8906ebab4dcec5bcd4600e5d9d486870968,./core/, TestCoordRerunXCommand,testCoordRerunDate4,test fail, Wed May 13 11:33:18 UTC 2020,Wed May 13 11:33:28 UTC 2020
oozie,https://github.com/apache/oozie.git, 72dfa8906ebab4dcec5bcd4600e5d9d486870968,./core/, TestCoordRerunXCommand,testCoordRerunDate4,test fail, Wed May 13 11:33:28 UTC 2020,Wed May 13 11:33:38 UTC 2020
oozie,https://github.com/apache/oozie.git, 72dfa8906ebab4dcec5bcd4600e5d9d486870968,./core/, TestCoordRerunXCommand,testCoordRerunDate4,test fail, Wed May 13 11:33:38 UTC 2020,Wed May 13 11:33:48 UTC 2020
oozie,https://github.com/apache/oozie.git, 72dfa8906ebab4dcec5bcd4600e5d9d486870968,./core/, TestCoordRerunXCommand,testCoordRerunDate4,test fail, Wed May 13 11:33:48 UTC 2020,Wed May 13 11:33:59 UTC 2020
oozie,https://github.com/apache/oozie.git, 72dfa8906ebab4dcec5bcd4600e5d9d486870968,./core/, TestCoordRerunXCommand,testCoordRerunDate4,test fail, Wed May 13 11:33:59 UTC 2020,Wed May 13 11:34:09 UTC 2020
oozie,https://github.com/apache/oozie.git, 72dfa8906ebab4dcec5bcd4600e5d9d486870968,./core/, TestCoordRerunXCommand,testCoordRerunDate4,test fail, Wed May 13 11:34:09 UTC 2020,Wed May 13 11:34:19 UTC 2020
oozie,https://github.com/apache/oozie.git, 72dfa8906ebab4dcec5bcd4600e5d9d486870968,./core/, TestCoordRerunXCommand,testCoordRerunDate4,test fail, Wed May 13 11:34:19 UTC 2020,Wed May 13 11:34:30 UTC 2020
oozie,https://github.com/apache/oozie.git, 72dfa8906ebab4dcec5bcd4600e5d9d486870968,./core/, TestCoordRerunXCommand,testCoordRerunDate4,test fail, Wed May 13 11:34:30 UTC 2020,Wed May 13 11:34:41 UTC 2020
oozie,https://github.com/apache/oozie.git, 72dfa8906ebab4dcec5bcd4600e5d9d486870968,./core/, TestCoordRerunXCommand,testCoordRerunDate4,test fail, Wed May 13 11:34:41 UTC 2020,Wed May 13 11:34:50 UTC 2020
oozie,https://github.com/apache/oozie.git, 72dfa8906ebab4dcec5bcd4600e5d9d486870968,./core/, TestCoordRerunXCommand,testCoordRerunDate4,test fail, Wed May 13 11:34:50 UTC 2020,Wed May 13 11:35:00 UTC 2020
oozie,https://github.com/apache/oozie.git, 72dfa8906ebab4dcec5bcd4600e5d9d486870968,./core/, TestCoordRerunXCommand,testCoordRerunDate4,test fail, Wed May 13 11:35:00 UTC 2020,Wed May 13 11:35:10 UTC 2020
oozie,https://github.com/apache/oozie.git, 72dfa8906ebab4dcec5bcd4600e5d9d486870968,./core/, TestCoordRerunXCommand,testCoordRerunDate4,test fail, Wed May 13 11:35:10 UTC 2020,Wed May 13 11:35:20 UTC 2020
oozie,https://github.com/apache/oozie.git, 72dfa8906ebab4dcec5bcd4600e5d9d486870968,./core/, TestCoordRerunXCommand,testCoordRerunDate4,test fail, Wed May 13 11:35:20 UTC 2020,Wed May 13 11:35:30 UTC 2020
oozie,https://github.com/apache/oozie.git, 72dfa8906ebab4dcec5bcd4600e5d9d486870968,./core/, TestCoordRerunXCommand,testCoordRerunDate4,test fail, Wed May 13 11:35:30 UTC 2020,Wed May 13 11:35:40 UTC 2020
oozie,https://github.com/apache/oozie.git, 72dfa8906ebab4dcec5bcd4600e5d9d486870968,./core/, TestCoordRerunXCommand,testCoordRerunDate4,test fail, Wed May 13 11:35:40 UTC 2020,Wed May 13 11:35:50 UTC 2020
oozie,https://github.com/apache/oozie.git, 72dfa8906ebab4dcec5bcd4600e5d9d486870968,./core/, TestCoordRerunXCommand,testCoordRerunDate4,test fail, Wed May 13 11:35:50 UTC 2020,Wed May 13 11:36:00 UTC 2020
oozie,https://github.com/apache/oozie.git, 72dfa8906ebab4dcec5bcd4600e5d9d486870968,./core/, TestCoordRerunXCommand,testCoordRerunDate4,test fail, Wed May 13 11:36:00 UTC 2020,Wed May 13 11:36:10 UTC 2020
oozie,https://github.com/apache/oozie.git, 72dfa8906ebab4dcec5bcd4600e5d9d486870968,./core/, TestCoordRerunXCommand,testCoordRerunDate4,test fail, Wed May 13 11:36:10 UTC 2020,Wed May 13 11:36:20 UTC 2020
oozie,https://github.com/apache/oozie.git, 72dfa8906ebab4dcec5bcd4600e5d9d486870968,./core/, TestCoordRerunXCommand,testCoordRerunDate4,test fail, Wed May 13 11:36:20 UTC 2020,Wed May 13 11:36:30 UTC 2020
oozie,https://github.com/apache/oozie.git, 72dfa8906ebab4dcec5bcd4600e5d9d486870968,./core/, TestCoordRerunXCommand,testCoordRerunDate4,test fail, Wed May 13 11:36:30 UTC 2020,Wed May 13 11:36:40 UTC 2020
oozie,https://github.com/apache/oozie.git, 72dfa8906ebab4dcec5bcd4600e5d9d486870968,./core/, TestCoordRerunXCommand,testCoordRerunDate4,test fail, Wed May 13 11:36:40 UTC 2020,Wed May 13 11:36:50 UTC 2020
oozie,https://github.com/apache/oozie.git, 72dfa8906ebab4dcec5bcd4600e5d9d486870968,./core/, TestCoordRerunXCommand,testCoordRerunDate4,test fail, Wed May 13 11:36:50 UTC 2020,Wed May 13 11:36:59 UTC 2020
oozie,https://github.com/apache/oozie.git, 72dfa8906ebab4dcec5bcd4600e5d9d486870968,./core/, TestCoordRerunXCommand,testCoordRerunDate4,test fail, Wed May 13 11:36:59 UTC 2020,Wed May 13 11:37:09 UTC 2020
oozie,https://github.com/apache/oozie.git, 72dfa8906ebab4dcec5bcd4600e5d9d486870968,./core/, TestCoordRerunXCommand,testCoordRerunDate4,test fail, Wed May 13 11:37:09 UTC 2020,Wed May 13 11:37:20 UTC 2020
oozie,https://github.com/apache/oozie.git, 72dfa8906ebab4dcec5bcd4600e5d9d486870968,./core/, TestCoordRerunXCommand,testCoordRerunDate4,test fail, Wed May 13 11:37:20 UTC 2020,Wed May 13 11:37:29 UTC 2020
oozie,https://github.com/apache/oozie.git, 72dfa8906ebab4dcec5bcd4600e5d9d486870968,./core/, TestCoordRerunXCommand,testCoordRerunDate4,test fail, Wed May 13 11:37:29 UTC 2020,Wed May 13 11:37:39 UTC 2020
oozie,https://github.com/apache/oozie.git, 72dfa8906ebab4dcec5bcd4600e5d9d486870968,./core/, TestCoordRerunXCommand,testCoordRerunDate4,test fail, Wed May 13 11:37:39 UTC 2020,Wed May 13 11:37:49 UTC 2020
oozie,https://github.com/apache/oozie.git, 72dfa8906ebab4dcec5bcd4600e5d9d486870968,./core/, TestCoordRerunXCommand,testCoordRerunDate4,test fail, Wed May 13 11:37:49 UTC 2020,Wed May 13 11:37:59 UTC 2020
oozie,https://github.com/apache/oozie.git, 72dfa8906ebab4dcec5bcd4600e5d9d486870968,./core/, TestCoordRerunXCommand,testCoordRerunDate4,test fail, Wed May 13 11:37:59 UTC 2020,Wed May 13 11:38:09 UTC 2020
oozie,https://github.com/apache/oozie.git, 72dfa8906ebab4dcec5bcd4600e5d9d486870968,./core/, TestCoordRerunXCommand,testCoordRerunDate4,test fail, Wed May 13 11:38:09 UTC 2020,Wed May 13 11:38:19 UTC 2020
oozie,https://github.com/apache/oozie.git, 72dfa8906ebab4dcec5bcd4600e5d9d486870968,./core/, TestCoordRerunXCommand,testCoordRerunDate4,test fail, Wed May 13 11:38:19 UTC 2020,Wed May 13 11:38:29 UTC 2020
oozie,https://github.com/apache/oozie.git, 72dfa8906ebab4dcec5bcd4600e5d9d486870968,./core/, TestCoordRerunXCommand,testCoordRerunDate4,test fail, Wed May 13 11:38:29 UTC 2020,Wed May 13 11:38:39 UTC 2020
oozie,https://github.com/apache/oozie.git, 72dfa8906ebab4dcec5bcd4600e5d9d486870968,./core/, TestCoordRerunXCommand,testCoordRerunDate4,test fail, Wed May 13 11:38:39 UTC 2020,Wed May 13 11:38:50 UTC 2020
oozie,https://github.com/apache/oozie.git, 72dfa8906ebab4dcec5bcd4600e5d9d486870968,./core/, TestCoordRerunXCommand,testCoordRerunDate4,test fail, Wed May 13 11:38:50 UTC 2020,Wed May 13 11:38:59 UTC 2020
oozie,https://github.com/apache/oozie.git, 72dfa8906ebab4dcec5bcd4600e5d9d486870968,./core/, TestCoordRerunXCommand,testCoordRerunDate4,test fail, Wed May 13 11:39:00 UTC 2020,Wed May 13 11:39:10 UTC 2020
oozie,https://github.com/apache/oozie.git, 72dfa8906ebab4dcec5bcd4600e5d9d486870968,./core/, TestCoordRerunXCommand,testCoordRerunDate4,test fail, Wed May 13 11:39:10 UTC 2020,Wed May 13 11:39:19 UTC 2020
oozie,https://github.com/apache/oozie.git, 72dfa8906ebab4dcec5bcd4600e5d9d486870968,./core/, TestCoordRerunXCommand,testCoordRerunDate4,test fail, Wed May 13 11:39:19 UTC 2020,Wed May 13 11:39:30 UTC 2020
oozie,https://github.com/apache/oozie.git, 72dfa8906ebab4dcec5bcd4600e5d9d486870968,./core/, TestCoordRerunXCommand,testCoordRerunDate4,test fail, Wed May 13 11:39:30 UTC 2020,Wed May 13 11:39:40 UTC 2020
oozie,https://github.com/apache/oozie.git, 72dfa8906ebab4dcec5bcd4600e5d9d486870968,./core/, TestCoordRerunXCommand,testCoordRerunDate4,test fail, Wed May 13 11:39:40 UTC 2020,Wed May 13 11:39:50 UTC 2020
oozie,https://github.com/apache/oozie.git, 72dfa8906ebab4dcec5bcd4600e5d9d486870968,./core/, TestCoordRerunXCommand,testCoordRerunDate4,test fail, Wed May 13 11:39:50 UTC 2020,Wed May 13 11:39:59 UTC 2020
oozie,https://github.com/apache/oozie.git, 72dfa8906ebab4dcec5bcd4600e5d9d486870968,./core/, TestCoordRerunXCommand,testCoordRerunDate4,test fail, Wed May 13 11:39:59 UTC 2020,Wed May 13 11:40:10 UTC 2020
oozie,https://github.com/apache/oozie.git, 72dfa8906ebab4dcec5bcd4600e5d9d486870968,./core/, TestCoordRerunXCommand,testCoordRerunDate4,test fail, Wed May 13 11:40:10 UTC 2020,Wed May 13 11:40:20 UTC 2020
oozie,https://github.com/apache/oozie.git, 72dfa8906ebab4dcec5bcd4600e5d9d486870968,./core/, TestCoordRerunXCommand,testCoordRerunDate4,test fail, Wed May 13 11:40:20 UTC 2020,Wed May 13 11:40:31 UTC 2020
oozie,https://github.com/apache/oozie.git, 72dfa8906ebab4dcec5bcd4600e5d9d486870968,./core/, TestCoordRerunXCommand,testCoordRerunDate4,test fail, Wed May 13 11:40:31 UTC 2020,Wed May 13 11:40:41 UTC 2020
oozie,https://github.com/apache/oozie.git, 72dfa8906ebab4dcec5bcd4600e5d9d486870968,./core/, TestCoordRerunXCommand,testCoordRerunDate4,test fail, Wed May 13 11:40:41 UTC 2020,Wed May 13 11:40:51 UTC 2020
oozie,https://github.com/apache/oozie.git, 72dfa8906ebab4dcec5bcd4600e5d9d486870968,./core/, TestCoordRerunXCommand,testCoordRerunDate4,test fail, Wed May 13 11:40:51 UTC 2020,Wed May 13 11:41:01 UTC 2020
oozie,https://github.com/apache/oozie.git, 72dfa8906ebab4dcec5bcd4600e5d9d486870968,./core/, TestCoordRerunXCommand,testCoordRerunDate4,test fail, Wed May 13 11:41:01 UTC 2020,Wed May 13 11:41:11 UTC 2020
oozie,https://github.com/apache/oozie.git, 72dfa8906ebab4dcec5bcd4600e5d9d486870968,./core/, TestCoordRerunXCommand,testCoordRerunDate4,test fail, Wed May 13 11:41:11 UTC 2020,Wed May 13 11:41:21 UTC 2020
oozie,https://github.com/apache/oozie.git, 72dfa8906ebab4dcec5bcd4600e5d9d486870968,./core/, TestCoordRerunXCommand,testCoordRerunDate4,test fail, Wed May 13 11:41:21 UTC 2020,Wed May 13 11:41:32 UTC 2020
oozie,https://github.com/apache/oozie.git, 72dfa8906ebab4dcec5bcd4600e5d9d486870968,./core/, TestCoordRerunXCommand,testCoordRerunDate4,test fail, Wed May 13 11:41:32 UTC 2020,Wed May 13 11:41:42 UTC 2020
oozie,https://github.com/apache/oozie.git, 72dfa8906ebab4dcec5bcd4600e5d9d486870968,./core/, TestCoordRerunXCommand,testCoordRerunDate4,test fail, Wed May 13 11:41:42 UTC 2020,Wed May 13 11:41:52 UTC 2020
oozie,https://github.com/apache/oozie.git, 72dfa8906ebab4dcec5bcd4600e5d9d486870968,./core/, TestCoordRerunXCommand,testCoordRerunDate4,test fail, Wed May 13 11:41:52 UTC 2020,Wed May 13 11:42:02 UTC 2020
oozie,https://github.com/apache/oozie.git, 72dfa8906ebab4dcec5bcd4600e5d9d486870968,./core/, TestCoordRerunXCommand,testCoordRerunDate4,test fail, Wed May 13 11:42:02 UTC 2020,Wed May 13 11:42:12 UTC 2020
oozie,https://github.com/apache/oozie.git, 72dfa8906ebab4dcec5bcd4600e5d9d486870968,./core/, TestCoordRerunXCommand,testCoordRerunDate4,test fail, Wed May 13 11:42:12 UTC 2020,Wed May 13 11:42:22 UTC 2020
oozie,https://github.com/apache/oozie.git, 72dfa8906ebab4dcec5bcd4600e5d9d486870968,./core/, TestCoordRerunXCommand,testCoordRerunDate4,test fail, Wed May 13 11:42:22 UTC 2020,Wed May 13 11:42:32 UTC 2020
oozie,https://github.com/apache/oozie.git, 72dfa8906ebab4dcec5bcd4600e5d9d486870968,./core/, TestCoordRerunXCommand,testCoordRerunDate4,test fail, Wed May 13 11:42:32 UTC 2020,Wed May 13 11:42:42 UTC 2020
oozie,https://github.com/apache/oozie.git, 72dfa8906ebab4dcec5bcd4600e5d9d486870968,./core/, TestCoordRerunXCommand,testCoordRerunDate4,test fail, Wed May 13 11:42:42 UTC 2020,Wed May 13 11:42:52 UTC 2020
oozie,https://github.com/apache/oozie.git, 72dfa8906ebab4dcec5bcd4600e5d9d486870968,./core/, TestCoordRerunXCommand,testCoordRerunDate4,test fail, Wed May 13 11:42:52 UTC 2020,Wed May 13 11:43:02 UTC 2020
oozie,https://github.com/apache/oozie.git, 72dfa8906ebab4dcec5bcd4600e5d9d486870968,./core/, TestCoordRerunXCommand,testCoordRerunDate4,test fail, Wed May 13 11:43:02 UTC 2020,Wed May 13 11:43:12 UTC 2020
oozie,https://github.com/apache/oozie.git, 72dfa8906ebab4dcec5bcd4600e5d9d486870968,./core/, TestCoordRerunXCommand,testCoordRerunDate4,test fail, Wed May 13 11:43:12 UTC 2020,Wed May 13 11:43:22 UTC 2020
oozie,https://github.com/apache/oozie.git, 72dfa8906ebab4dcec5bcd4600e5d9d486870968,./core/, TestCoordRerunXCommand,testCoordRerunDate4,test fail, Wed May 13 11:43:22 UTC 2020,Wed May 13 11:43:32 UTC 2020
oozie,https://github.com/apache/oozie.git, 72dfa8906ebab4dcec5bcd4600e5d9d486870968,./core/, TestCoordRerunXCommand,testCoordRerunDate4,test fail, Wed May 13 11:43:32 UTC 2020,Wed May 13 11:43:42 UTC 2020
oozie,https://github.com/apache/oozie.git, 72dfa8906ebab4dcec5bcd4600e5d9d486870968,./core/, TestCoordRerunXCommand,testCoordRerunDate4,test fail, Wed May 13 11:43:42 UTC 2020,Wed May 13 11:43:52 UTC 2020
oozie,https://github.com/apache/oozie.git, 72dfa8906ebab4dcec5bcd4600e5d9d486870968,./core/, TestCoordRerunXCommand,testCoordRerunDate4,test fail, Wed May 13 11:43:52 UTC 2020,Wed May 13 11:44:02 UTC 2020
oozie,https://github.com/apache/oozie.git, 72dfa8906ebab4dcec5bcd4600e5d9d486870968,./core/, TestCoordRerunXCommand,testCoordRerunDate4,test fail, Wed May 13 11:44:02 UTC 2020,Wed May 13 11:44:12 UTC 2020
oozie,https://github.com/apache/oozie.git, 72dfa8906ebab4dcec5bcd4600e5d9d486870968,./core/, TestCoordRerunXCommand,testCoordRerunDate4,test fail, Wed May 13 11:44:12 UTC 2020,Wed May 13 11:44:22 UTC 2020
oozie,https://github.com/apache/oozie.git, 72dfa8906ebab4dcec5bcd4600e5d9d486870968,./core/, TestCoordRerunXCommand,testCoordRerunDate4,test fail, Wed May 13 11:44:22 UTC 2020,Wed May 13 11:44:33 UTC 2020
oozie,https://github.com/apache/oozie.git, 72dfa8906ebab4dcec5bcd4600e5d9d486870968,./core/, TestCoordRerunXCommand,testCoordRerunDate4,test fail, Wed May 13 11:44:33 UTC 2020,Wed May 13 11:44:43 UTC 2020
oozie,https://github.com/apache/oozie.git, 72dfa8906ebab4dcec5bcd4600e5d9d486870968,./core/, TestCoordRerunXCommand,testCoordRerunDate4,test fail, Wed May 13 11:44:44 UTC 2020,Wed May 13 11:44:54 UTC 2020
oozie,https://github.com/apache/oozie.git, 72dfa8906ebab4dcec5bcd4600e5d9d486870968,./core/, TestCoordRerunXCommand,testCoordRerunDate4,test fail, Wed May 13 11:44:54 UTC 2020,Wed May 13 11:45:04 UTC 2020
oozie,https://github.com/apache/oozie.git, 72dfa8906ebab4dcec5bcd4600e5d9d486870968,./core/, TestCoordRerunXCommand,testCoordRerunDate4,test fail, Wed May 13 11:45:04 UTC 2020,Wed May 13 11:45:14 UTC 2020
oozie,https://github.com/apache/oozie.git, 72dfa8906ebab4dcec5bcd4600e5d9d486870968,./core/, TestCoordRerunXCommand,testCoordRerunDate4,test fail, Wed May 13 11:45:14 UTC 2020,Wed May 13 11:45:24 UTC 2020
oozie,https://github.com/apache/oozie.git, 72dfa8906ebab4dcec5bcd4600e5d9d486870968,./core/, TestCoordRerunXCommand,testCoordRerunDate4,test fail, Wed May 13 11:45:24 UTC 2020,Wed May 13 11:45:34 UTC 2020
oozie,https://github.com/apache/oozie.git, 72dfa8906ebab4dcec5bcd4600e5d9d486870968,./core/, TestCoordRerunXCommand,testCoordRerunDate4,test fail, Wed May 13 11:45:34 UTC 2020,Wed May 13 11:45:44 UTC 2020
oozie,https://github.com/apache/oozie.git, 72dfa8906ebab4dcec5bcd4600e5d9d486870968,./core/, TestCoordRerunXCommand,testCoordRerunDate4,test fail, Wed May 13 11:45:44 UTC 2020,Wed May 13 11:45:54 UTC 2020
oozie,https://github.com/apache/oozie.git, 72dfa8906ebab4dcec5bcd4600e5d9d486870968,./core/, TestCoordRerunXCommand,testCoordRerunDate4,test fail, Wed May 13 11:45:54 UTC 2020,Wed May 13 11:46:04 UTC 2020
oozie,https://github.com/apache/oozie.git, 72dfa8906ebab4dcec5bcd4600e5d9d486870968,./core/, TestCoordRerunXCommand,testCoordRerunDate4,test fail, Wed May 13 11:46:04 UTC 2020,Wed May 13 11:46:14 UTC 2020
oozie,https://github.com/apache/oozie.git, 72dfa8906ebab4dcec5bcd4600e5d9d486870968,./core/, TestCoordRerunXCommand,testCoordRerunDate4,test fail, Wed May 13 11:46:14 UTC 2020,Wed May 13 11:46:24 UTC 2020
oozie,https://github.com/apache/oozie.git, 72dfa8906ebab4dcec5bcd4600e5d9d486870968,./core/, TestCoordRerunXCommand,testCoordRerunDate4,test fail, Wed May 13 11:46:24 UTC 2020,Wed May 13 11:46:34 UTC 2020
oozie,https://github.com/apache/oozie.git, 72dfa8906ebab4dcec5bcd4600e5d9d486870968,./core/, TestCoordRerunXCommand,testCoordRerunDate4,test fail, Wed May 13 11:46:34 UTC 2020,Wed May 13 11:46:43 UTC 2020
oozie,https://github.com/apache/oozie.git, 72dfa8906ebab4dcec5bcd4600e5d9d486870968,./core/, TestCoordRerunXCommand,testCoordRerunDate4,test fail, Wed May 13 11:46:43 UTC 2020,Wed May 13 11:46:53 UTC 2020
oozie,https://github.com/apache/oozie.git, 72dfa8906ebab4dcec5bcd4600e5d9d486870968,./core/, TestCoordRerunXCommand,testCoordRerunDate4,test fail, Wed May 13 11:46:53 UTC 2020,Wed May 13 11:47:04 UTC 2020
oozie,https://github.com/apache/oozie.git, 72dfa8906ebab4dcec5bcd4600e5d9d486870968,./core/, TestCoordRerunXCommand,testCoordRerunDate4,test fail, Wed May 13 11:47:04 UTC 2020,Wed May 13 11:47:14 UTC 2020
oozie,https://github.com/apache/oozie.git, 72dfa8906ebab4dcec5bcd4600e5d9d486870968,./core/, TestCoordRerunXCommand,testCoordRerunDate4,test fail, Wed May 13 11:47:14 UTC 2020,Wed May 13 11:47:23 UTC 2020
oozie,https://github.com/apache/oozie.git, 72dfa8906ebab4dcec5bcd4600e5d9d486870968,./core/, TestCoordRerunXCommand,testCoordRerunDate4,test fail, Wed May 13 11:47:23 UTC 2020,Wed May 13 11:47:33 UTC 2020
oozie,https://github.com/apache/oozie.git, 72dfa8906ebab4dcec5bcd4600e5d9d486870968,./core/, TestCoordRerunXCommand,testCoordRerunDate4,test fail, Wed May 13 11:47:33 UTC 2020,Wed May 13 11:47:43 UTC 2020
oozie,https://github.com/apache/oozie.git, 72dfa8906ebab4dcec5bcd4600e5d9d486870968,./core/, TestCoordRerunXCommand,testCoordRerunDate4,test fail, Wed May 13 11:47:43 UTC 2020,Wed May 13 11:47:53 UTC 2020
oozie,https://github.com/apache/oozie.git, 72dfa8906ebab4dcec5bcd4600e5d9d486870968,./core/, TestCoordRerunXCommand,testCoordRerunDate4,test fail, Wed May 13 11:47:53 UTC 2020,Wed May 13 11:48:03 UTC 2020
oozie,https://github.com/apache/oozie.git, 72dfa8906ebab4dcec5bcd4600e5d9d486870968,./core/, TestCoordRerunXCommand,testCoordRerunDate4,test fail, Wed May 13 11:48:03 UTC 2020,Wed May 13 11:48:13 UTC 2020
oozie,https://github.com/apache/oozie.git, 72dfa8906ebab4dcec5bcd4600e5d9d486870968,./core/, TestCoordRerunXCommand,testCoordRerunDate4,test fail, Wed May 13 11:48:13 UTC 2020,Wed May 13 11:48:23 UTC 2020
oozie,https://github.com/apache/oozie.git, 72dfa8906ebab4dcec5bcd4600e5d9d486870968,./core/, TestCoordRerunXCommand,testCoordRerunDate4,test fail, Wed May 13 11:48:23 UTC 2020,Wed May 13 11:48:33 UTC 2020
oozie,https://github.com/apache/oozie.git, 72dfa8906ebab4dcec5bcd4600e5d9d486870968,./core/, TestCoordRerunXCommand,testCoordRerunDate4,test fail, Wed May 13 11:48:33 UTC 2020,Wed May 13 11:48:43 UTC 2020
oozie,https://github.com/apache/oozie.git, 72dfa8906ebab4dcec5bcd4600e5d9d486870968,./core/, TestCoordRerunXCommand,testCoordRerunDate4,test fail, Wed May 13 11:48:43 UTC 2020,Wed May 13 11:48:53 UTC 2020
oozie,https://github.com/apache/oozie.git, 72dfa8906ebab4dcec5bcd4600e5d9d486870968,./core/, TestCoordRerunXCommand,testCoordRerunDate4,test fail, Wed May 13 11:48:53 UTC 2020,Wed May 13 11:49:03 UTC 2020
oozie,https://github.com/apache/oozie.git, 72dfa8906ebab4dcec5bcd4600e5d9d486870968,./core/, TestCoordRerunXCommand,testCoordRerunDate4,test fail, Wed May 13 11:49:03 UTC 2020,Wed May 13 11:49:13 UTC 2020
oozie,https://github.com/apache/oozie.git, 72dfa8906ebab4dcec5bcd4600e5d9d486870968,./core/, TestCoordRerunXCommand,testCoordRerunDate4,test fail, Wed May 13 11:49:13 UTC 2020,Wed May 13 11:49:23 UTC 2020
oozie,https://github.com/apache/oozie.git, 72dfa8906ebab4dcec5bcd4600e5d9d486870968,./core/, TestCoordRerunXCommand,testCoordRerunDate4,test fail, Wed May 13 11:49:23 UTC 2020,Wed May 13 11:49:33 UTC 2020
oozie,https://github.com/apache/oozie.git, 72dfa8906ebab4dcec5bcd4600e5d9d486870968,./core/, TestCoordRerunXCommand,testCoordRerunDate4,test fail, Wed May 13 11:49:33 UTC 2020,Wed May 13 11:49:43 UTC 2020
oozie,https://github.com/apache/oozie.git, 72dfa8906ebab4dcec5bcd4600e5d9d486870968,./core/, TestCoordRerunXCommand,testCoordRerunDate4,test fail, Wed May 13 11:49:43 UTC 2020,Wed May 13 11:49:53 UTC 2020
oozie,https://github.com/apache/oozie.git, 72dfa8906ebab4dcec5bcd4600e5d9d486870968,./core/, TestCoordRerunXCommand,testCoordRerunDate4,test fail, Wed May 13 11:49:53 UTC 2020,Wed May 13 11:50:03 UTC 2020
oozie,https://github.com/apache/oozie.git, 72dfa8906ebab4dcec5bcd4600e5d9d486870968,./core/, TestCoordRerunXCommand,testCoordRerunDate4,test fail, Wed May 13 11:50:03 UTC 2020,Wed May 13 11:50:13 UTC 2020
oozie,https://github.com/apache/oozie.git, 72dfa8906ebab4dcec5bcd4600e5d9d486870968,./core/, TestCoordRerunXCommand,testCoordRerunDate4,test fail, Wed May 13 11:50:13 UTC 2020,Wed May 13 11:50:23 UTC 2020
oozie,https://github.com/apache/oozie.git, 72dfa8906ebab4dcec5bcd4600e5d9d486870968,./core/, TestCoordRerunXCommand,testCoordRerunDate4,test fail, Wed May 13 11:50:23 UTC 2020,Wed May 13 11:50:34 UTC 2020
oozie,https://github.com/apache/oozie.git, 72dfa8906ebab4dcec5bcd4600e5d9d486870968,./core/, TestCoordRerunXCommand,testCoordRerunDate4,test fail, Wed May 13 11:50:34 UTC 2020,Wed May 13 11:50:44 UTC 2020
oozie,https://github.com/apache/oozie.git, 72dfa8906ebab4dcec5bcd4600e5d9d486870968,./core/, TestCoordRerunXCommand,testCoordRerunDate4,test fail, Wed May 13 11:50:44 UTC 2020,Wed May 13 11:50:54 UTC 2020
oozie,https://github.com/apache/oozie.git, 72dfa8906ebab4dcec5bcd4600e5d9d486870968,./core/, TestCoordRerunXCommand,testCoordRerunDate4,test fail, Wed May 13 11:50:54 UTC 2020,Wed May 13 11:51:05 UTC 2020
oozie,https://github.com/apache/oozie.git, 72dfa8906ebab4dcec5bcd4600e5d9d486870968,./core/, TestCoordRerunXCommand,testCoordRerunDate4,test fail, Wed May 13 11:51:05 UTC 2020,Wed May 13 11:51:15 UTC 2020
oozie,https://github.com/apache/oozie.git, 72dfa8906ebab4dcec5bcd4600e5d9d486870968,./core/, TestCoordRerunXCommand,testCoordRerunDate4,test fail, Wed May 13 11:51:15 UTC 2020,Wed May 13 11:51:25 UTC 2020
oozie,https://github.com/apache/oozie.git, 72dfa8906ebab4dcec5bcd4600e5d9d486870968,./core/, TestCoordRerunXCommand,testCoordRerunDate4,test fail, Wed May 13 11:51:25 UTC 2020,Wed May 13 11:51:35 UTC 2020
oozie,https://github.com/apache/oozie.git, 72dfa8906ebab4dcec5bcd4600e5d9d486870968,./core/, TestCoordRerunXCommand,testCoordRerunDate4,test fail, Wed May 13 11:51:35 UTC 2020,Wed May 13 11:51:45 UTC 2020
oozie,https://github.com/apache/oozie.git, 72dfa8906ebab4dcec5bcd4600e5d9d486870968,./core/, TestCoordRerunXCommand,testCoordRerunDate4,test fail, Wed May 13 11:51:45 UTC 2020,Wed May 13 11:51:55 UTC 2020
oozie,https://github.com/apache/oozie.git, 72dfa8906ebab4dcec5bcd4600e5d9d486870968,./core/, TestCoordRerunXCommand,testCoordRerunDate4,test fail, Wed May 13 11:51:55 UTC 2020,Wed May 13 11:52:05 UTC 2020
oozie,https://github.com/apache/oozie.git, 72dfa8906ebab4dcec5bcd4600e5d9d486870968,./core/, TestCoordRerunXCommand,testCoordRerunDate4,test fail, Wed May 13 11:52:05 UTC 2020,Wed May 13 11:52:15 UTC 2020
oozie,https://github.com/apache/oozie.git, 72dfa8906ebab4dcec5bcd4600e5d9d486870968,./core/, TestCoordRerunXCommand,testCoordRerunDate4,test fail, Wed May 13 11:52:15 UTC 2020,Wed May 13 11:52:25 UTC 2020
oozie,https://github.com/apache/oozie.git, 72dfa8906ebab4dcec5bcd4600e5d9d486870968,./core/, TestCoordRerunXCommand,testCoordRerunDate4,test fail, Wed May 13 11:52:25 UTC 2020,Wed May 13 11:52:35 UTC 2020
oozie,https://github.com/apache/oozie.git, 72dfa8906ebab4dcec5bcd4600e5d9d486870968,./core/, TestCoordRerunXCommand,testCoordRerunDate4,test fail, Wed May 13 11:52:35 UTC 2020,Wed May 13 11:52:45 UTC 2020
oozie,https://github.com/apache/oozie.git, 72dfa8906ebab4dcec5bcd4600e5d9d486870968,./core/, TestCoordRerunXCommand,testCoordRerunDate4,test fail, Wed May 13 11:52:45 UTC 2020,Wed May 13 11:52:55 UTC 2020
oozie,https://github.com/apache/oozie.git, 72dfa8906ebab4dcec5bcd4600e5d9d486870968,./core/, TestCoordRerunXCommand,testCoordRerunDate4,test fail, Wed May 13 11:52:55 UTC 2020,Wed May 13 11:53:05 UTC 2020
oozie,https://github.com/apache/oozie.git, 72dfa8906ebab4dcec5bcd4600e5d9d486870968,./core/, TestCoordRerunXCommand,testCoordRerunDate4,test fail, Wed May 13 11:53:05 UTC 2020,Wed May 13 11:53:15 UTC 2020
oozie,https://github.com/apache/oozie.git, 72dfa8906ebab4dcec5bcd4600e5d9d486870968,./core/, TestCoordRerunXCommand,testCoordRerunDate4,test fail, Wed May 13 11:53:15 UTC 2020,Wed May 13 11:53:25 UTC 2020
oozie,https://github.com/apache/oozie.git, 72dfa8906ebab4dcec5bcd4600e5d9d486870968,./core/, TestCoordRerunXCommand,testCoordRerunDate4,test fail, Wed May 13 11:53:25 UTC 2020,Wed May 13 11:53:35 UTC 2020
oozie,https://github.com/apache/oozie.git, 72dfa8906ebab4dcec5bcd4600e5d9d486870968,./core/, TestCoordRerunXCommand,testCoordRerunDate4,test fail, Wed May 13 11:53:35 UTC 2020,Wed May 13 11:53:45 UTC 2020
oozie,https://github.com/apache/oozie.git, 72dfa8906ebab4dcec5bcd4600e5d9d486870968,./core/, TestCoordRerunXCommand,testCoordRerunDate4,test fail, Wed May 13 11:53:45 UTC 2020,Wed May 13 11:53:54 UTC 2020
oozie,https://github.com/apache/oozie.git, 72dfa8906ebab4dcec5bcd4600e5d9d486870968,./core/, TestCoordRerunXCommand,testCoordRerunDate4,test fail, Wed May 13 11:53:54 UTC 2020,Wed May 13 11:54:04 UTC 2020
oozie,https://github.com/apache/oozie.git, 72dfa8906ebab4dcec5bcd4600e5d9d486870968,./core/, TestCoordRerunXCommand,testCoordRerunDate4,test fail, Wed May 13 11:54:04 UTC 2020,Wed May 13 11:54:14 UTC 2020
oozie,https://github.com/apache/oozie.git, 72dfa8906ebab4dcec5bcd4600e5d9d486870968,./core/, TestCoordRerunXCommand,testCoordRerunDate4,test fail, Wed May 13 11:54:14 UTC 2020,Wed May 13 11:54:24 UTC 2020
oozie,https://github.com/apache/oozie.git, 72dfa8906ebab4dcec5bcd4600e5d9d486870968,./core/, TestCoordRerunXCommand,testCoordRerunDate4,test fail, Wed May 13 11:54:24 UTC 2020,Wed May 13 11:54:35 UTC 2020
oozie,https://github.com/apache/oozie.git, 72dfa8906ebab4dcec5bcd4600e5d9d486870968,./core/, TestCoordRerunXCommand,testCoordRerunDate4,test fail, Wed May 13 11:54:35 UTC 2020,Wed May 13 11:54:46 UTC 2020
oozie,https://github.com/apache/oozie.git, 72dfa8906ebab4dcec5bcd4600e5d9d486870968,./core/, TestCoordRerunXCommand,testCoordRerunDate4,test fail, Wed May 13 11:54:46 UTC 2020,Wed May 13 11:54:56 UTC 2020
oozie,https://github.com/apache/oozie.git, 72dfa8906ebab4dcec5bcd4600e5d9d486870968,./core/, TestCoordRerunXCommand,testCoordRerunDate4,test fail, Wed May 13 11:54:56 UTC 2020,Wed May 13 11:55:06 UTC 2020
oozie,https://github.com/apache/oozie.git, 72dfa8906ebab4dcec5bcd4600e5d9d486870968,./core/, TestCoordRerunXCommand,testCoordRerunDate4,test fail, Wed May 13 11:55:06 UTC 2020,Wed May 13 11:55:16 UTC 2020
oozie,https://github.com/apache/oozie.git, 72dfa8906ebab4dcec5bcd4600e5d9d486870968,./core/, TestCoordRerunXCommand,testCoordRerunDate4,test fail, Wed May 13 11:55:16 UTC 2020,Wed May 13 11:55:26 UTC 2020
oozie,https://github.com/apache/oozie.git, 72dfa8906ebab4dcec5bcd4600e5d9d486870968,./core/, TestCoordRerunXCommand,testCoordRerunDate4,test fail, Wed May 13 11:55:26 UTC 2020,Wed May 13 11:55:37 UTC 2020
oozie,https://github.com/apache/oozie.git, 72dfa8906ebab4dcec5bcd4600e5d9d486870968,./core/, TestCoordRerunXCommand,testCoordRerunDate4,test fail, Wed May 13 11:55:37 UTC 2020,Wed May 13 11:55:47 UTC 2020
oozie,https://github.com/apache/oozie.git, 72dfa8906ebab4dcec5bcd4600e5d9d486870968,./core/, TestCoordRerunXCommand,testCoordRerunDate4,test fail, Wed May 13 11:55:47 UTC 2020,Wed May 13 11:55:58 UTC 2020
oozie,https://github.com/apache/oozie.git, 72dfa8906ebab4dcec5bcd4600e5d9d486870968,./core/, TestCoordRerunXCommand,testCoordRerunDate4,test fail, Wed May 13 11:55:58 UTC 2020,Wed May 13 11:56:08 UTC 2020
oozie,https://github.com/apache/oozie.git, 72dfa8906ebab4dcec5bcd4600e5d9d486870968,./core/, TestCoordRerunXCommand,testCoordRerunDate4,test fail, Wed May 13 11:56:08 UTC 2020,Wed May 13 11:56:18 UTC 2020
oozie,https://github.com/apache/oozie.git, 72dfa8906ebab4dcec5bcd4600e5d9d486870968,./core/, TestCoordRerunXCommand,testCoordRerunDate4,test fail, Wed May 13 11:56:18 UTC 2020,Wed May 13 11:56:28 UTC 2020
oozie,https://github.com/apache/oozie.git, 72dfa8906ebab4dcec5bcd4600e5d9d486870968,./core/, TestCoordRerunXCommand,testCoordRerunDate4,test fail, Wed May 13 11:56:28 UTC 2020,Wed May 13 11:56:38 UTC 2020
oozie,https://github.com/apache/oozie.git, 72dfa8906ebab4dcec5bcd4600e5d9d486870968,./core/, TestCoordRerunXCommand,testCoordRerunDate4,test fail, Wed May 13 11:56:38 UTC 2020,Wed May 13 11:56:48 UTC 2020
oozie,https://github.com/apache/oozie.git, 72dfa8906ebab4dcec5bcd4600e5d9d486870968,./core/, TestCoordRerunXCommand,testCoordRerunDate4,test fail, Wed May 13 11:56:48 UTC 2020,Wed May 13 11:56:58 UTC 2020
oozie,https://github.com/apache/oozie.git, 72dfa8906ebab4dcec5bcd4600e5d9d486870968,./core/, TestCoordRerunXCommand,testCoordRerunDate4,test fail, Wed May 13 11:56:58 UTC 2020,Wed May 13 11:57:08 UTC 2020
oozie,https://github.com/apache/oozie.git, 72dfa8906ebab4dcec5bcd4600e5d9d486870968,./core/, TestCoordRerunXCommand,testCoordRerunDate4,test fail, Wed May 13 11:57:08 UTC 2020,Wed May 13 11:57:18 UTC 2020
oozie,https://github.com/apache/oozie.git, 72dfa8906ebab4dcec5bcd4600e5d9d486870968,./core/, TestCoordRerunXCommand,testCoordRerunDate4,test fail, Wed May 13 11:57:18 UTC 2020,Wed May 13 11:57:29 UTC 2020
oozie,https://github.com/apache/oozie.git, 72dfa8906ebab4dcec5bcd4600e5d9d486870968,./core/, TestCoordRerunXCommand,testCoordRerunDate4,test fail, Wed May 13 11:57:29 UTC 2020,Wed May 13 11:57:39 UTC 2020
oozie,https://github.com/apache/oozie.git, 72dfa8906ebab4dcec5bcd4600e5d9d486870968,./core/, TestCoordRerunXCommand,testCoordRerunDate4,test fail, Wed May 13 11:57:39 UTC 2020,Wed May 13 11:57:49 UTC 2020
oozie,https://github.com/apache/oozie.git, 72dfa8906ebab4dcec5bcd4600e5d9d486870968,./core/, TestCoordRerunXCommand,testCoordRerunDate4,test fail, Wed May 13 11:57:50 UTC 2020,Wed May 13 11:58:00 UTC 2020
oozie,https://github.com/apache/oozie.git, 72dfa8906ebab4dcec5bcd4600e5d9d486870968,./core/, TestCoordRerunXCommand,testCoordRerunDate4,test fail, Wed May 13 11:58:00 UTC 2020,Wed May 13 11:58:10 UTC 2020
oozie,https://github.com/apache/oozie.git, 72dfa8906ebab4dcec5bcd4600e5d9d486870968,./core/, TestCoordRerunXCommand,testCoordRerunDate4,test fail, Wed May 13 11:58:10 UTC 2020,Wed May 13 11:58:20 UTC 2020
oozie,https://github.com/apache/oozie.git, 72dfa8906ebab4dcec5bcd4600e5d9d486870968,./core/, TestCoordRerunXCommand,testCoordRerunDate4,test fail, Wed May 13 11:58:20 UTC 2020,Wed May 13 11:58:30 UTC 2020
