esper,https://github.com/espertechinc/esper, 590fa9c9eb854f1420b9d337b802aca19f963cc0,./runtime/, TestSchedulingServiceImpl,testTrigger,test pass, lun 8 giu 2020, 18:33:14, CEST,lun 8 giu 2020, 18:33:17, CEST
esper,https://github.com/espertechinc/esper, 590fa9c9eb854f1420b9d337b802aca19f963cc0,./runtime/, TestSchedulingServiceImpl,testTrigger,test pass, lun 8 giu 2020, 18:33:17, CEST,lun 8 giu 2020, 18:33:20, CEST
esper,https://github.com/espertechinc/esper, 590fa9c9eb854f1420b9d337b802aca19f963cc0,./runtime/, TestSchedulingServiceImpl,testTrigger,test pass, lun 8 giu 2020, 18:33:20, CEST,lun 8 giu 2020, 18:33:24, CEST
esper,https://github.com/espertechinc/esper, 590fa9c9eb854f1420b9d337b802aca19f963cc0,./runtime/, TestSchedulingServiceImpl,testTrigger,test pass, lun 8 giu 2020, 18:33:24, CEST,lun 8 giu 2020, 18:33:27, CEST
esper,https://github.com/espertechinc/esper, 590fa9c9eb854f1420b9d337b802aca19f963cc0,./runtime/, TestSchedulingServiceImpl,testTrigger,test pass, lun 8 giu 2020, 18:33:27, CEST,lun 8 giu 2020, 18:33:30, CEST
esper,https://github.com/espertechinc/esper, 590fa9c9eb854f1420b9d337b802aca19f963cc0,./runtime/, TestSchedulingServiceImpl,testTrigger,test pass, lun 8 giu 2020, 18:33:30, CEST,lun 8 giu 2020, 18:33:34, CEST
esper,https://github.com/espertechinc/esper, 590fa9c9eb854f1420b9d337b802aca19f963cc0,./runtime/, TestSchedulingServiceImpl,testTrigger,test pass, lun 8 giu 2020, 18:33:34, CEST,lun 8 giu 2020, 18:33:37, CEST
esper,https://github.com/espertechinc/esper, 590fa9c9eb854f1420b9d337b802aca19f963cc0,./runtime/, TestSchedulingServiceImpl,testTrigger,test pass, lun 8 giu 2020, 18:33:37, CEST,lun 8 giu 2020, 18:33:40, CEST
esper,https://github.com/espertechinc/esper, 590fa9c9eb854f1420b9d337b802aca19f963cc0,./runtime/, TestSchedulingServiceImpl,testTrigger,test pass, lun 8 giu 2020, 18:33:40, CEST,lun 8 giu 2020, 18:33:44, CEST
esper,https://github.com/espertechinc/esper, 590fa9c9eb854f1420b9d337b802aca19f963cc0,./runtime/, TestSchedulingServiceImpl,testTrigger,test pass, lun 8 giu 2020, 18:33:44, CEST,lun 8 giu 2020, 18:33:47, CEST
esper,https://github.com/espertechinc/esper, 590fa9c9eb854f1420b9d337b802aca19f963cc0,./runtime/, TestSchedulingServiceImpl,testTrigger,test pass, lun 8 giu 2020, 18:33:47, CEST,lun 8 giu 2020, 18:33:50, CEST
esper,https://github.com/espertechinc/esper, 590fa9c9eb854f1420b9d337b802aca19f963cc0,./runtime/, TestSchedulingServiceImpl,testTrigger,test pass, lun 8 giu 2020, 18:33:50, CEST,lun 8 giu 2020, 18:33:53, CEST
esper,https://github.com/espertechinc/esper, 590fa9c9eb854f1420b9d337b802aca19f963cc0,./runtime/, TestSchedulingServiceImpl,testTrigger,test pass, lun 8 giu 2020, 18:33:53, CEST,lun 8 giu 2020, 18:33:57, CEST
esper,https://github.com/espertechinc/esper, 590fa9c9eb854f1420b9d337b802aca19f963cc0,./runtime/, TestSchedulingServiceImpl,testTrigger,test pass, lun 8 giu 2020, 18:33:57, CEST,lun 8 giu 2020, 18:34:00, CEST
esper,https://github.com/espertechinc/esper, 590fa9c9eb854f1420b9d337b802aca19f963cc0,./runtime/, TestSchedulingServiceImpl,testTrigger,test pass, lun 8 giu 2020, 18:34:00, CEST,lun 8 giu 2020, 18:34:03, CEST
esper,https://github.com/espertechinc/esper, 590fa9c9eb854f1420b9d337b802aca19f963cc0,./runtime/, TestSchedulingServiceImpl,testTrigger,test pass, lun 8 giu 2020, 18:34:03, CEST,lun 8 giu 2020, 18:34:07, CEST
esper,https://github.com/espertechinc/esper, 590fa9c9eb854f1420b9d337b802aca19f963cc0,./runtime/, TestSchedulingServiceImpl,testTrigger,test pass, lun 8 giu 2020, 18:34:07, CEST,lun 8 giu 2020, 18:34:10, CEST
esper,https://github.com/espertechinc/esper, 590fa9c9eb854f1420b9d337b802aca19f963cc0,./runtime/, TestSchedulingServiceImpl,testTrigger,test pass, lun 8 giu 2020, 18:34:10, CEST,lun 8 giu 2020, 18:34:13, CEST
esper,https://github.com/espertechinc/esper, 590fa9c9eb854f1420b9d337b802aca19f963cc0,./runtime/, TestSchedulingServiceImpl,testTrigger,test pass, lun 8 giu 2020, 18:34:13, CEST,lun 8 giu 2020, 18:34:16, CEST
esper,https://github.com/espertechinc/esper, 590fa9c9eb854f1420b9d337b802aca19f963cc0,./runtime/, TestSchedulingServiceImpl,testTrigger,test pass, lun 8 giu 2020, 18:34:16, CEST,lun 8 giu 2020, 18:34:20, CEST
esper,https://github.com/espertechinc/esper, 590fa9c9eb854f1420b9d337b802aca19f963cc0,./runtime/, TestSchedulingServiceImpl,testTrigger,test pass, lun 8 giu 2020, 18:34:20, CEST,lun 8 giu 2020, 18:34:23, CEST
esper,https://github.com/espertechinc/esper, 590fa9c9eb854f1420b9d337b802aca19f963cc0,./runtime/, TestSchedulingServiceImpl,testTrigger,test pass, lun 8 giu 2020, 18:34:23, CEST,lun 8 giu 2020, 18:34:26, CEST
esper,https://github.com/espertechinc/esper, 590fa9c9eb854f1420b9d337b802aca19f963cc0,./runtime/, TestSchedulingServiceImpl,testTrigger,test pass, lun 8 giu 2020, 18:34:26, CEST,lun 8 giu 2020, 18:34:30, CEST
esper,https://github.com/espertechinc/esper, 590fa9c9eb854f1420b9d337b802aca19f963cc0,./runtime/, TestSchedulingServiceImpl,testTrigger,test pass, lun 8 giu 2020, 18:34:30, CEST,lun 8 giu 2020, 18:34:33, CEST
esper,https://github.com/espertechinc/esper, 590fa9c9eb854f1420b9d337b802aca19f963cc0,./runtime/, TestSchedulingServiceImpl,testTrigger,test pass, lun 8 giu 2020, 18:34:33, CEST,lun 8 giu 2020, 18:34:37, CEST
esper,https://github.com/espertechinc/esper, 590fa9c9eb854f1420b9d337b802aca19f963cc0,./runtime/, TestSchedulingServiceImpl,testTrigger,test pass, lun 8 giu 2020, 18:34:37, CEST,lun 8 giu 2020, 18:34:40, CEST
esper,https://github.com/espertechinc/esper, 590fa9c9eb854f1420b9d337b802aca19f963cc0,./runtime/, TestSchedulingServiceImpl,testTrigger,test pass, lun 8 giu 2020, 18:34:40, CEST,lun 8 giu 2020, 18:34:43, CEST
esper,https://github.com/espertechinc/esper, 590fa9c9eb854f1420b9d337b802aca19f963cc0,./runtime/, TestSchedulingServiceImpl,testTrigger,test pass, lun 8 giu 2020, 18:34:43, CEST,lun 8 giu 2020, 18:34:47, CEST
esper,https://github.com/espertechinc/esper, 590fa9c9eb854f1420b9d337b802aca19f963cc0,./runtime/, TestSchedulingServiceImpl,testTrigger,test pass, lun 8 giu 2020, 18:34:47, CEST,lun 8 giu 2020, 18:34:50, CEST
esper,https://github.com/espertechinc/esper, 590fa9c9eb854f1420b9d337b802aca19f963cc0,./runtime/, TestSchedulingServiceImpl,testTrigger,test pass, lun 8 giu 2020, 18:34:50, CEST,lun 8 giu 2020, 18:34:54, CEST
esper,https://github.com/espertechinc/esper, 590fa9c9eb854f1420b9d337b802aca19f963cc0,./runtime/, TestSchedulingServiceImpl,testTrigger,test pass, lun 8 giu 2020, 18:34:54, CEST,lun 8 giu 2020, 18:34:57, CEST
esper,https://github.com/espertechinc/esper, 590fa9c9eb854f1420b9d337b802aca19f963cc0,./runtime/, TestSchedulingServiceImpl,testTrigger,test pass, lun 8 giu 2020, 18:34:57, CEST,lun 8 giu 2020, 18:35:01, CEST
esper,https://github.com/espertechinc/esper, 590fa9c9eb854f1420b9d337b802aca19f963cc0,./runtime/, TestSchedulingServiceImpl,testTrigger,test pass, lun 8 giu 2020, 18:35:01, CEST,lun 8 giu 2020, 18:35:04, CEST
esper,https://github.com/espertechinc/esper, 590fa9c9eb854f1420b9d337b802aca19f963cc0,./runtime/, TestSchedulingServiceImpl,testTrigger,test pass, lun 8 giu 2020, 18:35:04, CEST,lun 8 giu 2020, 18:35:08, CEST
esper,https://github.com/espertechinc/esper, 590fa9c9eb854f1420b9d337b802aca19f963cc0,./runtime/, TestSchedulingServiceImpl,testTrigger,test pass, lun 8 giu 2020, 18:35:08, CEST,lun 8 giu 2020, 18:35:11, CEST
esper,https://github.com/espertechinc/esper, 590fa9c9eb854f1420b9d337b802aca19f963cc0,./runtime/, TestSchedulingServiceImpl,testTrigger,test pass, lun 8 giu 2020, 18:35:11, CEST,lun 8 giu 2020, 18:35:15, CEST
esper,https://github.com/espertechinc/esper, 590fa9c9eb854f1420b9d337b802aca19f963cc0,./runtime/, TestSchedulingServiceImpl,testTrigger,test pass, lun 8 giu 2020, 18:35:15, CEST,lun 8 giu 2020, 18:35:18, CEST
esper,https://github.com/espertechinc/esper, 590fa9c9eb854f1420b9d337b802aca19f963cc0,./runtime/, TestSchedulingServiceImpl,testTrigger,test pass, lun 8 giu 2020, 18:35:18, CEST,lun 8 giu 2020, 18:35:22, CEST
esper,https://github.com/espertechinc/esper, 590fa9c9eb854f1420b9d337b802aca19f963cc0,./runtime/, TestSchedulingServiceImpl,testTrigger,test pass, lun 8 giu 2020, 18:35:22, CEST,lun 8 giu 2020, 18:35:26, CEST
esper,https://github.com/espertechinc/esper, 590fa9c9eb854f1420b9d337b802aca19f963cc0,./runtime/, TestSchedulingServiceImpl,testTrigger,test pass, lun 8 giu 2020, 18:35:26, CEST,lun 8 giu 2020, 18:35:29, CEST
esper,https://github.com/espertechinc/esper, 590fa9c9eb854f1420b9d337b802aca19f963cc0,./runtime/, TestSchedulingServiceImpl,testTrigger,test pass, lun 8 giu 2020, 18:35:29, CEST,lun 8 giu 2020, 18:35:33, CEST
esper,https://github.com/espertechinc/esper, 590fa9c9eb854f1420b9d337b802aca19f963cc0,./runtime/, TestSchedulingServiceImpl,testTrigger,test pass, lun 8 giu 2020, 18:35:33, CEST,lun 8 giu 2020, 18:35:36, CEST
esper,https://github.com/espertechinc/esper, 590fa9c9eb854f1420b9d337b802aca19f963cc0,./runtime/, TestSchedulingServiceImpl,testTrigger,test pass, lun 8 giu 2020, 18:35:36, CEST,lun 8 giu 2020, 18:35:39, CEST
esper,https://github.com/espertechinc/esper, 590fa9c9eb854f1420b9d337b802aca19f963cc0,./runtime/, TestSchedulingServiceImpl,testTrigger,test pass, lun 8 giu 2020, 18:35:39, CEST,lun 8 giu 2020, 18:35:43, CEST
esper,https://github.com/espertechinc/esper, 590fa9c9eb854f1420b9d337b802aca19f963cc0,./runtime/, TestSchedulingServiceImpl,testTrigger,test pass, lun 8 giu 2020, 18:35:43, CEST,lun 8 giu 2020, 18:35:46, CEST
esper,https://github.com/espertechinc/esper, 590fa9c9eb854f1420b9d337b802aca19f963cc0,./runtime/, TestSchedulingServiceImpl,testTrigger,test pass, lun 8 giu 2020, 18:35:46, CEST,lun 8 giu 2020, 18:35:50, CEST
esper,https://github.com/espertechinc/esper, 590fa9c9eb854f1420b9d337b802aca19f963cc0,./runtime/, TestSchedulingServiceImpl,testTrigger,test pass, lun 8 giu 2020, 18:35:50, CEST,lun 8 giu 2020, 18:35:53, CEST
esper,https://github.com/espertechinc/esper, 590fa9c9eb854f1420b9d337b802aca19f963cc0,./runtime/, TestSchedulingServiceImpl,testTrigger,test pass, lun 8 giu 2020, 18:35:53, CEST,lun 8 giu 2020, 18:35:57, CEST
esper,https://github.com/espertechinc/esper, 590fa9c9eb854f1420b9d337b802aca19f963cc0,./runtime/, TestSchedulingServiceImpl,testTrigger,test pass, lun 8 giu 2020, 18:35:57, CEST,lun 8 giu 2020, 18:36:00, CEST
esper,https://github.com/espertechinc/esper, 590fa9c9eb854f1420b9d337b802aca19f963cc0,./runtime/, TestSchedulingServiceImpl,testTrigger,test pass, lun 8 giu 2020, 18:36:00, CEST,lun 8 giu 2020, 18:36:03, CEST
esper,https://github.com/espertechinc/esper, 590fa9c9eb854f1420b9d337b802aca19f963cc0,./runtime/, TestSchedulingServiceImpl,testTrigger,test pass, lun 8 giu 2020, 18:36:03, CEST,lun 8 giu 2020, 18:36:07, CEST
esper,https://github.com/espertechinc/esper, 590fa9c9eb854f1420b9d337b802aca19f963cc0,./runtime/, TestSchedulingServiceImpl,testTrigger,test pass, lun 8 giu 2020, 18:36:07, CEST,lun 8 giu 2020, 18:36:10, CEST
esper,https://github.com/espertechinc/esper, 590fa9c9eb854f1420b9d337b802aca19f963cc0,./runtime/, TestSchedulingServiceImpl,testTrigger,test pass, lun 8 giu 2020, 18:36:10, CEST,lun 8 giu 2020, 18:36:14, CEST
esper,https://github.com/espertechinc/esper, 590fa9c9eb854f1420b9d337b802aca19f963cc0,./runtime/, TestSchedulingServiceImpl,testTrigger,test pass, lun 8 giu 2020, 18:36:14, CEST,lun 8 giu 2020, 18:36:17, CEST
esper,https://github.com/espertechinc/esper, 590fa9c9eb854f1420b9d337b802aca19f963cc0,./runtime/, TestSchedulingServiceImpl,testTrigger,test pass, lun 8 giu 2020, 18:36:17, CEST,lun 8 giu 2020, 18:36:20, CEST
esper,https://github.com/espertechinc/esper, 590fa9c9eb854f1420b9d337b802aca19f963cc0,./runtime/, TestSchedulingServiceImpl,testTrigger,test pass, lun 8 giu 2020, 18:36:20, CEST,lun 8 giu 2020, 18:36:24, CEST
esper,https://github.com/espertechinc/esper, 590fa9c9eb854f1420b9d337b802aca19f963cc0,./runtime/, TestSchedulingServiceImpl,testTrigger,test pass, lun 8 giu 2020, 18:36:24, CEST,lun 8 giu 2020, 18:36:27, CEST
esper,https://github.com/espertechinc/esper, 590fa9c9eb854f1420b9d337b802aca19f963cc0,./runtime/, TestSchedulingServiceImpl,testTrigger,test pass, lun 8 giu 2020, 18:36:27, CEST,lun 8 giu 2020, 18:36:31, CEST
esper,https://github.com/espertechinc/esper, 590fa9c9eb854f1420b9d337b802aca19f963cc0,./runtime/, TestSchedulingServiceImpl,testTrigger,test pass, lun 8 giu 2020, 18:36:31, CEST,lun 8 giu 2020, 18:36:34, CEST
esper,https://github.com/espertechinc/esper, 590fa9c9eb854f1420b9d337b802aca19f963cc0,./runtime/, TestSchedulingServiceImpl,testTrigger,test pass, lun 8 giu 2020, 18:36:34, CEST,lun 8 giu 2020, 18:36:38, CEST
esper,https://github.com/espertechinc/esper, 590fa9c9eb854f1420b9d337b802aca19f963cc0,./runtime/, TestSchedulingServiceImpl,testTrigger,test pass, lun 8 giu 2020, 18:36:38, CEST,lun 8 giu 2020, 18:36:41, CEST
esper,https://github.com/espertechinc/esper, 590fa9c9eb854f1420b9d337b802aca19f963cc0,./runtime/, TestSchedulingServiceImpl,testTrigger,test pass, lun 8 giu 2020, 18:36:41, CEST,lun 8 giu 2020, 18:36:45, CEST
esper,https://github.com/espertechinc/esper, 590fa9c9eb854f1420b9d337b802aca19f963cc0,./runtime/, TestSchedulingServiceImpl,testTrigger,test pass, lun 8 giu 2020, 18:36:45, CEST,lun 8 giu 2020, 18:36:49, CEST
esper,https://github.com/espertechinc/esper, 590fa9c9eb854f1420b9d337b802aca19f963cc0,./runtime/, TestSchedulingServiceImpl,testTrigger,test pass, lun 8 giu 2020, 18:36:49, CEST,lun 8 giu 2020, 18:36:52, CEST
esper,https://github.com/espertechinc/esper, 590fa9c9eb854f1420b9d337b802aca19f963cc0,./runtime/, TestSchedulingServiceImpl,testTrigger,test pass, lun 8 giu 2020, 18:36:52, CEST,lun 8 giu 2020, 18:36:56, CEST
esper,https://github.com/espertechinc/esper, 590fa9c9eb854f1420b9d337b802aca19f963cc0,./runtime/, TestSchedulingServiceImpl,testTrigger,test pass, lun 8 giu 2020, 18:36:56, CEST,lun 8 giu 2020, 18:36:59, CEST
esper,https://github.com/espertechinc/esper, 590fa9c9eb854f1420b9d337b802aca19f963cc0,./runtime/, TestSchedulingServiceImpl,testTrigger,test pass, lun 8 giu 2020, 18:36:59, CEST,lun 8 giu 2020, 18:37:03, CEST
esper,https://github.com/espertechinc/esper, 590fa9c9eb854f1420b9d337b802aca19f963cc0,./runtime/, TestSchedulingServiceImpl,testTrigger,test pass, lun 8 giu 2020, 18:37:03, CEST,lun 8 giu 2020, 18:37:06, CEST
esper,https://github.com/espertechinc/esper, 590fa9c9eb854f1420b9d337b802aca19f963cc0,./runtime/, TestSchedulingServiceImpl,testTrigger,test pass, lun 8 giu 2020, 18:37:06, CEST,lun 8 giu 2020, 18:37:09, CEST
esper,https://github.com/espertechinc/esper, 590fa9c9eb854f1420b9d337b802aca19f963cc0,./runtime/, TestSchedulingServiceImpl,testTrigger,test pass, lun 8 giu 2020, 18:37:09, CEST,lun 8 giu 2020, 18:37:13, CEST
esper,https://github.com/espertechinc/esper, 590fa9c9eb854f1420b9d337b802aca19f963cc0,./runtime/, TestSchedulingServiceImpl,testTrigger,test pass, lun 8 giu 2020, 18:37:13, CEST,lun 8 giu 2020, 18:37:16, CEST
esper,https://github.com/espertechinc/esper, 590fa9c9eb854f1420b9d337b802aca19f963cc0,./runtime/, TestSchedulingServiceImpl,testTrigger,test pass, lun 8 giu 2020, 18:37:16, CEST,lun 8 giu 2020, 18:37:20, CEST
esper,https://github.com/espertechinc/esper, 590fa9c9eb854f1420b9d337b802aca19f963cc0,./runtime/, TestSchedulingServiceImpl,testTrigger,test pass, lun 8 giu 2020, 18:37:20, CEST,lun 8 giu 2020, 18:37:23, CEST
esper,https://github.com/espertechinc/esper, 590fa9c9eb854f1420b9d337b802aca19f963cc0,./runtime/, TestSchedulingServiceImpl,testTrigger,test pass, lun 8 giu 2020, 18:37:23, CEST,lun 8 giu 2020, 18:37:27, CEST
esper,https://github.com/espertechinc/esper, 590fa9c9eb854f1420b9d337b802aca19f963cc0,./runtime/, TestSchedulingServiceImpl,testTrigger,test pass, lun 8 giu 2020, 18:37:27, CEST,lun 8 giu 2020, 18:37:30, CEST
esper,https://github.com/espertechinc/esper, 590fa9c9eb854f1420b9d337b802aca19f963cc0,./runtime/, TestSchedulingServiceImpl,testTrigger,test pass, lun 8 giu 2020, 18:37:30, CEST,lun 8 giu 2020, 18:37:34, CEST
esper,https://github.com/espertechinc/esper, 590fa9c9eb854f1420b9d337b802aca19f963cc0,./runtime/, TestSchedulingServiceImpl,testTrigger,test pass, lun 8 giu 2020, 18:37:34, CEST,lun 8 giu 2020, 18:37:37, CEST
esper,https://github.com/espertechinc/esper, 590fa9c9eb854f1420b9d337b802aca19f963cc0,./runtime/, TestSchedulingServiceImpl,testTrigger,test pass, lun 8 giu 2020, 18:37:37, CEST,lun 8 giu 2020, 18:37:41, CEST
esper,https://github.com/espertechinc/esper, 590fa9c9eb854f1420b9d337b802aca19f963cc0,./runtime/, TestSchedulingServiceImpl,testTrigger,test pass, lun 8 giu 2020, 18:37:41, CEST,lun 8 giu 2020, 18:37:44, CEST
esper,https://github.com/espertechinc/esper, 590fa9c9eb854f1420b9d337b802aca19f963cc0,./runtime/, TestSchedulingServiceImpl,testTrigger,test pass, lun 8 giu 2020, 18:37:44, CEST,lun 8 giu 2020, 18:37:48, CEST
esper,https://github.com/espertechinc/esper, 590fa9c9eb854f1420b9d337b802aca19f963cc0,./runtime/, TestSchedulingServiceImpl,testTrigger,test pass, lun 8 giu 2020, 18:37:48, CEST,lun 8 giu 2020, 18:37:51, CEST
esper,https://github.com/espertechinc/esper, 590fa9c9eb854f1420b9d337b802aca19f963cc0,./runtime/, TestSchedulingServiceImpl,testTrigger,test pass, lun 8 giu 2020, 18:37:51, CEST,lun 8 giu 2020, 18:37:55, CEST
esper,https://github.com/espertechinc/esper, 590fa9c9eb854f1420b9d337b802aca19f963cc0,./runtime/, TestSchedulingServiceImpl,testTrigger,test pass, lun 8 giu 2020, 18:37:55, CEST,lun 8 giu 2020, 18:37:58, CEST
esper,https://github.com/espertechinc/esper, 590fa9c9eb854f1420b9d337b802aca19f963cc0,./runtime/, TestSchedulingServiceImpl,testTrigger,test pass, lun 8 giu 2020, 18:37:58, CEST,lun 8 giu 2020, 18:38:02, CEST
esper,https://github.com/espertechinc/esper, 590fa9c9eb854f1420b9d337b802aca19f963cc0,./runtime/, TestSchedulingServiceImpl,testTrigger,test pass, lun 8 giu 2020, 18:38:02, CEST,lun 8 giu 2020, 18:38:05, CEST
esper,https://github.com/espertechinc/esper, 590fa9c9eb854f1420b9d337b802aca19f963cc0,./runtime/, TestSchedulingServiceImpl,testTrigger,test pass, lun 8 giu 2020, 18:38:05, CEST,lun 8 giu 2020, 18:38:08, CEST
esper,https://github.com/espertechinc/esper, 590fa9c9eb854f1420b9d337b802aca19f963cc0,./runtime/, TestSchedulingServiceImpl,testTrigger,test pass, lun 8 giu 2020, 18:38:08, CEST,lun 8 giu 2020, 18:38:12, CEST
esper,https://github.com/espertechinc/esper, 590fa9c9eb854f1420b9d337b802aca19f963cc0,./runtime/, TestSchedulingServiceImpl,testTrigger,test pass, lun 8 giu 2020, 18:38:12, CEST,lun 8 giu 2020, 18:38:15, CEST
esper,https://github.com/espertechinc/esper, 590fa9c9eb854f1420b9d337b802aca19f963cc0,./runtime/, TestSchedulingServiceImpl,testTrigger,test pass, lun 8 giu 2020, 18:38:15, CEST,lun 8 giu 2020, 18:38:19, CEST
esper,https://github.com/espertechinc/esper, 590fa9c9eb854f1420b9d337b802aca19f963cc0,./runtime/, TestSchedulingServiceImpl,testTrigger,test pass, lun 8 giu 2020, 18:38:19, CEST,lun 8 giu 2020, 18:38:23, CEST
esper,https://github.com/espertechinc/esper, 590fa9c9eb854f1420b9d337b802aca19f963cc0,./runtime/, TestSchedulingServiceImpl,testTrigger,test pass, lun 8 giu 2020, 18:38:23, CEST,lun 8 giu 2020, 18:38:26, CEST
esper,https://github.com/espertechinc/esper, 590fa9c9eb854f1420b9d337b802aca19f963cc0,./runtime/, TestSchedulingServiceImpl,testTrigger,test pass, lun 8 giu 2020, 18:38:26, CEST,lun 8 giu 2020, 18:38:30, CEST
esper,https://github.com/espertechinc/esper, 590fa9c9eb854f1420b9d337b802aca19f963cc0,./runtime/, TestSchedulingServiceImpl,testTrigger,test pass, lun 8 giu 2020, 18:38:30, CEST,lun 8 giu 2020, 18:38:33, CEST
esper,https://github.com/espertechinc/esper, 590fa9c9eb854f1420b9d337b802aca19f963cc0,./runtime/, TestSchedulingServiceImpl,testTrigger,test pass, lun 8 giu 2020, 18:38:33, CEST,lun 8 giu 2020, 18:38:36, CEST
esper,https://github.com/espertechinc/esper, 590fa9c9eb854f1420b9d337b802aca19f963cc0,./runtime/, TestSchedulingServiceImpl,testTrigger,test pass, lun 8 giu 2020, 18:38:36, CEST,lun 8 giu 2020, 18:38:40, CEST
esper,https://github.com/espertechinc/esper, 590fa9c9eb854f1420b9d337b802aca19f963cc0,./runtime/, TestSchedulingServiceImpl,testTrigger,test pass, lun 8 giu 2020, 18:38:40, CEST,lun 8 giu 2020, 18:38:43, CEST
esper,https://github.com/espertechinc/esper, 590fa9c9eb854f1420b9d337b802aca19f963cc0,./runtime/, TestSchedulingServiceImpl,testTrigger,test pass, lun 8 giu 2020, 18:38:43, CEST,lun 8 giu 2020, 18:38:47, CEST
esper,https://github.com/espertechinc/esper, 590fa9c9eb854f1420b9d337b802aca19f963cc0,./runtime/, TestSchedulingServiceImpl,testTrigger,test pass, lun 8 giu 2020, 18:38:47, CEST,lun 8 giu 2020, 18:38:50, CEST
esper,https://github.com/espertechinc/esper, 590fa9c9eb854f1420b9d337b802aca19f963cc0,./runtime/, TestSchedulingServiceImpl,testTrigger,test pass, lun 8 giu 2020, 18:38:50, CEST,lun 8 giu 2020, 18:38:53, CEST
esper,https://github.com/espertechinc/esper, 590fa9c9eb854f1420b9d337b802aca19f963cc0,./runtime/, TestSchedulingServiceImpl,testTrigger,test pass, lun 8 giu 2020, 18:38:53, CEST,lun 8 giu 2020, 18:38:57, CEST
