vertx-completable-future,https://github.com/cescoffier/vertx-completable-future, 011d3cd963b9a810c2e8e616da27bbfd8a3c717e,./, VertxCompletableFutureTest,testAcceptEitherAsyncWithExecutor,test pass, mar 9 giu 2020, 11:51:01, CEST,mar 9 giu 2020, 11:51:32, CEST
vertx-completable-future,https://github.com/cescoffier/vertx-completable-future, 011d3cd963b9a810c2e8e616da27bbfd8a3c717e,./, VertxCompletableFutureTest,testAcceptEitherAsyncWithExecutor,test pass, mar 9 giu 2020, 11:51:32, CEST,mar 9 giu 2020, 11:52:02, CEST
vertx-completable-future,https://github.com/cescoffier/vertx-completable-future, 011d3cd963b9a810c2e8e616da27bbfd8a3c717e,./, VertxCompletableFutureTest,testAcceptEitherAsyncWithExecutor,test pass, mar 9 giu 2020, 11:52:02, CEST,mar 9 giu 2020, 11:52:32, CEST
vertx-completable-future,https://github.com/cescoffier/vertx-completable-future, 011d3cd963b9a810c2e8e616da27bbfd8a3c717e,./, VertxCompletableFutureTest,testAcceptEitherAsyncWithExecutor,test pass, mar 9 giu 2020, 11:52:32, CEST,mar 9 giu 2020, 11:53:03, CEST
vertx-completable-future,https://github.com/cescoffier/vertx-completable-future, 011d3cd963b9a810c2e8e616da27bbfd8a3c717e,./, VertxCompletableFutureTest,testAcceptEitherAsyncWithExecutor,test pass, mar 9 giu 2020, 11:53:03, CEST,mar 9 giu 2020, 11:53:34, CEST
vertx-completable-future,https://github.com/cescoffier/vertx-completable-future, 011d3cd963b9a810c2e8e616da27bbfd8a3c717e,./, VertxCompletableFutureTest,testAcceptEitherAsyncWithExecutor,test pass, mar 9 giu 2020, 11:53:34, CEST,mar 9 giu 2020, 11:54:04, CEST
vertx-completable-future,https://github.com/cescoffier/vertx-completable-future, 011d3cd963b9a810c2e8e616da27bbfd8a3c717e,./, VertxCompletableFutureTest,testAcceptEitherAsyncWithExecutor,test pass, mar 9 giu 2020, 11:54:04, CEST,mar 9 giu 2020, 11:54:35, CEST
vertx-completable-future,https://github.com/cescoffier/vertx-completable-future, 011d3cd963b9a810c2e8e616da27bbfd8a3c717e,./, VertxCompletableFutureTest,testAcceptEitherAsyncWithExecutor,test pass, mar 9 giu 2020, 11:54:35, CEST,mar 9 giu 2020, 11:55:05, CEST
vertx-completable-future,https://github.com/cescoffier/vertx-completable-future, 011d3cd963b9a810c2e8e616da27bbfd8a3c717e,./, VertxCompletableFutureTest,testAcceptEitherAsyncWithExecutor,test pass, mar 9 giu 2020, 11:55:05, CEST,mar 9 giu 2020, 11:55:35, CEST
vertx-completable-future,https://github.com/cescoffier/vertx-completable-future, 011d3cd963b9a810c2e8e616da27bbfd8a3c717e,./, VertxCompletableFutureTest,testAcceptEitherAsyncWithExecutor,test pass, mar 9 giu 2020, 11:55:35, CEST,mar 9 giu 2020, 11:56:06, CEST
vertx-completable-future,https://github.com/cescoffier/vertx-completable-future, 011d3cd963b9a810c2e8e616da27bbfd8a3c717e,./, VertxCompletableFutureTest,testAcceptEitherAsyncWithExecutor,test pass, mar 9 giu 2020, 11:56:06, CEST,mar 9 giu 2020, 11:56:37, CEST
vertx-completable-future,https://github.com/cescoffier/vertx-completable-future, 011d3cd963b9a810c2e8e616da27bbfd8a3c717e,./, VertxCompletableFutureTest,testAcceptEitherAsyncWithExecutor,test pass, mar 9 giu 2020, 11:56:37, CEST,mar 9 giu 2020, 11:57:08, CEST
vertx-completable-future,https://github.com/cescoffier/vertx-completable-future, 011d3cd963b9a810c2e8e616da27bbfd8a3c717e,./, VertxCompletableFutureTest,testAcceptEitherAsyncWithExecutor,test pass, mar 9 giu 2020, 11:57:08, CEST,mar 9 giu 2020, 11:57:39, CEST
vertx-completable-future,https://github.com/cescoffier/vertx-completable-future, 011d3cd963b9a810c2e8e616da27bbfd8a3c717e,./, VertxCompletableFutureTest,testAcceptEitherAsyncWithExecutor,test pass, mar 9 giu 2020, 11:57:39, CEST,mar 9 giu 2020, 11:58:10, CEST
vertx-completable-future,https://github.com/cescoffier/vertx-completable-future, 011d3cd963b9a810c2e8e616da27bbfd8a3c717e,./, VertxCompletableFutureTest,testAcceptEitherAsyncWithExecutor,test pass, mar 9 giu 2020, 11:58:10, CEST,mar 9 giu 2020, 11:58:41, CEST
vertx-completable-future,https://github.com/cescoffier/vertx-completable-future, 011d3cd963b9a810c2e8e616da27bbfd8a3c717e,./, VertxCompletableFutureTest,testAcceptEitherAsyncWithExecutor,test pass, mar 9 giu 2020, 11:58:41, CEST,mar 9 giu 2020, 11:59:13, CEST
vertx-completable-future,https://github.com/cescoffier/vertx-completable-future, 011d3cd963b9a810c2e8e616da27bbfd8a3c717e,./, VertxCompletableFutureTest,testAcceptEitherAsyncWithExecutor,test pass, mar 9 giu 2020, 11:59:13, CEST,mar 9 giu 2020, 11:59:44, CEST
vertx-completable-future,https://github.com/cescoffier/vertx-completable-future, 011d3cd963b9a810c2e8e616da27bbfd8a3c717e,./, VertxCompletableFutureTest,testAcceptEitherAsyncWithExecutor,test pass, mar 9 giu 2020, 11:59:44, CEST,mar 9 giu 2020, 12:00:16, CEST
vertx-completable-future,https://github.com/cescoffier/vertx-completable-future, 011d3cd963b9a810c2e8e616da27bbfd8a3c717e,./, VertxCompletableFutureTest,testAcceptEitherAsyncWithExecutor,test pass, mar 9 giu 2020, 12:00:16, CEST,mar 9 giu 2020, 12:00:47, CEST
vertx-completable-future,https://github.com/cescoffier/vertx-completable-future, 011d3cd963b9a810c2e8e616da27bbfd8a3c717e,./, VertxCompletableFutureTest,testAcceptEitherAsyncWithExecutor,test pass, mar 9 giu 2020, 12:00:47, CEST,mar 9 giu 2020, 12:01:18, CEST
vertx-completable-future,https://github.com/cescoffier/vertx-completable-future, 011d3cd963b9a810c2e8e616da27bbfd8a3c717e,./, VertxCompletableFutureTest,testAcceptEitherAsyncWithExecutor,test pass, mar 9 giu 2020, 12:01:18, CEST,mar 9 giu 2020, 12:01:48, CEST
vertx-completable-future,https://github.com/cescoffier/vertx-completable-future, 011d3cd963b9a810c2e8e616da27bbfd8a3c717e,./, VertxCompletableFutureTest,testAcceptEitherAsyncWithExecutor,test pass, mar 9 giu 2020, 12:01:48, CEST,mar 9 giu 2020, 12:02:19, CEST
vertx-completable-future,https://github.com/cescoffier/vertx-completable-future, 011d3cd963b9a810c2e8e616da27bbfd8a3c717e,./, VertxCompletableFutureTest,testAcceptEitherAsyncWithExecutor,test pass, mar 9 giu 2020, 12:02:19, CEST,mar 9 giu 2020, 12:02:50, CEST
vertx-completable-future,https://github.com/cescoffier/vertx-completable-future, 011d3cd963b9a810c2e8e616da27bbfd8a3c717e,./, VertxCompletableFutureTest,testAcceptEitherAsyncWithExecutor,test pass, mar 9 giu 2020, 12:02:50, CEST,mar 9 giu 2020, 12:03:20, CEST
vertx-completable-future,https://github.com/cescoffier/vertx-completable-future, 011d3cd963b9a810c2e8e616da27bbfd8a3c717e,./, VertxCompletableFutureTest,testAcceptEitherAsyncWithExecutor,test pass, mar 9 giu 2020, 12:03:20, CEST,mar 9 giu 2020, 12:03:51, CEST
vertx-completable-future,https://github.com/cescoffier/vertx-completable-future, 011d3cd963b9a810c2e8e616da27bbfd8a3c717e,./, VertxCompletableFutureTest,testAcceptEitherAsyncWithExecutor,test pass, mar 9 giu 2020, 12:03:51, CEST,mar 9 giu 2020, 12:04:22, CEST
vertx-completable-future,https://github.com/cescoffier/vertx-completable-future, 011d3cd963b9a810c2e8e616da27bbfd8a3c717e,./, VertxCompletableFutureTest,testAcceptEitherAsyncWithExecutor,test pass, mar 9 giu 2020, 12:04:22, CEST,mar 9 giu 2020, 12:04:52, CEST
vertx-completable-future,https://github.com/cescoffier/vertx-completable-future, 011d3cd963b9a810c2e8e616da27bbfd8a3c717e,./, VertxCompletableFutureTest,testAcceptEitherAsyncWithExecutor,test pass, mar 9 giu 2020, 12:04:52, CEST,mar 9 giu 2020, 12:05:23, CEST
vertx-completable-future,https://github.com/cescoffier/vertx-completable-future, 011d3cd963b9a810c2e8e616da27bbfd8a3c717e,./, VertxCompletableFutureTest,testAcceptEitherAsyncWithExecutor,test pass, mar 9 giu 2020, 12:05:23, CEST,mar 9 giu 2020, 12:05:54, CEST
vertx-completable-future,https://github.com/cescoffier/vertx-completable-future, 011d3cd963b9a810c2e8e616da27bbfd8a3c717e,./, VertxCompletableFutureTest,testAcceptEitherAsyncWithExecutor,test pass, mar 9 giu 2020, 12:05:54, CEST,mar 9 giu 2020, 12:06:25, CEST
vertx-completable-future,https://github.com/cescoffier/vertx-completable-future, 011d3cd963b9a810c2e8e616da27bbfd8a3c717e,./, VertxCompletableFutureTest,testAcceptEitherAsyncWithExecutor,test pass, mar 9 giu 2020, 12:06:25, CEST,mar 9 giu 2020, 12:06:55, CEST
vertx-completable-future,https://github.com/cescoffier/vertx-completable-future, 011d3cd963b9a810c2e8e616da27bbfd8a3c717e,./, VertxCompletableFutureTest,testAcceptEitherAsyncWithExecutor,test pass, mar 9 giu 2020, 12:06:55, CEST,mar 9 giu 2020, 12:07:26, CEST
vertx-completable-future,https://github.com/cescoffier/vertx-completable-future, 011d3cd963b9a810c2e8e616da27bbfd8a3c717e,./, VertxCompletableFutureTest,testAcceptEitherAsyncWithExecutor,test pass, mar 9 giu 2020, 12:07:26, CEST,mar 9 giu 2020, 12:07:56, CEST
vertx-completable-future,https://github.com/cescoffier/vertx-completable-future, 011d3cd963b9a810c2e8e616da27bbfd8a3c717e,./, VertxCompletableFutureTest,testAcceptEitherAsyncWithExecutor,test pass, mar 9 giu 2020, 12:07:56, CEST,mar 9 giu 2020, 12:08:27, CEST
vertx-completable-future,https://github.com/cescoffier/vertx-completable-future, 011d3cd963b9a810c2e8e616da27bbfd8a3c717e,./, VertxCompletableFutureTest,testAcceptEitherAsyncWithExecutor,test pass, mar 9 giu 2020, 12:08:27, CEST,mar 9 giu 2020, 12:08:57, CEST
vertx-completable-future,https://github.com/cescoffier/vertx-completable-future, 011d3cd963b9a810c2e8e616da27bbfd8a3c717e,./, VertxCompletableFutureTest,testAcceptEitherAsyncWithExecutor,test pass, mar 9 giu 2020, 12:08:57, CEST,mar 9 giu 2020, 12:09:28, CEST
vertx-completable-future,https://github.com/cescoffier/vertx-completable-future, 011d3cd963b9a810c2e8e616da27bbfd8a3c717e,./, VertxCompletableFutureTest,testAcceptEitherAsyncWithExecutor,test pass, mar 9 giu 2020, 12:09:28, CEST,mar 9 giu 2020, 12:09:58, CEST
vertx-completable-future,https://github.com/cescoffier/vertx-completable-future, 011d3cd963b9a810c2e8e616da27bbfd8a3c717e,./, VertxCompletableFutureTest,testAcceptEitherAsyncWithExecutor,test pass, mar 9 giu 2020, 12:09:58, CEST,mar 9 giu 2020, 12:10:28, CEST
vertx-completable-future,https://github.com/cescoffier/vertx-completable-future, 011d3cd963b9a810c2e8e616da27bbfd8a3c717e,./, VertxCompletableFutureTest,testAcceptEitherAsyncWithExecutor,test pass, mar 9 giu 2020, 12:10:28, CEST,mar 9 giu 2020, 12:10:59, CEST
vertx-completable-future,https://github.com/cescoffier/vertx-completable-future, 011d3cd963b9a810c2e8e616da27bbfd8a3c717e,./, VertxCompletableFutureTest,testAcceptEitherAsyncWithExecutor,test pass, mar 9 giu 2020, 12:10:59, CEST,mar 9 giu 2020, 12:11:29, CEST
vertx-completable-future,https://github.com/cescoffier/vertx-completable-future, 011d3cd963b9a810c2e8e616da27bbfd8a3c717e,./, VertxCompletableFutureTest,testAcceptEitherAsyncWithExecutor,test pass, mar 9 giu 2020, 12:11:29, CEST,mar 9 giu 2020, 12:11:59, CEST
vertx-completable-future,https://github.com/cescoffier/vertx-completable-future, 011d3cd963b9a810c2e8e616da27bbfd8a3c717e,./, VertxCompletableFutureTest,testAcceptEitherAsyncWithExecutor,test pass, mar 9 giu 2020, 12:11:59, CEST,mar 9 giu 2020, 12:12:30, CEST
vertx-completable-future,https://github.com/cescoffier/vertx-completable-future, 011d3cd963b9a810c2e8e616da27bbfd8a3c717e,./, VertxCompletableFutureTest,testAcceptEitherAsyncWithExecutor,test pass, mar 9 giu 2020, 12:12:30, CEST,mar 9 giu 2020, 12:13:00, CEST
vertx-completable-future,https://github.com/cescoffier/vertx-completable-future, 011d3cd963b9a810c2e8e616da27bbfd8a3c717e,./, VertxCompletableFutureTest,testAcceptEitherAsyncWithExecutor,test pass, mar 9 giu 2020, 12:13:00, CEST,mar 9 giu 2020, 12:13:30, CEST
vertx-completable-future,https://github.com/cescoffier/vertx-completable-future, 011d3cd963b9a810c2e8e616da27bbfd8a3c717e,./, VertxCompletableFutureTest,testAcceptEitherAsyncWithExecutor,test pass, mar 9 giu 2020, 12:13:30, CEST,mar 9 giu 2020, 12:14:01, CEST
vertx-completable-future,https://github.com/cescoffier/vertx-completable-future, 011d3cd963b9a810c2e8e616da27bbfd8a3c717e,./, VertxCompletableFutureTest,testAcceptEitherAsyncWithExecutor,test pass, mar 9 giu 2020, 12:14:01, CEST,mar 9 giu 2020, 12:14:31, CEST
vertx-completable-future,https://github.com/cescoffier/vertx-completable-future, 011d3cd963b9a810c2e8e616da27bbfd8a3c717e,./, VertxCompletableFutureTest,testAcceptEitherAsyncWithExecutor,test pass, mar 9 giu 2020, 12:14:31, CEST,mar 9 giu 2020, 12:15:02, CEST
vertx-completable-future,https://github.com/cescoffier/vertx-completable-future, 011d3cd963b9a810c2e8e616da27bbfd8a3c717e,./, VertxCompletableFutureTest,testAcceptEitherAsyncWithExecutor,test pass, mar 9 giu 2020, 12:15:02, CEST,mar 9 giu 2020, 12:15:32, CEST
vertx-completable-future,https://github.com/cescoffier/vertx-completable-future, 011d3cd963b9a810c2e8e616da27bbfd8a3c717e,./, VertxCompletableFutureTest,testAcceptEitherAsyncWithExecutor,test pass, mar 9 giu 2020, 12:15:32, CEST,mar 9 giu 2020, 12:16:02, CEST
vertx-completable-future,https://github.com/cescoffier/vertx-completable-future, 011d3cd963b9a810c2e8e616da27bbfd8a3c717e,./, VertxCompletableFutureTest,testAcceptEitherAsyncWithExecutor,test pass, mar 9 giu 2020, 12:16:02, CEST,mar 9 giu 2020, 12:16:33, CEST
vertx-completable-future,https://github.com/cescoffier/vertx-completable-future, 011d3cd963b9a810c2e8e616da27bbfd8a3c717e,./, VertxCompletableFutureTest,testAcceptEitherAsyncWithExecutor,test pass, mar 9 giu 2020, 12:16:33, CEST,mar 9 giu 2020, 12:17:03, CEST
vertx-completable-future,https://github.com/cescoffier/vertx-completable-future, 011d3cd963b9a810c2e8e616da27bbfd8a3c717e,./, VertxCompletableFutureTest,testAcceptEitherAsyncWithExecutor,test pass, mar 9 giu 2020, 12:17:03, CEST,mar 9 giu 2020, 12:17:33, CEST
vertx-completable-future,https://github.com/cescoffier/vertx-completable-future, 011d3cd963b9a810c2e8e616da27bbfd8a3c717e,./, VertxCompletableFutureTest,testAcceptEitherAsyncWithExecutor,test pass, mar 9 giu 2020, 12:17:33, CEST,mar 9 giu 2020, 12:18:03, CEST
vertx-completable-future,https://github.com/cescoffier/vertx-completable-future, 011d3cd963b9a810c2e8e616da27bbfd8a3c717e,./, VertxCompletableFutureTest,testAcceptEitherAsyncWithExecutor,test pass, mar 9 giu 2020, 12:18:03, CEST,mar 9 giu 2020, 12:18:34, CEST
vertx-completable-future,https://github.com/cescoffier/vertx-completable-future, 011d3cd963b9a810c2e8e616da27bbfd8a3c717e,./, VertxCompletableFutureTest,testAcceptEitherAsyncWithExecutor,test pass, mar 9 giu 2020, 12:18:34, CEST,mar 9 giu 2020, 12:19:04, CEST
vertx-completable-future,https://github.com/cescoffier/vertx-completable-future, 011d3cd963b9a810c2e8e616da27bbfd8a3c717e,./, VertxCompletableFutureTest,testAcceptEitherAsyncWithExecutor,test pass, mar 9 giu 2020, 12:19:04, CEST,mar 9 giu 2020, 12:19:35, CEST
vertx-completable-future,https://github.com/cescoffier/vertx-completable-future, 011d3cd963b9a810c2e8e616da27bbfd8a3c717e,./, VertxCompletableFutureTest,testAcceptEitherAsyncWithExecutor,test pass, mar 9 giu 2020, 12:19:35, CEST,mar 9 giu 2020, 12:20:05, CEST
vertx-completable-future,https://github.com/cescoffier/vertx-completable-future, 011d3cd963b9a810c2e8e616da27bbfd8a3c717e,./, VertxCompletableFutureTest,testAcceptEitherAsyncWithExecutor,test pass, mar 9 giu 2020, 12:20:05, CEST,mar 9 giu 2020, 12:20:35, CEST
vertx-completable-future,https://github.com/cescoffier/vertx-completable-future, 011d3cd963b9a810c2e8e616da27bbfd8a3c717e,./, VertxCompletableFutureTest,testAcceptEitherAsyncWithExecutor,test pass, mar 9 giu 2020, 12:20:35, CEST,mar 9 giu 2020, 12:21:05, CEST
vertx-completable-future,https://github.com/cescoffier/vertx-completable-future, 011d3cd963b9a810c2e8e616da27bbfd8a3c717e,./, VertxCompletableFutureTest,testAcceptEitherAsyncWithExecutor,test pass, mar 9 giu 2020, 12:21:05, CEST,mar 9 giu 2020, 12:21:36, CEST
vertx-completable-future,https://github.com/cescoffier/vertx-completable-future, 011d3cd963b9a810c2e8e616da27bbfd8a3c717e,./, VertxCompletableFutureTest,testAcceptEitherAsyncWithExecutor,test pass, mar 9 giu 2020, 12:21:36, CEST,mar 9 giu 2020, 12:22:06, CEST
vertx-completable-future,https://github.com/cescoffier/vertx-completable-future, 011d3cd963b9a810c2e8e616da27bbfd8a3c717e,./, VertxCompletableFutureTest,testAcceptEitherAsyncWithExecutor,test pass, mar 9 giu 2020, 12:22:06, CEST,mar 9 giu 2020, 12:22:37, CEST
vertx-completable-future,https://github.com/cescoffier/vertx-completable-future, 011d3cd963b9a810c2e8e616da27bbfd8a3c717e,./, VertxCompletableFutureTest,testAcceptEitherAsyncWithExecutor,test pass, mar 9 giu 2020, 12:22:37, CEST,mar 9 giu 2020, 12:23:07, CEST
vertx-completable-future,https://github.com/cescoffier/vertx-completable-future, 011d3cd963b9a810c2e8e616da27bbfd8a3c717e,./, VertxCompletableFutureTest,testAcceptEitherAsyncWithExecutor,test pass, mar 9 giu 2020, 12:23:07, CEST,mar 9 giu 2020, 12:23:38, CEST
vertx-completable-future,https://github.com/cescoffier/vertx-completable-future, 011d3cd963b9a810c2e8e616da27bbfd8a3c717e,./, VertxCompletableFutureTest,testAcceptEitherAsyncWithExecutor,test pass, mar 9 giu 2020, 12:23:38, CEST,mar 9 giu 2020, 12:24:08, CEST
vertx-completable-future,https://github.com/cescoffier/vertx-completable-future, 011d3cd963b9a810c2e8e616da27bbfd8a3c717e,./, VertxCompletableFutureTest,testAcceptEitherAsyncWithExecutor,test pass, mar 9 giu 2020, 12:24:08, CEST,mar 9 giu 2020, 12:24:39, CEST
vertx-completable-future,https://github.com/cescoffier/vertx-completable-future, 011d3cd963b9a810c2e8e616da27bbfd8a3c717e,./, VertxCompletableFutureTest,testAcceptEitherAsyncWithExecutor,test pass, mar 9 giu 2020, 12:24:39, CEST,mar 9 giu 2020, 12:25:10, CEST
vertx-completable-future,https://github.com/cescoffier/vertx-completable-future, 011d3cd963b9a810c2e8e616da27bbfd8a3c717e,./, VertxCompletableFutureTest,testAcceptEitherAsyncWithExecutor,test pass, mar 9 giu 2020, 12:25:10, CEST,mar 9 giu 2020, 12:25:41, CEST
vertx-completable-future,https://github.com/cescoffier/vertx-completable-future, 011d3cd963b9a810c2e8e616da27bbfd8a3c717e,./, VertxCompletableFutureTest,testAcceptEitherAsyncWithExecutor,test pass, mar 9 giu 2020, 12:25:41, CEST,mar 9 giu 2020, 12:26:11, CEST
vertx-completable-future,https://github.com/cescoffier/vertx-completable-future, 011d3cd963b9a810c2e8e616da27bbfd8a3c717e,./, VertxCompletableFutureTest,testAcceptEitherAsyncWithExecutor,test pass, mar 9 giu 2020, 12:26:11, CEST,mar 9 giu 2020, 12:26:42, CEST
vertx-completable-future,https://github.com/cescoffier/vertx-completable-future, 011d3cd963b9a810c2e8e616da27bbfd8a3c717e,./, VertxCompletableFutureTest,testAcceptEitherAsyncWithExecutor,test pass, mar 9 giu 2020, 12:26:42, CEST,mar 9 giu 2020, 12:27:12, CEST
vertx-completable-future,https://github.com/cescoffier/vertx-completable-future, 011d3cd963b9a810c2e8e616da27bbfd8a3c717e,./, VertxCompletableFutureTest,testAcceptEitherAsyncWithExecutor,test pass, mar 9 giu 2020, 12:27:12, CEST,mar 9 giu 2020, 12:27:43, CEST
vertx-completable-future,https://github.com/cescoffier/vertx-completable-future, 011d3cd963b9a810c2e8e616da27bbfd8a3c717e,./, VertxCompletableFutureTest,testAcceptEitherAsyncWithExecutor,test pass, mar 9 giu 2020, 12:27:43, CEST,mar 9 giu 2020, 12:28:14, CEST
vertx-completable-future,https://github.com/cescoffier/vertx-completable-future, 011d3cd963b9a810c2e8e616da27bbfd8a3c717e,./, VertxCompletableFutureTest,testAcceptEitherAsyncWithExecutor,test pass, mar 9 giu 2020, 12:28:14, CEST,mar 9 giu 2020, 12:28:45, CEST
vertx-completable-future,https://github.com/cescoffier/vertx-completable-future, 011d3cd963b9a810c2e8e616da27bbfd8a3c717e,./, VertxCompletableFutureTest,testAcceptEitherAsyncWithExecutor,test pass, mar 9 giu 2020, 12:28:45, CEST,mar 9 giu 2020, 12:29:16, CEST
vertx-completable-future,https://github.com/cescoffier/vertx-completable-future, 011d3cd963b9a810c2e8e616da27bbfd8a3c717e,./, VertxCompletableFutureTest,testAcceptEitherAsyncWithExecutor,test pass, mar 9 giu 2020, 12:29:16, CEST,mar 9 giu 2020, 12:29:46, CEST
vertx-completable-future,https://github.com/cescoffier/vertx-completable-future, 011d3cd963b9a810c2e8e616da27bbfd8a3c717e,./, VertxCompletableFutureTest,testAcceptEitherAsyncWithExecutor,test pass, mar 9 giu 2020, 12:29:46, CEST,mar 9 giu 2020, 12:30:17, CEST
vertx-completable-future,https://github.com/cescoffier/vertx-completable-future, 011d3cd963b9a810c2e8e616da27bbfd8a3c717e,./, VertxCompletableFutureTest,testAcceptEitherAsyncWithExecutor,test pass, mar 9 giu 2020, 12:30:17, CEST,mar 9 giu 2020, 12:30:48, CEST
vertx-completable-future,https://github.com/cescoffier/vertx-completable-future, 011d3cd963b9a810c2e8e616da27bbfd8a3c717e,./, VertxCompletableFutureTest,testAcceptEitherAsyncWithExecutor,test pass, mar 9 giu 2020, 12:30:48, CEST,mar 9 giu 2020, 12:31:20, CEST
vertx-completable-future,https://github.com/cescoffier/vertx-completable-future, 011d3cd963b9a810c2e8e616da27bbfd8a3c717e,./, VertxCompletableFutureTest,testAcceptEitherAsyncWithExecutor,test pass, mar 9 giu 2020, 12:31:20, CEST,mar 9 giu 2020, 12:31:50, CEST
vertx-completable-future,https://github.com/cescoffier/vertx-completable-future, 011d3cd963b9a810c2e8e616da27bbfd8a3c717e,./, VertxCompletableFutureTest,testAcceptEitherAsyncWithExecutor,test pass, mar 9 giu 2020, 12:31:50, CEST,mar 9 giu 2020, 12:32:21, CEST
vertx-completable-future,https://github.com/cescoffier/vertx-completable-future, 011d3cd963b9a810c2e8e616da27bbfd8a3c717e,./, VertxCompletableFutureTest,testAcceptEitherAsyncWithExecutor,test pass, mar 9 giu 2020, 12:32:21, CEST,mar 9 giu 2020, 12:32:51, CEST
vertx-completable-future,https://github.com/cescoffier/vertx-completable-future, 011d3cd963b9a810c2e8e616da27bbfd8a3c717e,./, VertxCompletableFutureTest,testAcceptEitherAsyncWithExecutor,test pass, mar 9 giu 2020, 12:32:51, CEST,mar 9 giu 2020, 12:33:22, CEST
vertx-completable-future,https://github.com/cescoffier/vertx-completable-future, 011d3cd963b9a810c2e8e616da27bbfd8a3c717e,./, VertxCompletableFutureTest,testAcceptEitherAsyncWithExecutor,test pass, mar 9 giu 2020, 12:33:22, CEST,mar 9 giu 2020, 12:33:53, CEST
vertx-completable-future,https://github.com/cescoffier/vertx-completable-future, 011d3cd963b9a810c2e8e616da27bbfd8a3c717e,./, VertxCompletableFutureTest,testAcceptEitherAsyncWithExecutor,test pass, mar 9 giu 2020, 12:33:53, CEST,mar 9 giu 2020, 12:34:24, CEST
vertx-completable-future,https://github.com/cescoffier/vertx-completable-future, 011d3cd963b9a810c2e8e616da27bbfd8a3c717e,./, VertxCompletableFutureTest,testAcceptEitherAsyncWithExecutor,test pass, mar 9 giu 2020, 12:34:24, CEST,mar 9 giu 2020, 12:34:55, CEST
vertx-completable-future,https://github.com/cescoffier/vertx-completable-future, 011d3cd963b9a810c2e8e616da27bbfd8a3c717e,./, VertxCompletableFutureTest,testAcceptEitherAsyncWithExecutor,test pass, mar 9 giu 2020, 12:34:55, CEST,mar 9 giu 2020, 12:35:25, CEST
vertx-completable-future,https://github.com/cescoffier/vertx-completable-future, 011d3cd963b9a810c2e8e616da27bbfd8a3c717e,./, VertxCompletableFutureTest,testAcceptEitherAsyncWithExecutor,test pass, mar 9 giu 2020, 12:35:25, CEST,mar 9 giu 2020, 12:35:56, CEST
vertx-completable-future,https://github.com/cescoffier/vertx-completable-future, 011d3cd963b9a810c2e8e616da27bbfd8a3c717e,./, VertxCompletableFutureTest,testAcceptEitherAsyncWithExecutor,test pass, mar 9 giu 2020, 12:35:56, CEST,mar 9 giu 2020, 12:36:27, CEST
vertx-completable-future,https://github.com/cescoffier/vertx-completable-future, 011d3cd963b9a810c2e8e616da27bbfd8a3c717e,./, VertxCompletableFutureTest,testAcceptEitherAsyncWithExecutor,test pass, mar 9 giu 2020, 12:36:27, CEST,mar 9 giu 2020, 12:36:58, CEST
vertx-completable-future,https://github.com/cescoffier/vertx-completable-future, 011d3cd963b9a810c2e8e616da27bbfd8a3c717e,./, VertxCompletableFutureTest,testAcceptEitherAsyncWithExecutor,test pass, mar 9 giu 2020, 12:36:58, CEST,mar 9 giu 2020, 12:37:28, CEST
vertx-completable-future,https://github.com/cescoffier/vertx-completable-future, 011d3cd963b9a810c2e8e616da27bbfd8a3c717e,./, VertxCompletableFutureTest,testAcceptEitherAsyncWithExecutor,test pass, mar 9 giu 2020, 12:37:28, CEST,mar 9 giu 2020, 12:38:00, CEST
vertx-completable-future,https://github.com/cescoffier/vertx-completable-future, 011d3cd963b9a810c2e8e616da27bbfd8a3c717e,./, VertxCompletableFutureTest,testAcceptEitherAsyncWithExecutor,test pass, mar 9 giu 2020, 12:38:00, CEST,mar 9 giu 2020, 12:38:30, CEST
vertx-completable-future,https://github.com/cescoffier/vertx-completable-future, 011d3cd963b9a810c2e8e616da27bbfd8a3c717e,./, VertxCompletableFutureTest,testAcceptEitherAsyncWithExecutor,test pass, mar 9 giu 2020, 12:38:30, CEST,mar 9 giu 2020, 12:39:01, CEST
vertx-completable-future,https://github.com/cescoffier/vertx-completable-future, 011d3cd963b9a810c2e8e616da27bbfd8a3c717e,./, VertxCompletableFutureTest,testAcceptEitherAsyncWithExecutor,test pass, mar 9 giu 2020, 12:39:01, CEST,mar 9 giu 2020, 12:39:33, CEST
vertx-completable-future,https://github.com/cescoffier/vertx-completable-future, 011d3cd963b9a810c2e8e616da27bbfd8a3c717e,./, VertxCompletableFutureTest,testAcceptEitherAsyncWithExecutor,test pass, mar 9 giu 2020, 12:39:33, CEST,mar 9 giu 2020, 12:40:03, CEST
vertx-completable-future,https://github.com/cescoffier/vertx-completable-future, 011d3cd963b9a810c2e8e616da27bbfd8a3c717e,./, VertxCompletableFutureTest,testAcceptEitherAsyncWithExecutor,test pass, mar 9 giu 2020, 12:40:03, CEST,mar 9 giu 2020, 12:40:34, CEST
vertx-completable-future,https://github.com/cescoffier/vertx-completable-future, 011d3cd963b9a810c2e8e616da27bbfd8a3c717e,./, VertxCompletableFutureTest,testAcceptEitherAsyncWithExecutor,test pass, mar 9 giu 2020, 12:40:34, CEST,mar 9 giu 2020, 12:41:05, CEST
vertx-completable-future,https://github.com/cescoffier/vertx-completable-future, 011d3cd963b9a810c2e8e616da27bbfd8a3c717e,./, VertxCompletableFutureTest,testAcceptEitherAsyncWithExecutor,test pass, mar 9 giu 2020, 12:41:05, CEST,mar 9 giu 2020, 12:41:36, CEST
vertx-completable-future,https://github.com/cescoffier/vertx-completable-future, 011d3cd963b9a810c2e8e616da27bbfd8a3c717e,./, VertxCompletableFutureTest,testAcceptEitherAsyncWithExecutor,test pass, mar 9 giu 2020, 12:41:36, CEST,mar 9 giu 2020, 12:42:07, CEST
vertx-completable-future,https://github.com/cescoffier/vertx-completable-future, 011d3cd963b9a810c2e8e616da27bbfd8a3c717e,./, VertxCompletableFutureTest,testAcceptEitherAsyncWithExecutor,test pass, mar 9 giu 2020, 12:42:07, CEST,mar 9 giu 2020, 12:42:37, CEST
vertx-completable-future,https://github.com/cescoffier/vertx-completable-future, 011d3cd963b9a810c2e8e616da27bbfd8a3c717e,./, VertxCompletableFutureTest,testAcceptEitherAsyncWithExecutor,test pass, mar 9 giu 2020, 12:42:37, CEST,mar 9 giu 2020, 12:43:08, CEST
vertx-completable-future,https://github.com/cescoffier/vertx-completable-future, 011d3cd963b9a810c2e8e616da27bbfd8a3c717e,./, VertxCompletableFutureTest,testAcceptEitherAsyncWithExecutor,test pass, mar 9 giu 2020, 12:43:08, CEST,mar 9 giu 2020, 12:43:39, CEST
vertx-completable-future,https://github.com/cescoffier/vertx-completable-future, 011d3cd963b9a810c2e8e616da27bbfd8a3c717e,./, VertxCompletableFutureTest,testAcceptEitherAsyncWithExecutor,test pass, mar 9 giu 2020, 12:43:39, CEST,mar 9 giu 2020, 12:44:10, CEST
vertx-completable-future,https://github.com/cescoffier/vertx-completable-future, 011d3cd963b9a810c2e8e616da27bbfd8a3c717e,./, VertxCompletableFutureTest,testAcceptEitherAsyncWithExecutor,test pass, mar 9 giu 2020, 12:44:10, CEST,mar 9 giu 2020, 12:44:40, CEST
vertx-completable-future,https://github.com/cescoffier/vertx-completable-future, 011d3cd963b9a810c2e8e616da27bbfd8a3c717e,./, VertxCompletableFutureTest,testAcceptEitherAsyncWithExecutor,test pass, mar 9 giu 2020, 12:44:40, CEST,mar 9 giu 2020, 12:45:10, CEST
vertx-completable-future,https://github.com/cescoffier/vertx-completable-future, 011d3cd963b9a810c2e8e616da27bbfd8a3c717e,./, VertxCompletableFutureTest,testAcceptEitherAsyncWithExecutor,test pass, mar 9 giu 2020, 12:45:10, CEST,mar 9 giu 2020, 12:45:41, CEST
vertx-completable-future,https://github.com/cescoffier/vertx-completable-future, 011d3cd963b9a810c2e8e616da27bbfd8a3c717e,./, VertxCompletableFutureTest,testAcceptEitherAsyncWithExecutor,test pass, mar 9 giu 2020, 12:45:41, CEST,mar 9 giu 2020, 12:46:11, CEST
vertx-completable-future,https://github.com/cescoffier/vertx-completable-future, 011d3cd963b9a810c2e8e616da27bbfd8a3c717e,./, VertxCompletableFutureTest,testAcceptEitherAsyncWithExecutor,test pass, mar 9 giu 2020, 12:46:11, CEST,mar 9 giu 2020, 12:46:42, CEST
vertx-completable-future,https://github.com/cescoffier/vertx-completable-future, 011d3cd963b9a810c2e8e616da27bbfd8a3c717e,./, VertxCompletableFutureTest,testAcceptEitherAsyncWithExecutor,test pass, mar 9 giu 2020, 12:46:42, CEST,mar 9 giu 2020, 12:47:13, CEST
vertx-completable-future,https://github.com/cescoffier/vertx-completable-future, 011d3cd963b9a810c2e8e616da27bbfd8a3c717e,./, VertxCompletableFutureTest,testAcceptEitherAsyncWithExecutor,test pass, mar 9 giu 2020, 12:47:13, CEST,mar 9 giu 2020, 12:47:44, CEST
vertx-completable-future,https://github.com/cescoffier/vertx-completable-future, 011d3cd963b9a810c2e8e616da27bbfd8a3c717e,./, VertxCompletableFutureTest,testAcceptEitherAsyncWithExecutor,test pass, mar 9 giu 2020, 12:47:44, CEST,mar 9 giu 2020, 12:48:14, CEST
vertx-completable-future,https://github.com/cescoffier/vertx-completable-future, 011d3cd963b9a810c2e8e616da27bbfd8a3c717e,./, VertxCompletableFutureTest,testAcceptEitherAsyncWithExecutor,test pass, mar 9 giu 2020, 12:48:14, CEST,mar 9 giu 2020, 12:48:44, CEST
vertx-completable-future,https://github.com/cescoffier/vertx-completable-future, 011d3cd963b9a810c2e8e616da27bbfd8a3c717e,./, VertxCompletableFutureTest,testAcceptEitherAsyncWithExecutor,test pass, mar 9 giu 2020, 12:48:44, CEST,mar 9 giu 2020, 12:49:15, CEST
vertx-completable-future,https://github.com/cescoffier/vertx-completable-future, 011d3cd963b9a810c2e8e616da27bbfd8a3c717e,./, VertxCompletableFutureTest,testAcceptEitherAsyncWithExecutor,test pass, mar 9 giu 2020, 12:49:15, CEST,mar 9 giu 2020, 12:49:46, CEST
vertx-completable-future,https://github.com/cescoffier/vertx-completable-future, 011d3cd963b9a810c2e8e616da27bbfd8a3c717e,./, VertxCompletableFutureTest,testAcceptEitherAsyncWithExecutor,test pass, mar 9 giu 2020, 12:49:46, CEST,mar 9 giu 2020, 12:50:17, CEST
vertx-completable-future,https://github.com/cescoffier/vertx-completable-future, 011d3cd963b9a810c2e8e616da27bbfd8a3c717e,./, VertxCompletableFutureTest,testAcceptEitherAsyncWithExecutor,test pass, mar 9 giu 2020, 12:50:17, CEST,mar 9 giu 2020, 12:50:48, CEST
vertx-completable-future,https://github.com/cescoffier/vertx-completable-future, 011d3cd963b9a810c2e8e616da27bbfd8a3c717e,./, VertxCompletableFutureTest,testAcceptEitherAsyncWithExecutor,test pass, mar 9 giu 2020, 12:50:48, CEST,mar 9 giu 2020, 12:51:19, CEST
vertx-completable-future,https://github.com/cescoffier/vertx-completable-future, 011d3cd963b9a810c2e8e616da27bbfd8a3c717e,./, VertxCompletableFutureTest,testAcceptEitherAsyncWithExecutor,test pass, mar 9 giu 2020, 12:51:19, CEST,mar 9 giu 2020, 12:51:50, CEST
vertx-completable-future,https://github.com/cescoffier/vertx-completable-future, 011d3cd963b9a810c2e8e616da27bbfd8a3c717e,./, VertxCompletableFutureTest,testAcceptEitherAsyncWithExecutor,test pass, mar 9 giu 2020, 12:51:50, CEST,mar 9 giu 2020, 12:52:20, CEST
vertx-completable-future,https://github.com/cescoffier/vertx-completable-future, 011d3cd963b9a810c2e8e616da27bbfd8a3c717e,./, VertxCompletableFutureTest,testAcceptEitherAsyncWithExecutor,test pass, mar 9 giu 2020, 12:52:20, CEST,mar 9 giu 2020, 12:52:51, CEST
vertx-completable-future,https://github.com/cescoffier/vertx-completable-future, 011d3cd963b9a810c2e8e616da27bbfd8a3c717e,./, VertxCompletableFutureTest,testAcceptEitherAsyncWithExecutor,test pass, mar 9 giu 2020, 12:52:51, CEST,mar 9 giu 2020, 12:53:22, CEST
vertx-completable-future,https://github.com/cescoffier/vertx-completable-future, 011d3cd963b9a810c2e8e616da27bbfd8a3c717e,./, VertxCompletableFutureTest,testAcceptEitherAsyncWithExecutor,test pass, mar 9 giu 2020, 12:53:22, CEST,mar 9 giu 2020, 12:53:52, CEST
vertx-completable-future,https://github.com/cescoffier/vertx-completable-future, 011d3cd963b9a810c2e8e616da27bbfd8a3c717e,./, VertxCompletableFutureTest,testAcceptEitherAsyncWithExecutor,test pass, mar 9 giu 2020, 12:53:52, CEST,mar 9 giu 2020, 12:54:22, CEST
vertx-completable-future,https://github.com/cescoffier/vertx-completable-future, 011d3cd963b9a810c2e8e616da27bbfd8a3c717e,./, VertxCompletableFutureTest,testAcceptEitherAsyncWithExecutor,test pass, mar 9 giu 2020, 12:54:22, CEST,mar 9 giu 2020, 12:54:53, CEST
vertx-completable-future,https://github.com/cescoffier/vertx-completable-future, 011d3cd963b9a810c2e8e616da27bbfd8a3c717e,./, VertxCompletableFutureTest,testAcceptEitherAsyncWithExecutor,test pass, mar 9 giu 2020, 12:54:53, CEST,mar 9 giu 2020, 12:55:23, CEST
vertx-completable-future,https://github.com/cescoffier/vertx-completable-future, 011d3cd963b9a810c2e8e616da27bbfd8a3c717e,./, VertxCompletableFutureTest,testAcceptEitherAsyncWithExecutor,test pass, mar 9 giu 2020, 12:55:23, CEST,mar 9 giu 2020, 12:55:53, CEST
vertx-completable-future,https://github.com/cescoffier/vertx-completable-future, 011d3cd963b9a810c2e8e616da27bbfd8a3c717e,./, VertxCompletableFutureTest,testAcceptEitherAsyncWithExecutor,test pass, mar 9 giu 2020, 12:55:53, CEST,mar 9 giu 2020, 12:56:23, CEST
vertx-completable-future,https://github.com/cescoffier/vertx-completable-future, 011d3cd963b9a810c2e8e616da27bbfd8a3c717e,./, VertxCompletableFutureTest,testAcceptEitherAsyncWithExecutor,test pass, mar 9 giu 2020, 12:56:23, CEST,mar 9 giu 2020, 12:56:54, CEST
vertx-completable-future,https://github.com/cescoffier/vertx-completable-future, 011d3cd963b9a810c2e8e616da27bbfd8a3c717e,./, VertxCompletableFutureTest,testAcceptEitherAsyncWithExecutor,test pass, mar 9 giu 2020, 12:56:54, CEST,mar 9 giu 2020, 12:57:24, CEST
vertx-completable-future,https://github.com/cescoffier/vertx-completable-future, 011d3cd963b9a810c2e8e616da27bbfd8a3c717e,./, VertxCompletableFutureTest,testAcceptEitherAsyncWithExecutor,test pass, mar 9 giu 2020, 12:57:24, CEST,mar 9 giu 2020, 12:57:54, CEST
vertx-completable-future,https://github.com/cescoffier/vertx-completable-future, 011d3cd963b9a810c2e8e616da27bbfd8a3c717e,./, VertxCompletableFutureTest,testAcceptEitherAsyncWithExecutor,test pass, mar 9 giu 2020, 12:57:54, CEST,mar 9 giu 2020, 12:58:24, CEST
vertx-completable-future,https://github.com/cescoffier/vertx-completable-future, 011d3cd963b9a810c2e8e616da27bbfd8a3c717e,./, VertxCompletableFutureTest,testAcceptEitherAsyncWithExecutor,test pass, mar 9 giu 2020, 12:58:24, CEST,mar 9 giu 2020, 12:58:55, CEST
vertx-completable-future,https://github.com/cescoffier/vertx-completable-future, 011d3cd963b9a810c2e8e616da27bbfd8a3c717e,./, VertxCompletableFutureTest,testAcceptEitherAsyncWithExecutor,test pass, mar 9 giu 2020, 12:58:55, CEST,mar 9 giu 2020, 12:59:25, CEST
vertx-completable-future,https://github.com/cescoffier/vertx-completable-future, 011d3cd963b9a810c2e8e616da27bbfd8a3c717e,./, VertxCompletableFutureTest,testAcceptEitherAsyncWithExecutor,test pass, mar 9 giu 2020, 12:59:25, CEST,mar 9 giu 2020, 12:59:55, CEST
vertx-completable-future,https://github.com/cescoffier/vertx-completable-future, 011d3cd963b9a810c2e8e616da27bbfd8a3c717e,./, VertxCompletableFutureTest,testAcceptEitherAsyncWithExecutor,test pass, mar 9 giu 2020, 12:59:55, CEST,mar 9 giu 2020, 13:00:26, CEST
vertx-completable-future,https://github.com/cescoffier/vertx-completable-future, 011d3cd963b9a810c2e8e616da27bbfd8a3c717e,./, VertxCompletableFutureTest,testAcceptEitherAsyncWithExecutor,test pass, mar 9 giu 2020, 13:00:26, CEST,mar 9 giu 2020, 13:00:56, CEST
vertx-completable-future,https://github.com/cescoffier/vertx-completable-future, 011d3cd963b9a810c2e8e616da27bbfd8a3c717e,./, VertxCompletableFutureTest,testAcceptEitherAsyncWithExecutor,test pass, mar 9 giu 2020, 13:00:56, CEST,mar 9 giu 2020, 13:01:26, CEST
vertx-completable-future,https://github.com/cescoffier/vertx-completable-future, 011d3cd963b9a810c2e8e616da27bbfd8a3c717e,./, VertxCompletableFutureTest,testAcceptEitherAsyncWithExecutor,test pass, mar 9 giu 2020, 13:01:26, CEST,mar 9 giu 2020, 13:01:57, CEST
vertx-completable-future,https://github.com/cescoffier/vertx-completable-future, 011d3cd963b9a810c2e8e616da27bbfd8a3c717e,./, VertxCompletableFutureTest,testAcceptEitherAsyncWithExecutor,test pass, mar 9 giu 2020, 13:01:57, CEST,mar 9 giu 2020, 13:02:27, CEST
vertx-completable-future,https://github.com/cescoffier/vertx-completable-future, 011d3cd963b9a810c2e8e616da27bbfd8a3c717e,./, VertxCompletableFutureTest,testAcceptEitherAsyncWithExecutor,test pass, mar 9 giu 2020, 13:02:27, CEST,mar 9 giu 2020, 13:02:57, CEST
vertx-completable-future,https://github.com/cescoffier/vertx-completable-future, 011d3cd963b9a810c2e8e616da27bbfd8a3c717e,./, VertxCompletableFutureTest,testAcceptEitherAsyncWithExecutor,test pass, mar 9 giu 2020, 13:02:57, CEST,mar 9 giu 2020, 13:03:28, CEST
vertx-completable-future,https://github.com/cescoffier/vertx-completable-future, 011d3cd963b9a810c2e8e616da27bbfd8a3c717e,./, VertxCompletableFutureTest,testAcceptEitherAsyncWithExecutor,test pass, mar 9 giu 2020, 13:03:28, CEST,mar 9 giu 2020, 13:03:58, CEST
vertx-completable-future,https://github.com/cescoffier/vertx-completable-future, 011d3cd963b9a810c2e8e616da27bbfd8a3c717e,./, VertxCompletableFutureTest,testAcceptEitherAsyncWithExecutor,test pass, mar 9 giu 2020, 13:03:58, CEST,mar 9 giu 2020, 13:04:28, CEST
vertx-completable-future,https://github.com/cescoffier/vertx-completable-future, 011d3cd963b9a810c2e8e616da27bbfd8a3c717e,./, VertxCompletableFutureTest,testAcceptEitherAsyncWithExecutor,test pass, mar 9 giu 2020, 13:04:28, CEST,mar 9 giu 2020, 13:04:59, CEST
vertx-completable-future,https://github.com/cescoffier/vertx-completable-future, 011d3cd963b9a810c2e8e616da27bbfd8a3c717e,./, VertxCompletableFutureTest,testAcceptEitherAsyncWithExecutor,test pass, mar 9 giu 2020, 13:04:59, CEST,mar 9 giu 2020, 13:05:29, CEST
vertx-completable-future,https://github.com/cescoffier/vertx-completable-future, 011d3cd963b9a810c2e8e616da27bbfd8a3c717e,./, VertxCompletableFutureTest,testAcceptEitherAsyncWithExecutor,test pass, mar 9 giu 2020, 13:05:29, CEST,mar 9 giu 2020, 13:06:00, CEST
vertx-completable-future,https://github.com/cescoffier/vertx-completable-future, 011d3cd963b9a810c2e8e616da27bbfd8a3c717e,./, VertxCompletableFutureTest,testAcceptEitherAsyncWithExecutor,test pass, mar 9 giu 2020, 13:06:00, CEST,mar 9 giu 2020, 13:06:30, CEST
vertx-completable-future,https://github.com/cescoffier/vertx-completable-future, 011d3cd963b9a810c2e8e616da27bbfd8a3c717e,./, VertxCompletableFutureTest,testAcceptEitherAsyncWithExecutor,test pass, mar 9 giu 2020, 13:06:30, CEST,mar 9 giu 2020, 13:07:00, CEST
vertx-completable-future,https://github.com/cescoffier/vertx-completable-future, 011d3cd963b9a810c2e8e616da27bbfd8a3c717e,./, VertxCompletableFutureTest,testAcceptEitherAsyncWithExecutor,test pass, mar 9 giu 2020, 13:07:00, CEST,mar 9 giu 2020, 13:07:31, CEST
vertx-completable-future,https://github.com/cescoffier/vertx-completable-future, 011d3cd963b9a810c2e8e616da27bbfd8a3c717e,./, VertxCompletableFutureTest,testAcceptEitherAsyncWithExecutor,test pass, mar 9 giu 2020, 13:07:31, CEST,mar 9 giu 2020, 13:08:01, CEST
vertx-completable-future,https://github.com/cescoffier/vertx-completable-future, 011d3cd963b9a810c2e8e616da27bbfd8a3c717e,./, VertxCompletableFutureTest,testAcceptEitherAsyncWithExecutor,test pass, mar 9 giu 2020, 13:08:01, CEST,mar 9 giu 2020, 13:08:31, CEST
vertx-completable-future,https://github.com/cescoffier/vertx-completable-future, 011d3cd963b9a810c2e8e616da27bbfd8a3c717e,./, VertxCompletableFutureTest,testAcceptEitherAsyncWithExecutor,test pass, mar 9 giu 2020, 13:08:31, CEST,mar 9 giu 2020, 13:09:02, CEST
vertx-completable-future,https://github.com/cescoffier/vertx-completable-future, 011d3cd963b9a810c2e8e616da27bbfd8a3c717e,./, VertxCompletableFutureTest,testAcceptEitherAsyncWithExecutor,test pass, mar 9 giu 2020, 13:09:02, CEST,mar 9 giu 2020, 13:09:32, CEST
vertx-completable-future,https://github.com/cescoffier/vertx-completable-future, 011d3cd963b9a810c2e8e616da27bbfd8a3c717e,./, VertxCompletableFutureTest,testAcceptEitherAsyncWithExecutor,test pass, mar 9 giu 2020, 13:09:32, CEST,mar 9 giu 2020, 13:10:02, CEST
vertx-completable-future,https://github.com/cescoffier/vertx-completable-future, 011d3cd963b9a810c2e8e616da27bbfd8a3c717e,./, VertxCompletableFutureTest,testAcceptEitherAsyncWithExecutor,test pass, mar 9 giu 2020, 13:10:02, CEST,mar 9 giu 2020, 13:10:33, CEST
vertx-completable-future,https://github.com/cescoffier/vertx-completable-future, 011d3cd963b9a810c2e8e616da27bbfd8a3c717e,./, VertxCompletableFutureTest,testAcceptEitherAsyncWithExecutor,test pass, mar 9 giu 2020, 13:10:33, CEST,mar 9 giu 2020, 13:11:03, CEST
vertx-completable-future,https://github.com/cescoffier/vertx-completable-future, 011d3cd963b9a810c2e8e616da27bbfd8a3c717e,./, VertxCompletableFutureTest,testAcceptEitherAsyncWithExecutor,test pass, mar 9 giu 2020, 13:11:03, CEST,mar 9 giu 2020, 13:11:33, CEST
vertx-completable-future,https://github.com/cescoffier/vertx-completable-future, 011d3cd963b9a810c2e8e616da27bbfd8a3c717e,./, VertxCompletableFutureTest,testAcceptEitherAsyncWithExecutor,test pass, mar 9 giu 2020, 13:11:33, CEST,mar 9 giu 2020, 13:12:04, CEST
vertx-completable-future,https://github.com/cescoffier/vertx-completable-future, 011d3cd963b9a810c2e8e616da27bbfd8a3c717e,./, VertxCompletableFutureTest,testAcceptEitherAsyncWithExecutor,test pass, mar 9 giu 2020, 13:12:04, CEST,mar 9 giu 2020, 13:12:34, CEST
vertx-completable-future,https://github.com/cescoffier/vertx-completable-future, 011d3cd963b9a810c2e8e616da27bbfd8a3c717e,./, VertxCompletableFutureTest,testAcceptEitherAsyncWithExecutor,test pass, mar 9 giu 2020, 13:12:34, CEST,mar 9 giu 2020, 13:13:04, CEST
vertx-completable-future,https://github.com/cescoffier/vertx-completable-future, 011d3cd963b9a810c2e8e616da27bbfd8a3c717e,./, VertxCompletableFutureTest,testAcceptEitherAsyncWithExecutor,test pass, mar 9 giu 2020, 13:13:04, CEST,mar 9 giu 2020, 13:13:34, CEST
vertx-completable-future,https://github.com/cescoffier/vertx-completable-future, 011d3cd963b9a810c2e8e616da27bbfd8a3c717e,./, VertxCompletableFutureTest,testAcceptEitherAsyncWithExecutor,test pass, mar 9 giu 2020, 13:13:34, CEST,mar 9 giu 2020, 13:14:05, CEST
vertx-completable-future,https://github.com/cescoffier/vertx-completable-future, 011d3cd963b9a810c2e8e616da27bbfd8a3c717e,./, VertxCompletableFutureTest,testAcceptEitherAsyncWithExecutor,test pass, mar 9 giu 2020, 13:14:05, CEST,mar 9 giu 2020, 13:14:35, CEST
vertx-completable-future,https://github.com/cescoffier/vertx-completable-future, 011d3cd963b9a810c2e8e616da27bbfd8a3c717e,./, VertxCompletableFutureTest,testAcceptEitherAsyncWithExecutor,test pass, mar 9 giu 2020, 13:14:35, CEST,mar 9 giu 2020, 13:15:05, CEST
vertx-completable-future,https://github.com/cescoffier/vertx-completable-future, 011d3cd963b9a810c2e8e616da27bbfd8a3c717e,./, VertxCompletableFutureTest,testAcceptEitherAsyncWithExecutor,test pass, mar 9 giu 2020, 13:15:05, CEST,mar 9 giu 2020, 13:15:36, CEST
vertx-completable-future,https://github.com/cescoffier/vertx-completable-future, 011d3cd963b9a810c2e8e616da27bbfd8a3c717e,./, VertxCompletableFutureTest,testAcceptEitherAsyncWithExecutor,test pass, mar 9 giu 2020, 13:15:36, CEST,mar 9 giu 2020, 13:16:06, CEST
vertx-completable-future,https://github.com/cescoffier/vertx-completable-future, 011d3cd963b9a810c2e8e616da27bbfd8a3c717e,./, VertxCompletableFutureTest,testAcceptEitherAsyncWithExecutor,test pass, mar 9 giu 2020, 13:16:06, CEST,mar 9 giu 2020, 13:16:36, CEST
vertx-completable-future,https://github.com/cescoffier/vertx-completable-future, 011d3cd963b9a810c2e8e616da27bbfd8a3c717e,./, VertxCompletableFutureTest,testAcceptEitherAsyncWithExecutor,test pass, mar 9 giu 2020, 13:16:36, CEST,mar 9 giu 2020, 13:17:07, CEST
vertx-completable-future,https://github.com/cescoffier/vertx-completable-future, 011d3cd963b9a810c2e8e616da27bbfd8a3c717e,./, VertxCompletableFutureTest,testAcceptEitherAsyncWithExecutor,test pass, mar 9 giu 2020, 13:17:07, CEST,mar 9 giu 2020, 13:17:37, CEST
vertx-completable-future,https://github.com/cescoffier/vertx-completable-future, 011d3cd963b9a810c2e8e616da27bbfd8a3c717e,./, VertxCompletableFutureTest,testAcceptEitherAsyncWithExecutor,test pass, mar 9 giu 2020, 13:17:37, CEST,mar 9 giu 2020, 13:18:07, CEST
vertx-completable-future,https://github.com/cescoffier/vertx-completable-future, 011d3cd963b9a810c2e8e616da27bbfd8a3c717e,./, VertxCompletableFutureTest,testAcceptEitherAsyncWithExecutor,test pass, mar 9 giu 2020, 13:18:07, CEST,mar 9 giu 2020, 13:18:38, CEST
vertx-completable-future,https://github.com/cescoffier/vertx-completable-future, 011d3cd963b9a810c2e8e616da27bbfd8a3c717e,./, VertxCompletableFutureTest,testAcceptEitherAsyncWithExecutor,test pass, mar 9 giu 2020, 13:18:38, CEST,mar 9 giu 2020, 13:19:08, CEST
vertx-completable-future,https://github.com/cescoffier/vertx-completable-future, 011d3cd963b9a810c2e8e616da27bbfd8a3c717e,./, VertxCompletableFutureTest,testAcceptEitherAsyncWithExecutor,test pass, mar 9 giu 2020, 13:19:08, CEST,mar 9 giu 2020, 13:19:38, CEST
vertx-completable-future,https://github.com/cescoffier/vertx-completable-future, 011d3cd963b9a810c2e8e616da27bbfd8a3c717e,./, VertxCompletableFutureTest,testAcceptEitherAsyncWithExecutor,test pass, mar 9 giu 2020, 13:19:38, CEST,mar 9 giu 2020, 13:20:09, CEST
vertx-completable-future,https://github.com/cescoffier/vertx-completable-future, 011d3cd963b9a810c2e8e616da27bbfd8a3c717e,./, VertxCompletableFutureTest,testAcceptEitherAsyncWithExecutor,test pass, mar 9 giu 2020, 13:20:09, CEST,mar 9 giu 2020, 13:20:39, CEST
vertx-completable-future,https://github.com/cescoffier/vertx-completable-future, 011d3cd963b9a810c2e8e616da27bbfd8a3c717e,./, VertxCompletableFutureTest,testAcceptEitherAsyncWithExecutor,test pass, mar 9 giu 2020, 13:20:39, CEST,mar 9 giu 2020, 13:21:09, CEST
vertx-completable-future,https://github.com/cescoffier/vertx-completable-future, 011d3cd963b9a810c2e8e616da27bbfd8a3c717e,./, VertxCompletableFutureTest,testAcceptEitherAsyncWithExecutor,test pass, mar 9 giu 2020, 13:21:09, CEST,mar 9 giu 2020, 13:21:40, CEST
vertx-completable-future,https://github.com/cescoffier/vertx-completable-future, 011d3cd963b9a810c2e8e616da27bbfd8a3c717e,./, VertxCompletableFutureTest,testAcceptEitherAsyncWithExecutor,test pass, mar 9 giu 2020, 13:21:40, CEST,mar 9 giu 2020, 13:22:10, CEST
vertx-completable-future,https://github.com/cescoffier/vertx-completable-future, 011d3cd963b9a810c2e8e616da27bbfd8a3c717e,./, VertxCompletableFutureTest,testAcceptEitherAsyncWithExecutor,test pass, mar 9 giu 2020, 13:22:10, CEST,mar 9 giu 2020, 13:22:40, CEST
vertx-completable-future,https://github.com/cescoffier/vertx-completable-future, 011d3cd963b9a810c2e8e616da27bbfd8a3c717e,./, VertxCompletableFutureTest,testAcceptEitherAsyncWithExecutor,test pass, mar 9 giu 2020, 13:22:40, CEST,mar 9 giu 2020, 13:23:11, CEST
vertx-completable-future,https://github.com/cescoffier/vertx-completable-future, 011d3cd963b9a810c2e8e616da27bbfd8a3c717e,./, VertxCompletableFutureTest,testAcceptEitherAsyncWithExecutor,test pass, mar 9 giu 2020, 13:23:11, CEST,mar 9 giu 2020, 13:23:41, CEST
vertx-completable-future,https://github.com/cescoffier/vertx-completable-future, 011d3cd963b9a810c2e8e616da27bbfd8a3c717e,./, VertxCompletableFutureTest,testAcceptEitherAsyncWithExecutor,test pass, mar 9 giu 2020, 13:23:41, CEST,mar 9 giu 2020, 13:24:12, CEST
vertx-completable-future,https://github.com/cescoffier/vertx-completable-future, 011d3cd963b9a810c2e8e616da27bbfd8a3c717e,./, VertxCompletableFutureTest,testAcceptEitherAsyncWithExecutor,test pass, mar 9 giu 2020, 13:24:12, CEST,mar 9 giu 2020, 13:24:42, CEST
vertx-completable-future,https://github.com/cescoffier/vertx-completable-future, 011d3cd963b9a810c2e8e616da27bbfd8a3c717e,./, VertxCompletableFutureTest,testAcceptEitherAsyncWithExecutor,test pass, mar 9 giu 2020, 13:24:42, CEST,mar 9 giu 2020, 13:25:12, CEST
vertx-completable-future,https://github.com/cescoffier/vertx-completable-future, 011d3cd963b9a810c2e8e616da27bbfd8a3c717e,./, VertxCompletableFutureTest,testAcceptEitherAsyncWithExecutor,test pass, mar 9 giu 2020, 13:25:12, CEST,mar 9 giu 2020, 13:25:42, CEST
vertx-completable-future,https://github.com/cescoffier/vertx-completable-future, 011d3cd963b9a810c2e8e616da27bbfd8a3c717e,./, VertxCompletableFutureTest,testAcceptEitherAsyncWithExecutor,test pass, mar 9 giu 2020, 13:25:42, CEST,mar 9 giu 2020, 13:26:13, CEST
vertx-completable-future,https://github.com/cescoffier/vertx-completable-future, 011d3cd963b9a810c2e8e616da27bbfd8a3c717e,./, VertxCompletableFutureTest,testAcceptEitherAsyncWithExecutor,test pass, mar 9 giu 2020, 13:26:13, CEST,mar 9 giu 2020, 13:26:43, CEST
vertx-completable-future,https://github.com/cescoffier/vertx-completable-future, 011d3cd963b9a810c2e8e616da27bbfd8a3c717e,./, VertxCompletableFutureTest,testAcceptEitherAsyncWithExecutor,test pass, mar 9 giu 2020, 13:26:43, CEST,mar 9 giu 2020, 13:27:13, CEST
vertx-completable-future,https://github.com/cescoffier/vertx-completable-future, 011d3cd963b9a810c2e8e616da27bbfd8a3c717e,./, VertxCompletableFutureTest,testAcceptEitherAsyncWithExecutor,test pass, mar 9 giu 2020, 13:27:13, CEST,mar 9 giu 2020, 13:27:44, CEST
vertx-completable-future,https://github.com/cescoffier/vertx-completable-future, 011d3cd963b9a810c2e8e616da27bbfd8a3c717e,./, VertxCompletableFutureTest,testAcceptEitherAsyncWithExecutor,test pass, mar 9 giu 2020, 13:27:44, CEST,mar 9 giu 2020, 13:28:15, CEST
vertx-completable-future,https://github.com/cescoffier/vertx-completable-future, 011d3cd963b9a810c2e8e616da27bbfd8a3c717e,./, VertxCompletableFutureTest,testAcceptEitherAsyncWithExecutor,test pass, mar 9 giu 2020, 13:28:15, CEST,mar 9 giu 2020, 13:28:45, CEST
vertx-completable-future,https://github.com/cescoffier/vertx-completable-future, 011d3cd963b9a810c2e8e616da27bbfd8a3c717e,./, VertxCompletableFutureTest,testAcceptEitherAsyncWithExecutor,test pass, mar 9 giu 2020, 13:28:45, CEST,mar 9 giu 2020, 13:29:15, CEST
vertx-completable-future,https://github.com/cescoffier/vertx-completable-future, 011d3cd963b9a810c2e8e616da27bbfd8a3c717e,./, VertxCompletableFutureTest,testAcceptEitherAsyncWithExecutor,test pass, mar 9 giu 2020, 13:29:15, CEST,mar 9 giu 2020, 13:29:45, CEST
vertx-completable-future,https://github.com/cescoffier/vertx-completable-future, 011d3cd963b9a810c2e8e616da27bbfd8a3c717e,./, VertxCompletableFutureTest,testAcceptEitherAsyncWithExecutor,test pass, mar 9 giu 2020, 13:29:46, CEST,mar 9 giu 2020, 13:30:16, CEST
vertx-completable-future,https://github.com/cescoffier/vertx-completable-future, 011d3cd963b9a810c2e8e616da27bbfd8a3c717e,./, VertxCompletableFutureTest,testAcceptEitherAsyncWithExecutor,test pass, mar 9 giu 2020, 13:30:16, CEST,mar 9 giu 2020, 13:30:46, CEST
vertx-completable-future,https://github.com/cescoffier/vertx-completable-future, 011d3cd963b9a810c2e8e616da27bbfd8a3c717e,./, VertxCompletableFutureTest,testAcceptEitherAsyncWithExecutor,test pass, mar 9 giu 2020, 13:30:46, CEST,mar 9 giu 2020, 13:31:17, CEST
vertx-completable-future,https://github.com/cescoffier/vertx-completable-future, 011d3cd963b9a810c2e8e616da27bbfd8a3c717e,./, VertxCompletableFutureTest,testAcceptEitherAsyncWithExecutor,test pass, mar 9 giu 2020, 13:31:17, CEST,mar 9 giu 2020, 13:31:47, CEST
vertx-completable-future,https://github.com/cescoffier/vertx-completable-future, 011d3cd963b9a810c2e8e616da27bbfd8a3c717e,./, VertxCompletableFutureTest,testAcceptEitherAsyncWithExecutor,test pass, mar 9 giu 2020, 13:31:47, CEST,mar 9 giu 2020, 13:32:17, CEST
vertx-completable-future,https://github.com/cescoffier/vertx-completable-future, 011d3cd963b9a810c2e8e616da27bbfd8a3c717e,./, VertxCompletableFutureTest,testAcceptEitherAsyncWithExecutor,test pass, mar 9 giu 2020, 13:32:17, CEST,mar 9 giu 2020, 13:32:48, CEST
